## 15u8
#![allow(unused_imports)]
#![allow(non_camel_case_types)]
#![allow(non_snake_case)]
#![allow(dead_code)]
#![allow(unsafe_op_in_unsafe_fn)]
#![cfg_attr(rustfmt, rustfmt::skip)]

mod codegen_tests;
pub mod api_helper;

use doodle::prelude::*;
use doodle::try_sub;

/// d#0
fn Decoder0(input: &mut Parser<'_>) -> Result<u8, ParseError> {
Decoder1(input)
}

/// d#1
fn Decoder1(_input: &mut Parser<'_>) -> Result<u8, ParseError> {
PResult::Ok(15u8)
}





## absu8 (absu8 195u8 /u8 190u8)
#![allow(unused_imports)]
#![allow(non_camel_case_types)]
#![allow(non_snake_case)]
#![allow(dead_code)]
#![allow(unsafe_op_in_unsafe_fn)]
#![cfg_attr(rustfmt, rustfmt::skip)]

mod codegen_tests;
pub mod api_helper;

use doodle::prelude::*;
use doodle::try_sub;

/// d#0
fn Decoder0(input: &mut Parser<'_>) -> Result<u8, ParseError> {
Decoder1(input)
}

/// d#1
fn Decoder1(_input: &mut Parser<'_>) -> Result<u8, ParseError> {
(abs_u8((div_u8((abs_u8(195u8)).eval()?, 190u8)).eval()?)).eval()
}





## 113u8 %u8 168u8
#![allow(unused_imports)]
#![allow(non_camel_case_types)]
#![allow(non_snake_case)]
#![allow(dead_code)]
#![allow(unsafe_op_in_unsafe_fn)]
#![cfg_attr(rustfmt, rustfmt::skip)]

mod codegen_tests;
pub mod api_helper;

use doodle::prelude::*;
use doodle::try_sub;

/// d#0
fn Decoder0(input: &mut Parser<'_>) -> Result<u8, ParseError> {
Decoder1(input)
}

/// d#1
fn Decoder1(_input: &mut Parser<'_>) -> Result<u8, ParseError> {
(rem_u8(113u8, 168u8)).eval()
}





## (--i8 79i8) +i8 absi8 6i8
#![allow(unused_imports)]
#![allow(non_camel_case_types)]
#![allow(non_snake_case)]
#![allow(dead_code)]
#![allow(unsafe_op_in_unsafe_fn)]
#![cfg_attr(rustfmt, rustfmt::skip)]

mod codegen_tests;
pub mod api_helper;

use doodle::prelude::*;
use doodle::try_sub;

/// d#0
fn Decoder0(input: &mut Parser<'_>) -> Result<i8, ParseError> {
Decoder1(input)
}

/// d#1
fn Decoder1(_input: &mut Parser<'_>) -> Result<i8, ParseError> {
(add_i8((pred_i8(79i8)).eval()?, (abs_i8(6i8)).eval()?)).eval()
}





## ~i8 ~i8 -115i8
#![allow(unused_imports)]
#![allow(non_camel_case_types)]
#![allow(non_snake_case)]
#![allow(dead_code)]
#![allow(unsafe_op_in_unsafe_fn)]
#![cfg_attr(rustfmt, rustfmt::skip)]

mod codegen_tests;
pub mod api_helper;

use doodle::prelude::*;
use doodle::try_sub;

/// d#0
fn Decoder0(input: &mut Parser<'_>) -> Result<i8, ParseError> {
Decoder1(input)
}

/// d#1
fn Decoder1(_input: &mut Parser<'_>) -> Result<i8, ParseError> {
(neg_i8((neg_i8(-115i8)).eval()?)).eval()
}





## absu8 (76u8 +u8 83u8) %u8 184u8
#![allow(unused_imports)]
#![allow(non_camel_case_types)]
#![allow(non_snake_case)]
#![allow(dead_code)]
#![allow(unsafe_op_in_unsafe_fn)]
#![cfg_attr(rustfmt, rustfmt::skip)]

mod codegen_tests;
pub mod api_helper;

use doodle::prelude::*;
use doodle::try_sub;

/// d#0
fn Decoder0(input: &mut Parser<'_>) -> Result<u8, ParseError> {
Decoder1(input)
}

/// d#1
fn Decoder1(_input: &mut Parser<'_>) -> Result<u8, ParseError> {
(rem_u8((abs_u8((add_u8(76u8, 83u8)).eval()?)).eval()?, 184u8)).eval()
}





## ++i8 ~i8 31i8 /i8 (--i8 104i8)
#![allow(unused_imports)]
#![allow(non_camel_case_types)]
#![allow(non_snake_case)]
#![allow(dead_code)]
#![allow(unsafe_op_in_unsafe_fn)]
#![cfg_attr(rustfmt, rustfmt::skip)]

mod codegen_tests;
pub mod api_helper;

use doodle::prelude::*;
use doodle::try_sub;

/// d#0
fn Decoder0(input: &mut Parser<'_>) -> Result<i8, ParseError> {
Decoder1(input)
}

/// d#1
fn Decoder1(_input: &mut Parser<'_>) -> Result<i8, ParseError> {
(succ_i8((div_i8((neg_i8(31i8)).eval()?, (pred_i8(104i8)).eval()?)).eval()?)).eval()
}





## 96i8 -i8 48i8 -i8 (++i8 103i8)
#![allow(unused_imports)]
#![allow(non_camel_case_types)]
#![allow(non_snake_case)]
#![allow(dead_code)]
#![allow(unsafe_op_in_unsafe_fn)]
#![cfg_attr(rustfmt, rustfmt::skip)]

mod codegen_tests;
pub mod api_helper;

use doodle::prelude::*;
use doodle::try_sub;

/// d#0
fn Decoder0(input: &mut Parser<'_>) -> Result<i8, ParseError> {
Decoder1(input)
}

/// d#1
fn Decoder1(_input: &mut Parser<'_>) -> Result<i8, ParseError> {
(sub_i8((sub_i8(96i8, 48i8)).eval()?, (succ_i8(103i8)).eval()?)).eval()
}





## absu8 (++u8 ++u8 58u8)
#![allow(unused_imports)]
#![allow(non_camel_case_types)]
#![allow(non_snake_case)]
#![allow(dead_code)]
#![allow(unsafe_op_in_unsafe_fn)]
#![cfg_attr(rustfmt, rustfmt::skip)]

mod codegen_tests;
pub mod api_helper;

use doodle::prelude::*;
use doodle::try_sub;

/// d#0
fn Decoder0(input: &mut Parser<'_>) -> Result<u8, ParseError> {
Decoder1(input)
}

/// d#1
fn Decoder1(_input: &mut Parser<'_>) -> Result<u8, ParseError> {
(abs_u8((succ_u8((succ_u8(58u8)).eval()?)).eval()?)).eval()
}





## --u8 (--u8 95u8) /u8 absu8 23u8
#![allow(unused_imports)]
#![allow(non_camel_case_types)]
#![allow(non_snake_case)]
#![allow(dead_code)]
#![allow(unsafe_op_in_unsafe_fn)]
#![cfg_attr(rustfmt, rustfmt::skip)]

mod codegen_tests;
pub mod api_helper;

use doodle::prelude::*;
use doodle::try_sub;

/// d#0
fn Decoder0(input: &mut Parser<'_>) -> Result<u8, ParseError> {
Decoder1(input)
}

/// d#1
fn Decoder1(_input: &mut Parser<'_>) -> Result<u8, ParseError> {
(pred_u8((div_u8((pred_u8(95u8)).eval()?, (abs_u8(23u8)).eval()?)).eval()?)).eval()
}





## --i16 4202i16
#![allow(unused_imports)]
#![allow(non_camel_case_types)]
#![allow(non_snake_case)]
#![allow(dead_code)]
#![allow(unsafe_op_in_unsafe_fn)]
#![cfg_attr(rustfmt, rustfmt::skip)]

mod codegen_tests;
pub mod api_helper;

use doodle::prelude::*;
use doodle::try_sub;

/// d#0
fn Decoder0(input: &mut Parser<'_>) -> Result<i16, ParseError> {
Decoder1(input)
}

/// d#1
fn Decoder1(_input: &mut Parser<'_>) -> Result<i16, ParseError> {
(pred_i16(4202i16)).eval()
}





## --u8 67u8
#![allow(unused_imports)]
#![allow(non_camel_case_types)]
#![allow(non_snake_case)]
#![allow(dead_code)]
#![allow(unsafe_op_in_unsafe_fn)]
#![cfg_attr(rustfmt, rustfmt::skip)]

mod codegen_tests;
pub mod api_helper;

use doodle::prelude::*;
use doodle::try_sub;

/// d#0
fn Decoder0(input: &mut Parser<'_>) -> Result<u8, ParseError> {
Decoder1(input)
}

/// d#1
fn Decoder1(_input: &mut Parser<'_>) -> Result<u8, ParseError> {
(pred_u8(67u8)).eval()
}





## 70i8 -i8 -29i8 +i8 ~i8 absi8 -52i8
#![allow(unused_imports)]
#![allow(non_camel_case_types)]
#![allow(non_snake_case)]
#![allow(dead_code)]
#![allow(unsafe_op_in_unsafe_fn)]
#![cfg_attr(rustfmt, rustfmt::skip)]

mod codegen_tests;
pub mod api_helper;

use doodle::prelude::*;
use doodle::try_sub;

/// d#0
fn Decoder0(input: &mut Parser<'_>) -> Result<i8, ParseError> {
Decoder1(input)
}

/// d#1
fn Decoder1(_input: &mut Parser<'_>) -> Result<i8, ParseError> {
(add_i8((sub_i8(70i8, -29i8)).eval()?, (neg_i8((abs_i8(-52i8)).eval()?)).eval()?)).eval()
}





## ++u64 --u64 357239103455981350u64
#![allow(unused_imports)]
#![allow(non_camel_case_types)]
#![allow(non_snake_case)]
#![allow(dead_code)]
#![allow(unsafe_op_in_unsafe_fn)]
#![cfg_attr(rustfmt, rustfmt::skip)]

mod codegen_tests;
pub mod api_helper;

use doodle::prelude::*;
use doodle::try_sub;

/// d#0
fn Decoder0(input: &mut Parser<'_>) -> Result<u64, ParseError> {
Decoder1(input)
}

/// d#1
fn Decoder1(_input: &mut Parser<'_>) -> Result<u64, ParseError> {
(succ_u64((pred_u64(357239103455981350u64)).eval()?)).eval()
}





## absu8 (236u8 -u8 217u8)
#![allow(unused_imports)]
#![allow(non_camel_case_types)]
#![allow(non_snake_case)]
#![allow(dead_code)]
#![allow(unsafe_op_in_unsafe_fn)]
#![cfg_attr(rustfmt, rustfmt::skip)]

mod codegen_tests;
pub mod api_helper;

use doodle::prelude::*;
use doodle::try_sub;

/// d#0
fn Decoder0(input: &mut Parser<'_>) -> Result<u8, ParseError> {
Decoder1(input)
}

/// d#1
fn Decoder1(_input: &mut Parser<'_>) -> Result<u8, ParseError> {
(abs_u8((sub_u8(236u8, 217u8)).eval()?)).eval()
}





## ++i16 16089i16
#![allow(unused_imports)]
#![allow(non_camel_case_types)]
#![allow(non_snake_case)]
#![allow(dead_code)]
#![allow(unsafe_op_in_unsafe_fn)]
#![cfg_attr(rustfmt, rustfmt::skip)]

mod codegen_tests;
pub mod api_helper;

use doodle::prelude::*;
use doodle::try_sub;

/// d#0
fn Decoder0(input: &mut Parser<'_>) -> Result<i16, ParseError> {
Decoder1(input)
}

/// d#1
fn Decoder1(_input: &mut Parser<'_>) -> Result<i16, ParseError> {
(succ_i16(16089i16)).eval()
}





## absu8 ((++u8 22u8 /u8 231u8) *u8 (++u8 34u8))
#![allow(unused_imports)]
#![allow(non_camel_case_types)]
#![allow(non_snake_case)]
#![allow(dead_code)]
#![allow(unsafe_op_in_unsafe_fn)]
#![cfg_attr(rustfmt, rustfmt::skip)]

mod codegen_tests;
pub mod api_helper;

use doodle::prelude::*;
use doodle::try_sub;

/// d#0
fn Decoder0(input: &mut Parser<'_>) -> Result<u8, ParseError> {
Decoder1(input)
}

/// d#1
fn Decoder1(_input: &mut Parser<'_>) -> Result<u8, ParseError> {
(abs_u8((mul_u8((succ_u8((div_u8(22u8, 231u8)).eval()?)).eval()?, (succ_u8(34u8)).eval()?)).eval()?)).eval()
}





## --u16 58386u16
#![allow(unused_imports)]
#![allow(non_camel_case_types)]
#![allow(non_snake_case)]
#![allow(dead_code)]
#![allow(unsafe_op_in_unsafe_fn)]
#![cfg_attr(rustfmt, rustfmt::skip)]

mod codegen_tests;
pub mod api_helper;

use doodle::prelude::*;
use doodle::try_sub;

/// d#0
fn Decoder0(input: &mut Parser<'_>) -> Result<u16, ParseError> {
Decoder1(input)
}

/// d#1
fn Decoder1(_input: &mut Parser<'_>) -> Result<u16, ParseError> {
(pred_u16(58386u16)).eval()
}





## ++i16 ++i16 17873i16
#![allow(unused_imports)]
#![allow(non_camel_case_types)]
#![allow(non_snake_case)]
#![allow(dead_code)]
#![allow(unsafe_op_in_unsafe_fn)]
#![cfg_attr(rustfmt, rustfmt::skip)]

mod codegen_tests;
pub mod api_helper;

use doodle::prelude::*;
use doodle::try_sub;

/// d#0
fn Decoder0(input: &mut Parser<'_>) -> Result<i16, ParseError> {
Decoder1(input)
}

/// d#1
fn Decoder1(_input: &mut Parser<'_>) -> Result<i16, ParseError> {
(succ_i16((succ_i16(17873i16)).eval()?)).eval()
}





## (--u8 237u8) %u8 (--u8 absu8 163u8)
#![allow(unused_imports)]
#![allow(non_camel_case_types)]
#![allow(non_snake_case)]
#![allow(dead_code)]
#![allow(unsafe_op_in_unsafe_fn)]
#![cfg_attr(rustfmt, rustfmt::skip)]

mod codegen_tests;
pub mod api_helper;

use doodle::prelude::*;
use doodle::try_sub;

/// d#0
fn Decoder0(input: &mut Parser<'_>) -> Result<u8, ParseError> {
Decoder1(input)
}

/// d#1
fn Decoder1(_input: &mut Parser<'_>) -> Result<u8, ParseError> {
(rem_u8((pred_u8(237u8)).eval()?, (pred_u8((abs_u8(163u8)).eval()?)).eval()?)).eval()
}





## absi32 (--i32 -1899777271i32)
#![allow(unused_imports)]
#![allow(non_camel_case_types)]
#![allow(non_snake_case)]
#![allow(dead_code)]
#![allow(unsafe_op_in_unsafe_fn)]
#![cfg_attr(rustfmt, rustfmt::skip)]

mod codegen_tests;
pub mod api_helper;

use doodle::prelude::*;
use doodle::try_sub;

/// d#0
fn Decoder0(input: &mut Parser<'_>) -> Result<i32, ParseError> {
Decoder1(input)
}

/// d#1
fn Decoder1(_input: &mut Parser<'_>) -> Result<i32, ParseError> {
(abs_i32((pred_i32(-1899777271i32)).eval()?)).eval()
}





## ++u8 (++u8 152u8) %u8 absu8 12u8
#![allow(unused_imports)]
#![allow(non_camel_case_types)]
#![allow(non_snake_case)]
#![allow(dead_code)]
#![allow(unsafe_op_in_unsafe_fn)]
#![cfg_attr(rustfmt, rustfmt::skip)]

mod codegen_tests;
pub mod api_helper;

use doodle::prelude::*;
use doodle::try_sub;

/// d#0
fn Decoder0(input: &mut Parser<'_>) -> Result<u8, ParseError> {
Decoder1(input)
}

/// d#1
fn Decoder1(_input: &mut Parser<'_>) -> Result<u8, ParseError> {
(succ_u8((rem_u8((succ_u8(152u8)).eval()?, (abs_u8(12u8)).eval()?)).eval()?)).eval()
}





## ++u64 absu64 13055720599405539885u64
#![allow(unused_imports)]
#![allow(non_camel_case_types)]
#![allow(non_snake_case)]
#![allow(dead_code)]
#![allow(unsafe_op_in_unsafe_fn)]
#![cfg_attr(rustfmt, rustfmt::skip)]

mod codegen_tests;
pub mod api_helper;

use doodle::prelude::*;
use doodle::try_sub;

/// d#0
fn Decoder0(input: &mut Parser<'_>) -> Result<u64, ParseError> {
Decoder1(input)
}

/// d#1
fn Decoder1(_input: &mut Parser<'_>) -> Result<u64, ParseError> {
(succ_u64((abs_u64(13055720599405539885u64)).eval()?)).eval()
}





## --u16 ++u16 51862u16
#![allow(unused_imports)]
#![allow(non_camel_case_types)]
#![allow(non_snake_case)]
#![allow(dead_code)]
#![allow(unsafe_op_in_unsafe_fn)]
#![cfg_attr(rustfmt, rustfmt::skip)]

mod codegen_tests;
pub mod api_helper;

use doodle::prelude::*;
use doodle::try_sub;

/// d#0
fn Decoder0(input: &mut Parser<'_>) -> Result<u16, ParseError> {
Decoder1(input)
}

/// d#1
fn Decoder1(_input: &mut Parser<'_>) -> Result<u16, ParseError> {
(pred_u16((succ_u16(51862u16)).eval()?)).eval()
}





## absu8 (++u8 154u8)
#![allow(unused_imports)]
#![allow(non_camel_case_types)]
#![allow(non_snake_case)]
#![allow(dead_code)]
#![allow(unsafe_op_in_unsafe_fn)]
#![cfg_attr(rustfmt, rustfmt::skip)]

mod codegen_tests;
pub mod api_helper;

use doodle::prelude::*;
use doodle::try_sub;

/// d#0
fn Decoder0(input: &mut Parser<'_>) -> Result<u8, ParseError> {
Decoder1(input)
}

/// d#1
fn Decoder1(_input: &mut Parser<'_>) -> Result<u8, ParseError> {
(abs_u8((succ_u8(154u8)).eval()?)).eval()
}





## ++i8 absi8 11i8
#![allow(unused_imports)]
#![allow(non_camel_case_types)]
#![allow(non_snake_case)]
#![allow(dead_code)]
#![allow(unsafe_op_in_unsafe_fn)]
#![cfg_attr(rustfmt, rustfmt::skip)]

mod codegen_tests;
pub mod api_helper;

use doodle::prelude::*;
use doodle::try_sub;

/// d#0
fn Decoder0(input: &mut Parser<'_>) -> Result<i8, ParseError> {
Decoder1(input)
}

/// d#1
fn Decoder1(_input: &mut Parser<'_>) -> Result<i8, ParseError> {
(succ_i8((abs_i8(11i8)).eval()?)).eval()
}





## --u8 239u8
#![allow(unused_imports)]
#![allow(non_camel_case_types)]
#![allow(non_snake_case)]
#![allow(dead_code)]
#![allow(unsafe_op_in_unsafe_fn)]
#![cfg_attr(rustfmt, rustfmt::skip)]

mod codegen_tests;
pub mod api_helper;

use doodle::prelude::*;
use doodle::try_sub;

/// d#0
fn Decoder0(input: &mut Parser<'_>) -> Result<u8, ParseError> {
Decoder1(input)
}

/// d#1
fn Decoder1(_input: &mut Parser<'_>) -> Result<u8, ParseError> {
(pred_u8(239u8)).eval()
}





## --i8 -21i8 +i8 -84i8
#![allow(unused_imports)]
#![allow(non_camel_case_types)]
#![allow(non_snake_case)]
#![allow(dead_code)]
#![allow(unsafe_op_in_unsafe_fn)]
#![cfg_attr(rustfmt, rustfmt::skip)]

mod codegen_tests;
pub mod api_helper;

use doodle::prelude::*;
use doodle::try_sub;

/// d#0
fn Decoder0(input: &mut Parser<'_>) -> Result<i8, ParseError> {
Decoder1(input)
}

/// d#1
fn Decoder1(_input: &mut Parser<'_>) -> Result<i8, ParseError> {
(pred_i8((add_i8(-21i8, -84i8)).eval()?)).eval()
}





## absu8 (--u8 133u8)
#![allow(unused_imports)]
#![allow(non_camel_case_types)]
#![allow(non_snake_case)]
#![allow(dead_code)]
#![allow(unsafe_op_in_unsafe_fn)]
#![cfg_attr(rustfmt, rustfmt::skip)]

mod codegen_tests;
pub mod api_helper;

use doodle::prelude::*;
use doodle::try_sub;

/// d#0
fn Decoder0(input: &mut Parser<'_>) -> Result<u8, ParseError> {
Decoder1(input)
}

/// d#1
fn Decoder1(_input: &mut Parser<'_>) -> Result<u8, ParseError> {
(abs_u8((pred_u8(133u8)).eval()?)).eval()
}





## absu8 10u8
#![allow(unused_imports)]
#![allow(non_camel_case_types)]
#![allow(non_snake_case)]
#![allow(dead_code)]
#![allow(unsafe_op_in_unsafe_fn)]
#![cfg_attr(rustfmt, rustfmt::skip)]

mod codegen_tests;
pub mod api_helper;

use doodle::prelude::*;
use doodle::try_sub;

/// d#0
fn Decoder0(input: &mut Parser<'_>) -> Result<u8, ParseError> {
Decoder1(input)
}

/// d#1
fn Decoder1(_input: &mut Parser<'_>) -> Result<u8, ParseError> {
(abs_u8(10u8)).eval()
}





## ++i8 ~i8 22i8
#![allow(unused_imports)]
#![allow(non_camel_case_types)]
#![allow(non_snake_case)]
#![allow(dead_code)]
#![allow(unsafe_op_in_unsafe_fn)]
#![cfg_attr(rustfmt, rustfmt::skip)]

mod codegen_tests;
pub mod api_helper;

use doodle::prelude::*;
use doodle::try_sub;

/// d#0
fn Decoder0(input: &mut Parser<'_>) -> Result<i8, ParseError> {
Decoder1(input)
}

/// d#1
fn Decoder1(_input: &mut Parser<'_>) -> Result<i8, ParseError> {
(succ_i8((neg_i8(22i8)).eval()?)).eval()
}





## (--i8 --i8 74i8) /i8 ~i8 (126i8 /i8 113i8)
#![allow(unused_imports)]
#![allow(non_camel_case_types)]
#![allow(non_snake_case)]
#![allow(dead_code)]
#![allow(unsafe_op_in_unsafe_fn)]
#![cfg_attr(rustfmt, rustfmt::skip)]

mod codegen_tests;
pub mod api_helper;

use doodle::prelude::*;
use doodle::try_sub;

/// d#0
fn Decoder0(input: &mut Parser<'_>) -> Result<i8, ParseError> {
Decoder1(input)
}

/// d#1
fn Decoder1(_input: &mut Parser<'_>) -> Result<i8, ParseError> {
(div_i8((pred_i8((pred_i8(74i8)).eval()?)).eval()?, (neg_i8((div_i8(126i8, 113i8)).eval()?)).eval()?)).eval()
}





## ++i64 ~i64 absi64 2318760689132865959i64
#![allow(unused_imports)]
#![allow(non_camel_case_types)]
#![allow(non_snake_case)]
#![allow(dead_code)]
#![allow(unsafe_op_in_unsafe_fn)]
#![cfg_attr(rustfmt, rustfmt::skip)]

mod codegen_tests;
pub mod api_helper;

use doodle::prelude::*;
use doodle::try_sub;

/// d#0
fn Decoder0(input: &mut Parser<'_>) -> Result<i64, ParseError> {
Decoder1(input)
}

/// d#1
fn Decoder1(_input: &mut Parser<'_>) -> Result<i64, ParseError> {
(succ_i64((neg_i64((abs_i64(2318760689132865959i64)).eval()?)).eval()?)).eval()
}





## --i32 absi32 -810363327i32
#![allow(unused_imports)]
#![allow(non_camel_case_types)]
#![allow(non_snake_case)]
#![allow(dead_code)]
#![allow(unsafe_op_in_unsafe_fn)]
#![cfg_attr(rustfmt, rustfmt::skip)]

mod codegen_tests;
pub mod api_helper;

use doodle::prelude::*;
use doodle::try_sub;

/// d#0
fn Decoder0(input: &mut Parser<'_>) -> Result<i32, ParseError> {
Decoder1(input)
}

/// d#1
fn Decoder1(_input: &mut Parser<'_>) -> Result<i32, ParseError> {
(pred_i32((abs_i32(-810363327i32)).eval()?)).eval()
}





## --i8 2i8
#![allow(unused_imports)]
#![allow(non_camel_case_types)]
#![allow(non_snake_case)]
#![allow(dead_code)]
#![allow(unsafe_op_in_unsafe_fn)]
#![cfg_attr(rustfmt, rustfmt::skip)]

mod codegen_tests;
pub mod api_helper;

use doodle::prelude::*;
use doodle::try_sub;

/// d#0
fn Decoder0(input: &mut Parser<'_>) -> Result<i8, ParseError> {
Decoder1(input)
}

/// d#1
fn Decoder1(_input: &mut Parser<'_>) -> Result<i8, ParseError> {
(pred_i8(2i8)).eval()
}





## ++u8 228u8
#![allow(unused_imports)]
#![allow(non_camel_case_types)]
#![allow(non_snake_case)]
#![allow(dead_code)]
#![allow(unsafe_op_in_unsafe_fn)]
#![cfg_attr(rustfmt, rustfmt::skip)]

mod codegen_tests;
pub mod api_helper;

use doodle::prelude::*;
use doodle::try_sub;

/// d#0
fn Decoder0(input: &mut Parser<'_>) -> Result<u8, ParseError> {
Decoder1(input)
}

/// d#1
fn Decoder1(_input: &mut Parser<'_>) -> Result<u8, ParseError> {
(succ_u8(228u8)).eval()
}





## 144u8 -u8 absu8 absu8 126u8
#![allow(unused_imports)]
#![allow(non_camel_case_types)]
#![allow(non_snake_case)]
#![allow(dead_code)]
#![allow(unsafe_op_in_unsafe_fn)]
#![cfg_attr(rustfmt, rustfmt::skip)]

mod codegen_tests;
pub mod api_helper;

use doodle::prelude::*;
use doodle::try_sub;

/// d#0
fn Decoder0(input: &mut Parser<'_>) -> Result<u8, ParseError> {
Decoder1(input)
}

/// d#1
fn Decoder1(_input: &mut Parser<'_>) -> Result<u8, ParseError> {
(sub_u8(144u8, (abs_u8((abs_u8(126u8)).eval()?)).eval()?)).eval()
}





## ++i32 absi32 ~i32 -219105853i32
#![allow(unused_imports)]
#![allow(non_camel_case_types)]
#![allow(non_snake_case)]
#![allow(dead_code)]
#![allow(unsafe_op_in_unsafe_fn)]
#![cfg_attr(rustfmt, rustfmt::skip)]

mod codegen_tests;
pub mod api_helper;

use doodle::prelude::*;
use doodle::try_sub;

/// d#0
fn Decoder0(input: &mut Parser<'_>) -> Result<i32, ParseError> {
Decoder1(input)
}

/// d#1
fn Decoder1(_input: &mut Parser<'_>) -> Result<i32, ParseError> {
(succ_i32((abs_i32((neg_i32(-219105853i32)).eval()?)).eval()?)).eval()
}





## --u8 ++u8 112u8 /u8 (28u8 +u8 140u8)
#![allow(unused_imports)]
#![allow(non_camel_case_types)]
#![allow(non_snake_case)]
#![allow(dead_code)]
#![allow(unsafe_op_in_unsafe_fn)]
#![cfg_attr(rustfmt, rustfmt::skip)]

mod codegen_tests;
pub mod api_helper;

use doodle::prelude::*;
use doodle::try_sub;

/// d#0
fn Decoder0(input: &mut Parser<'_>) -> Result<u8, ParseError> {
Decoder1(input)
}

/// d#1
fn Decoder1(_input: &mut Parser<'_>) -> Result<u8, ParseError> {
(pred_u8((succ_u8((div_u8(112u8, (add_u8(28u8, 140u8)).eval()?)).eval()?)).eval()?)).eval()
}





## -102i8 -i8 -22i8
#![allow(unused_imports)]
#![allow(non_camel_case_types)]
#![allow(non_snake_case)]
#![allow(dead_code)]
#![allow(unsafe_op_in_unsafe_fn)]
#![cfg_attr(rustfmt, rustfmt::skip)]

mod codegen_tests;
pub mod api_helper;

use doodle::prelude::*;
use doodle::try_sub;

/// d#0
fn Decoder0(input: &mut Parser<'_>) -> Result<i8, ParseError> {
Decoder1(input)
}

/// d#1
fn Decoder1(_input: &mut Parser<'_>) -> Result<i8, ParseError> {
(sub_i8(-102i8, -22i8)).eval()
}





## absi8 (--i8 -42i8)
#![allow(unused_imports)]
#![allow(non_camel_case_types)]
#![allow(non_snake_case)]
#![allow(dead_code)]
#![allow(unsafe_op_in_unsafe_fn)]
#![cfg_attr(rustfmt, rustfmt::skip)]

mod codegen_tests;
pub mod api_helper;

use doodle::prelude::*;
use doodle::try_sub;

/// d#0
fn Decoder0(input: &mut Parser<'_>) -> Result<i8, ParseError> {
Decoder1(input)
}

/// d#1
fn Decoder1(_input: &mut Parser<'_>) -> Result<i8, ParseError> {
(abs_i8((pred_i8(-42i8)).eval()?)).eval()
}





## absu8 absu8 (--u8 241u8)
#![allow(unused_imports)]
#![allow(non_camel_case_types)]
#![allow(non_snake_case)]
#![allow(dead_code)]
#![allow(unsafe_op_in_unsafe_fn)]
#![cfg_attr(rustfmt, rustfmt::skip)]

mod codegen_tests;
pub mod api_helper;

use doodle::prelude::*;
use doodle::try_sub;

/// d#0
fn Decoder0(input: &mut Parser<'_>) -> Result<u8, ParseError> {
Decoder1(input)
}

/// d#1
fn Decoder1(_input: &mut Parser<'_>) -> Result<u8, ParseError> {
(abs_u8((abs_u8((pred_u8(241u8)).eval()?)).eval()?)).eval()
}





## 58622u16
#![allow(unused_imports)]
#![allow(non_camel_case_types)]
#![allow(non_snake_case)]
#![allow(dead_code)]
#![allow(unsafe_op_in_unsafe_fn)]
#![cfg_attr(rustfmt, rustfmt::skip)]

mod codegen_tests;
pub mod api_helper;

use doodle::prelude::*;
use doodle::try_sub;

/// d#0
fn Decoder0(input: &mut Parser<'_>) -> Result<u16, ParseError> {
Decoder1(input)
}

/// d#1
fn Decoder1(_input: &mut Parser<'_>) -> Result<u16, ParseError> {
PResult::Ok(58622u16)
}





## --u8 absu8 86u8 +u8 absu8 59u8
#![allow(unused_imports)]
#![allow(non_camel_case_types)]
#![allow(non_snake_case)]
#![allow(dead_code)]
#![allow(unsafe_op_in_unsafe_fn)]
#![cfg_attr(rustfmt, rustfmt::skip)]

mod codegen_tests;
pub mod api_helper;

use doodle::prelude::*;
use doodle::try_sub;

/// d#0
fn Decoder0(input: &mut Parser<'_>) -> Result<u8, ParseError> {
Decoder1(input)
}

/// d#1
fn Decoder1(_input: &mut Parser<'_>) -> Result<u8, ParseError> {
(pred_u8((add_u8((abs_u8(86u8)).eval()?, (abs_u8(59u8)).eval()?)).eval()?)).eval()
}





## 163u8 /u8 252u8 %u8 absu8 absu8 1u8
#![allow(unused_imports)]
#![allow(non_camel_case_types)]
#![allow(non_snake_case)]
#![allow(dead_code)]
#![allow(unsafe_op_in_unsafe_fn)]
#![cfg_attr(rustfmt, rustfmt::skip)]

mod codegen_tests;
pub mod api_helper;

use doodle::prelude::*;
use doodle::try_sub;

/// d#0
fn Decoder0(input: &mut Parser<'_>) -> Result<u8, ParseError> {
Decoder1(input)
}

/// d#1
fn Decoder1(_input: &mut Parser<'_>) -> Result<u8, ParseError> {
(rem_u8((div_u8(163u8, 252u8)).eval()?, (abs_u8((abs_u8(1u8)).eval()?)).eval()?)).eval()
}





## ++u32 absu32 2243873194u32
#![allow(unused_imports)]
#![allow(non_camel_case_types)]
#![allow(non_snake_case)]
#![allow(dead_code)]
#![allow(unsafe_op_in_unsafe_fn)]
#![cfg_attr(rustfmt, rustfmt::skip)]

mod codegen_tests;
pub mod api_helper;

use doodle::prelude::*;
use doodle::try_sub;

/// d#0
fn Decoder0(input: &mut Parser<'_>) -> Result<u32, ParseError> {
Decoder1(input)
}

/// d#1
fn Decoder1(_input: &mut Parser<'_>) -> Result<u32, ParseError> {
(succ_u32((abs_u32(2243873194u32)).eval()?)).eval()
}





## ~i8 (62i8 -i8 (--i8 24i8))
#![allow(unused_imports)]
#![allow(non_camel_case_types)]
#![allow(non_snake_case)]
#![allow(dead_code)]
#![allow(unsafe_op_in_unsafe_fn)]
#![cfg_attr(rustfmt, rustfmt::skip)]

mod codegen_tests;
pub mod api_helper;

use doodle::prelude::*;
use doodle::try_sub;

/// d#0
fn Decoder0(input: &mut Parser<'_>) -> Result<i8, ParseError> {
Decoder1(input)
}

/// d#1
fn Decoder1(_input: &mut Parser<'_>) -> Result<i8, ParseError> {
(neg_i8((sub_i8(62i8, (pred_i8(24i8)).eval()?)).eval()?)).eval()
}





## 215u8
#![allow(unused_imports)]
#![allow(non_camel_case_types)]
#![allow(non_snake_case)]
#![allow(dead_code)]
#![allow(unsafe_op_in_unsafe_fn)]
#![cfg_attr(rustfmt, rustfmt::skip)]

mod codegen_tests;
pub mod api_helper;

use doodle::prelude::*;
use doodle::try_sub;

/// d#0
fn Decoder0(input: &mut Parser<'_>) -> Result<u8, ParseError> {
Decoder1(input)
}

/// d#1
fn Decoder1(_input: &mut Parser<'_>) -> Result<u8, ParseError> {
PResult::Ok(215u8)
}





## absu64 14502105064080145012u64
#![allow(unused_imports)]
#![allow(non_camel_case_types)]
#![allow(non_snake_case)]
#![allow(dead_code)]
#![allow(unsafe_op_in_unsafe_fn)]
#![cfg_attr(rustfmt, rustfmt::skip)]

mod codegen_tests;
pub mod api_helper;

use doodle::prelude::*;
use doodle::try_sub;

/// d#0
fn Decoder0(input: &mut Parser<'_>) -> Result<u64, ParseError> {
Decoder1(input)
}

/// d#1
fn Decoder1(_input: &mut Parser<'_>) -> Result<u64, ParseError> {
(abs_u64(14502105064080145012u64)).eval()
}





## ++u32 --u32 ++u32 586339636u32
#![allow(unused_imports)]
#![allow(non_camel_case_types)]
#![allow(non_snake_case)]
#![allow(dead_code)]
#![allow(unsafe_op_in_unsafe_fn)]
#![cfg_attr(rustfmt, rustfmt::skip)]

mod codegen_tests;
pub mod api_helper;

use doodle::prelude::*;
use doodle::try_sub;

/// d#0
fn Decoder0(input: &mut Parser<'_>) -> Result<u32, ParseError> {
Decoder1(input)
}

/// d#1
fn Decoder1(_input: &mut Parser<'_>) -> Result<u32, ParseError> {
(succ_u32((pred_u32((succ_u32(586339636u32)).eval()?)).eval()?)).eval()
}





## --u32 absu32 (++u32 2903114898u32)
#![allow(unused_imports)]
#![allow(non_camel_case_types)]
#![allow(non_snake_case)]
#![allow(dead_code)]
#![allow(unsafe_op_in_unsafe_fn)]
#![cfg_attr(rustfmt, rustfmt::skip)]

mod codegen_tests;
pub mod api_helper;

use doodle::prelude::*;
use doodle::try_sub;

/// d#0
fn Decoder0(input: &mut Parser<'_>) -> Result<u32, ParseError> {
Decoder1(input)
}

/// d#1
fn Decoder1(_input: &mut Parser<'_>) -> Result<u32, ParseError> {
(pred_u32((abs_u32((succ_u32(2903114898u32)).eval()?)).eval()?)).eval()
}





## absu8 (108u8 /u8 242u8) %u8 106u8
#![allow(unused_imports)]
#![allow(non_camel_case_types)]
#![allow(non_snake_case)]
#![allow(dead_code)]
#![allow(unsafe_op_in_unsafe_fn)]
#![cfg_attr(rustfmt, rustfmt::skip)]

mod codegen_tests;
pub mod api_helper;

use doodle::prelude::*;
use doodle::try_sub;

/// d#0
fn Decoder0(input: &mut Parser<'_>) -> Result<u8, ParseError> {
Decoder1(input)
}

/// d#1
fn Decoder1(_input: &mut Parser<'_>) -> Result<u8, ParseError> {
(rem_u8((abs_u8((div_u8(108u8, 242u8)).eval()?)).eval()?, 106u8)).eval()
}





## absu32 (--u32 ++u32 3287871037u32)
#![allow(unused_imports)]
#![allow(non_camel_case_types)]
#![allow(non_snake_case)]
#![allow(dead_code)]
#![allow(unsafe_op_in_unsafe_fn)]
#![cfg_attr(rustfmt, rustfmt::skip)]

mod codegen_tests;
pub mod api_helper;

use doodle::prelude::*;
use doodle::try_sub;

/// d#0
fn Decoder0(input: &mut Parser<'_>) -> Result<u32, ParseError> {
Decoder1(input)
}

/// d#1
fn Decoder1(_input: &mut Parser<'_>) -> Result<u32, ParseError> {
(abs_u32((pred_u32((succ_u32(3287871037u32)).eval()?)).eval()?)).eval()
}





## --u8 167u8
#![allow(unused_imports)]
#![allow(non_camel_case_types)]
#![allow(non_snake_case)]
#![allow(dead_code)]
#![allow(unsafe_op_in_unsafe_fn)]
#![cfg_attr(rustfmt, rustfmt::skip)]

mod codegen_tests;
pub mod api_helper;

use doodle::prelude::*;
use doodle::try_sub;

/// d#0
fn Decoder0(input: &mut Parser<'_>) -> Result<u8, ParseError> {
Decoder1(input)
}

/// d#1
fn Decoder1(_input: &mut Parser<'_>) -> Result<u8, ParseError> {
(pred_u8(167u8)).eval()
}





## absu8 absu8 141u8
#![allow(unused_imports)]
#![allow(non_camel_case_types)]
#![allow(non_snake_case)]
#![allow(dead_code)]
#![allow(unsafe_op_in_unsafe_fn)]
#![cfg_attr(rustfmt, rustfmt::skip)]

mod codegen_tests;
pub mod api_helper;

use doodle::prelude::*;
use doodle::try_sub;

/// d#0
fn Decoder0(input: &mut Parser<'_>) -> Result<u8, ParseError> {
Decoder1(input)
}

/// d#1
fn Decoder1(_input: &mut Parser<'_>) -> Result<u8, ParseError> {
(abs_u8((abs_u8(141u8)).eval()?)).eval()
}





## ~i8 -46i8 -i8 absi8 8i8
#![allow(unused_imports)]
#![allow(non_camel_case_types)]
#![allow(non_snake_case)]
#![allow(dead_code)]
#![allow(unsafe_op_in_unsafe_fn)]
#![cfg_attr(rustfmt, rustfmt::skip)]

mod codegen_tests;
pub mod api_helper;

use doodle::prelude::*;
use doodle::try_sub;

/// d#0
fn Decoder0(input: &mut Parser<'_>) -> Result<i8, ParseError> {
Decoder1(input)
}

/// d#1
fn Decoder1(_input: &mut Parser<'_>) -> Result<i8, ParseError> {
(sub_i8((neg_i8(-46i8)).eval()?, (abs_i8(8i8)).eval()?)).eval()
}





## absu8 (106u8 -u8 17u8)
#![allow(unused_imports)]
#![allow(non_camel_case_types)]
#![allow(non_snake_case)]
#![allow(dead_code)]
#![allow(unsafe_op_in_unsafe_fn)]
#![cfg_attr(rustfmt, rustfmt::skip)]

mod codegen_tests;
pub mod api_helper;

use doodle::prelude::*;
use doodle::try_sub;

/// d#0
fn Decoder0(input: &mut Parser<'_>) -> Result<u8, ParseError> {
Decoder1(input)
}

/// d#1
fn Decoder1(_input: &mut Parser<'_>) -> Result<u8, ParseError> {
(abs_u8((sub_u8(106u8, 17u8)).eval()?)).eval()
}





## ~i16 ~i16 absi16 12638i16
#![allow(unused_imports)]
#![allow(non_camel_case_types)]
#![allow(non_snake_case)]
#![allow(dead_code)]
#![allow(unsafe_op_in_unsafe_fn)]
#![cfg_attr(rustfmt, rustfmt::skip)]

mod codegen_tests;
pub mod api_helper;

use doodle::prelude::*;
use doodle::try_sub;

/// d#0
fn Decoder0(input: &mut Parser<'_>) -> Result<i16, ParseError> {
Decoder1(input)
}

/// d#1
fn Decoder1(_input: &mut Parser<'_>) -> Result<i16, ParseError> {
(neg_i16((neg_i16((abs_i16(12638i16)).eval()?)).eval()?)).eval()
}





## -114i8 /i8 111i8
#![allow(unused_imports)]
#![allow(non_camel_case_types)]
#![allow(non_snake_case)]
#![allow(dead_code)]
#![allow(unsafe_op_in_unsafe_fn)]
#![cfg_attr(rustfmt, rustfmt::skip)]

mod codegen_tests;
pub mod api_helper;

use doodle::prelude::*;
use doodle::try_sub;

/// d#0
fn Decoder0(input: &mut Parser<'_>) -> Result<i8, ParseError> {
Decoder1(input)
}

/// d#1
fn Decoder1(_input: &mut Parser<'_>) -> Result<i8, ParseError> {
(div_i8(-114i8, 111i8)).eval()
}





## ~i32 831779558i32
#![allow(unused_imports)]
#![allow(non_camel_case_types)]
#![allow(non_snake_case)]
#![allow(dead_code)]
#![allow(unsafe_op_in_unsafe_fn)]
#![cfg_attr(rustfmt, rustfmt::skip)]

mod codegen_tests;
pub mod api_helper;

use doodle::prelude::*;
use doodle::try_sub;

/// d#0
fn Decoder0(input: &mut Parser<'_>) -> Result<i32, ParseError> {
Decoder1(input)
}

/// d#1
fn Decoder1(_input: &mut Parser<'_>) -> Result<i32, ParseError> {
(neg_i32(831779558i32)).eval()
}





## ++u8 absu8 181u8
#![allow(unused_imports)]
#![allow(non_camel_case_types)]
#![allow(non_snake_case)]
#![allow(dead_code)]
#![allow(unsafe_op_in_unsafe_fn)]
#![cfg_attr(rustfmt, rustfmt::skip)]

mod codegen_tests;
pub mod api_helper;

use doodle::prelude::*;
use doodle::try_sub;

/// d#0
fn Decoder0(input: &mut Parser<'_>) -> Result<u8, ParseError> {
Decoder1(input)
}

/// d#1
fn Decoder1(_input: &mut Parser<'_>) -> Result<u8, ParseError> {
(succ_u8((abs_u8(181u8)).eval()?)).eval()
}





## --u8 absu8 151u8
#![allow(unused_imports)]
#![allow(non_camel_case_types)]
#![allow(non_snake_case)]
#![allow(dead_code)]
#![allow(unsafe_op_in_unsafe_fn)]
#![cfg_attr(rustfmt, rustfmt::skip)]

mod codegen_tests;
pub mod api_helper;

use doodle::prelude::*;
use doodle::try_sub;

/// d#0
fn Decoder0(input: &mut Parser<'_>) -> Result<u8, ParseError> {
Decoder1(input)
}

/// d#1
fn Decoder1(_input: &mut Parser<'_>) -> Result<u8, ParseError> {
(pred_u8((abs_u8(151u8)).eval()?)).eval()
}





## --u8 absu8 (181u8 -u8 41u8)
#![allow(unused_imports)]
#![allow(non_camel_case_types)]
#![allow(non_snake_case)]
#![allow(dead_code)]
#![allow(unsafe_op_in_unsafe_fn)]
#![cfg_attr(rustfmt, rustfmt::skip)]

mod codegen_tests;
pub mod api_helper;

use doodle::prelude::*;
use doodle::try_sub;

/// d#0
fn Decoder0(input: &mut Parser<'_>) -> Result<u8, ParseError> {
Decoder1(input)
}

/// d#1
fn Decoder1(_input: &mut Parser<'_>) -> Result<u8, ParseError> {
(pred_u8((abs_u8((sub_u8(181u8, 41u8)).eval()?)).eval()?)).eval()
}





## 122i8
#![allow(unused_imports)]
#![allow(non_camel_case_types)]
#![allow(non_snake_case)]
#![allow(dead_code)]
#![allow(unsafe_op_in_unsafe_fn)]
#![cfg_attr(rustfmt, rustfmt::skip)]

mod codegen_tests;
pub mod api_helper;

use doodle::prelude::*;
use doodle::try_sub;

/// d#0
fn Decoder0(input: &mut Parser<'_>) -> Result<i8, ParseError> {
Decoder1(input)
}

/// d#1
fn Decoder1(_input: &mut Parser<'_>) -> Result<i8, ParseError> {
PResult::Ok(122i8)
}





## 7u8 %u8 (--u8 absu8 214u8)
#![allow(unused_imports)]
#![allow(non_camel_case_types)]
#![allow(non_snake_case)]
#![allow(dead_code)]
#![allow(unsafe_op_in_unsafe_fn)]
#![cfg_attr(rustfmt, rustfmt::skip)]

mod codegen_tests;
pub mod api_helper;

use doodle::prelude::*;
use doodle::try_sub;

/// d#0
fn Decoder0(input: &mut Parser<'_>) -> Result<u8, ParseError> {
Decoder1(input)
}

/// d#1
fn Decoder1(_input: &mut Parser<'_>) -> Result<u8, ParseError> {
(rem_u8(7u8, (pred_u8((abs_u8(214u8)).eval()?)).eval()?)).eval()
}





## absu16 absu16 (--u16 61947u16)
#![allow(unused_imports)]
#![allow(non_camel_case_types)]
#![allow(non_snake_case)]
#![allow(dead_code)]
#![allow(unsafe_op_in_unsafe_fn)]
#![cfg_attr(rustfmt, rustfmt::skip)]

mod codegen_tests;
pub mod api_helper;

use doodle::prelude::*;
use doodle::try_sub;

/// d#0
fn Decoder0(input: &mut Parser<'_>) -> Result<u16, ParseError> {
Decoder1(input)
}

/// d#1
fn Decoder1(_input: &mut Parser<'_>) -> Result<u16, ParseError> {
(abs_u16((abs_u16((pred_u16(61947u16)).eval()?)).eval()?)).eval()
}





## absu16 (++u16 47493u16)
#![allow(unused_imports)]
#![allow(non_camel_case_types)]
#![allow(non_snake_case)]
#![allow(dead_code)]
#![allow(unsafe_op_in_unsafe_fn)]
#![cfg_attr(rustfmt, rustfmt::skip)]

mod codegen_tests;
pub mod api_helper;

use doodle::prelude::*;
use doodle::try_sub;

/// d#0
fn Decoder0(input: &mut Parser<'_>) -> Result<u16, ParseError> {
Decoder1(input)
}

/// d#1
fn Decoder1(_input: &mut Parser<'_>) -> Result<u16, ParseError> {
(abs_u16((succ_u16(47493u16)).eval()?)).eval()
}





## --u16 absu16 57941u16
#![allow(unused_imports)]
#![allow(non_camel_case_types)]
#![allow(non_snake_case)]
#![allow(dead_code)]
#![allow(unsafe_op_in_unsafe_fn)]
#![cfg_attr(rustfmt, rustfmt::skip)]

mod codegen_tests;
pub mod api_helper;

use doodle::prelude::*;
use doodle::try_sub;

/// d#0
fn Decoder0(input: &mut Parser<'_>) -> Result<u16, ParseError> {
Decoder1(input)
}

/// d#1
fn Decoder1(_input: &mut Parser<'_>) -> Result<u16, ParseError> {
(pred_u16((abs_u16(57941u16)).eval()?)).eval()
}





## absu32 2105179860u32
#![allow(unused_imports)]
#![allow(non_camel_case_types)]
#![allow(non_snake_case)]
#![allow(dead_code)]
#![allow(unsafe_op_in_unsafe_fn)]
#![cfg_attr(rustfmt, rustfmt::skip)]

mod codegen_tests;
pub mod api_helper;

use doodle::prelude::*;
use doodle::try_sub;

/// d#0
fn Decoder0(input: &mut Parser<'_>) -> Result<u32, ParseError> {
Decoder1(input)
}

/// d#1
fn Decoder1(_input: &mut Parser<'_>) -> Result<u32, ParseError> {
(abs_u32(2105179860u32)).eval()
}





## absu64 (--u64 --u64 13533941191347018782u64)
#![allow(unused_imports)]
#![allow(non_camel_case_types)]
#![allow(non_snake_case)]
#![allow(dead_code)]
#![allow(unsafe_op_in_unsafe_fn)]
#![cfg_attr(rustfmt, rustfmt::skip)]

mod codegen_tests;
pub mod api_helper;

use doodle::prelude::*;
use doodle::try_sub;

/// d#0
fn Decoder0(input: &mut Parser<'_>) -> Result<u64, ParseError> {
Decoder1(input)
}

/// d#1
fn Decoder1(_input: &mut Parser<'_>) -> Result<u64, ParseError> {
(abs_u64((pred_u64((pred_u64(13533941191347018782u64)).eval()?)).eval()?)).eval()
}





## absu16 absu16 50749u16
#![allow(unused_imports)]
#![allow(non_camel_case_types)]
#![allow(non_snake_case)]
#![allow(dead_code)]
#![allow(unsafe_op_in_unsafe_fn)]
#![cfg_attr(rustfmt, rustfmt::skip)]

mod codegen_tests;
pub mod api_helper;

use doodle::prelude::*;
use doodle::try_sub;

/// d#0
fn Decoder0(input: &mut Parser<'_>) -> Result<u16, ParseError> {
Decoder1(input)
}

/// d#1
fn Decoder1(_input: &mut Parser<'_>) -> Result<u16, ParseError> {
(abs_u16((abs_u16(50749u16)).eval()?)).eval()
}





## absi8 (++i8 52i8)
#![allow(unused_imports)]
#![allow(non_camel_case_types)]
#![allow(non_snake_case)]
#![allow(dead_code)]
#![allow(unsafe_op_in_unsafe_fn)]
#![cfg_attr(rustfmt, rustfmt::skip)]

mod codegen_tests;
pub mod api_helper;

use doodle::prelude::*;
use doodle::try_sub;

/// d#0
fn Decoder0(input: &mut Parser<'_>) -> Result<i8, ParseError> {
Decoder1(input)
}

/// d#1
fn Decoder1(_input: &mut Parser<'_>) -> Result<i8, ParseError> {
(abs_i8((succ_i8(52i8)).eval()?)).eval()
}





## ((--u8 44u8) +u8 (--u8 176u8) /u8 26u8) %u8 absu8 131u8
#![allow(unused_imports)]
#![allow(non_camel_case_types)]
#![allow(non_snake_case)]
#![allow(dead_code)]
#![allow(unsafe_op_in_unsafe_fn)]
#![cfg_attr(rustfmt, rustfmt::skip)]

mod codegen_tests;
pub mod api_helper;

use doodle::prelude::*;
use doodle::try_sub;

/// d#0
fn Decoder0(input: &mut Parser<'_>) -> Result<u8, ParseError> {
Decoder1(input)
}

/// d#1
fn Decoder1(_input: &mut Parser<'_>) -> Result<u8, ParseError> {
(rem_u8((add_u8((pred_u8(44u8)).eval()?, (div_u8((pred_u8(176u8)).eval()?, 26u8)).eval()?)).eval()?, (abs_u8(131u8)).eval()?)).eval()
}





## ++u16 15924u16 +u16 15200u16
#![allow(unused_imports)]
#![allow(non_camel_case_types)]
#![allow(non_snake_case)]
#![allow(dead_code)]
#![allow(unsafe_op_in_unsafe_fn)]
#![cfg_attr(rustfmt, rustfmt::skip)]

mod codegen_tests;
pub mod api_helper;

use doodle::prelude::*;
use doodle::try_sub;

/// d#0
fn Decoder0(input: &mut Parser<'_>) -> Result<u16, ParseError> {
Decoder1(input)
}

/// d#1
fn Decoder1(_input: &mut Parser<'_>) -> Result<u16, ParseError> {
(succ_u16((add_u16(15924u16, 15200u16)).eval()?)).eval()
}





## absu8 (164u8 /u8 106u8)
#![allow(unused_imports)]
#![allow(non_camel_case_types)]
#![allow(non_snake_case)]
#![allow(dead_code)]
#![allow(unsafe_op_in_unsafe_fn)]
#![cfg_attr(rustfmt, rustfmt::skip)]

mod codegen_tests;
pub mod api_helper;

use doodle::prelude::*;
use doodle::try_sub;

/// d#0
fn Decoder0(input: &mut Parser<'_>) -> Result<u8, ParseError> {
Decoder1(input)
}

/// d#1
fn Decoder1(_input: &mut Parser<'_>) -> Result<u8, ParseError> {
(abs_u8((div_u8(164u8, 106u8)).eval()?)).eval()
}





## 125i8 /i8 ~i8 -79i8 /i8 (++i8 93i8)
#![allow(unused_imports)]
#![allow(non_camel_case_types)]
#![allow(non_snake_case)]
#![allow(dead_code)]
#![allow(unsafe_op_in_unsafe_fn)]
#![cfg_attr(rustfmt, rustfmt::skip)]

mod codegen_tests;
pub mod api_helper;

use doodle::prelude::*;
use doodle::try_sub;

/// d#0
fn Decoder0(input: &mut Parser<'_>) -> Result<i8, ParseError> {
Decoder1(input)
}

/// d#1
fn Decoder1(_input: &mut Parser<'_>) -> Result<i8, ParseError> {
(div_i8((div_i8(125i8, (neg_i8(-79i8)).eval()?)).eval()?, (succ_i8(93i8)).eval()?)).eval()
}





## absu32 absu32 absu32 3484488663u32
#![allow(unused_imports)]
#![allow(non_camel_case_types)]
#![allow(non_snake_case)]
#![allow(dead_code)]
#![allow(unsafe_op_in_unsafe_fn)]
#![cfg_attr(rustfmt, rustfmt::skip)]

mod codegen_tests;
pub mod api_helper;

use doodle::prelude::*;
use doodle::try_sub;

/// d#0
fn Decoder0(input: &mut Parser<'_>) -> Result<u32, ParseError> {
Decoder1(input)
}

/// d#1
fn Decoder1(_input: &mut Parser<'_>) -> Result<u32, ParseError> {
(abs_u32((abs_u32((abs_u32(3484488663u32)).eval()?)).eval()?)).eval()
}





## absu16 (20609u16 /u16 absu16 13830u16)
#![allow(unused_imports)]
#![allow(non_camel_case_types)]
#![allow(non_snake_case)]
#![allow(dead_code)]
#![allow(unsafe_op_in_unsafe_fn)]
#![cfg_attr(rustfmt, rustfmt::skip)]

mod codegen_tests;
pub mod api_helper;

use doodle::prelude::*;
use doodle::try_sub;

/// d#0
fn Decoder0(input: &mut Parser<'_>) -> Result<u16, ParseError> {
Decoder1(input)
}

/// d#1
fn Decoder1(_input: &mut Parser<'_>) -> Result<u16, ParseError> {
(abs_u16((div_u16(20609u16, (abs_u16(13830u16)).eval()?)).eval()?)).eval()
}





## absu32 912956161u32
#![allow(unused_imports)]
#![allow(non_camel_case_types)]
#![allow(non_snake_case)]
#![allow(dead_code)]
#![allow(unsafe_op_in_unsafe_fn)]
#![cfg_attr(rustfmt, rustfmt::skip)]

mod codegen_tests;
pub mod api_helper;

use doodle::prelude::*;
use doodle::try_sub;

/// d#0
fn Decoder0(input: &mut Parser<'_>) -> Result<u32, ParseError> {
Decoder1(input)
}

/// d#1
fn Decoder1(_input: &mut Parser<'_>) -> Result<u32, ParseError> {
(abs_u32(912956161u32)).eval()
}





## --u32 --u32 4204984629u32
#![allow(unused_imports)]
#![allow(non_camel_case_types)]
#![allow(non_snake_case)]
#![allow(dead_code)]
#![allow(unsafe_op_in_unsafe_fn)]
#![cfg_attr(rustfmt, rustfmt::skip)]

mod codegen_tests;
pub mod api_helper;

use doodle::prelude::*;
use doodle::try_sub;

/// d#0
fn Decoder0(input: &mut Parser<'_>) -> Result<u32, ParseError> {
Decoder1(input)
}

/// d#1
fn Decoder1(_input: &mut Parser<'_>) -> Result<u32, ParseError> {
(pred_u32((pred_u32(4204984629u32)).eval()?)).eval()
}





## (++u8 202u8) -u8 (205u8 -u8 80u8) %u8 109u8
#![allow(unused_imports)]
#![allow(non_camel_case_types)]
#![allow(non_snake_case)]
#![allow(dead_code)]
#![allow(unsafe_op_in_unsafe_fn)]
#![cfg_attr(rustfmt, rustfmt::skip)]

mod codegen_tests;
pub mod api_helper;

use doodle::prelude::*;
use doodle::try_sub;

/// d#0
fn Decoder0(input: &mut Parser<'_>) -> Result<u8, ParseError> {
Decoder1(input)
}

/// d#1
fn Decoder1(_input: &mut Parser<'_>) -> Result<u8, ParseError> {
(sub_u8((succ_u8(202u8)).eval()?, (rem_u8((sub_u8(205u8, 80u8)).eval()?, 109u8)).eval()?)).eval()
}





## absu8 (++u8 80u8 /u8 175u8 /u8 115u8)
#![allow(unused_imports)]
#![allow(non_camel_case_types)]
#![allow(non_snake_case)]
#![allow(dead_code)]
#![allow(unsafe_op_in_unsafe_fn)]
#![cfg_attr(rustfmt, rustfmt::skip)]

mod codegen_tests;
pub mod api_helper;

use doodle::prelude::*;
use doodle::try_sub;

/// d#0
fn Decoder0(input: &mut Parser<'_>) -> Result<u8, ParseError> {
Decoder1(input)
}

/// d#1
fn Decoder1(_input: &mut Parser<'_>) -> Result<u8, ParseError> {
(abs_u8((succ_u8((div_u8((div_u8(80u8, 175u8)).eval()?, 115u8)).eval()?)).eval()?)).eval()
}





## absu8 (++u8 absu8 60u8 +u8 16u8)
#![allow(unused_imports)]
#![allow(non_camel_case_types)]
#![allow(non_snake_case)]
#![allow(dead_code)]
#![allow(unsafe_op_in_unsafe_fn)]
#![cfg_attr(rustfmt, rustfmt::skip)]

mod codegen_tests;
pub mod api_helper;

use doodle::prelude::*;
use doodle::try_sub;

/// d#0
fn Decoder0(input: &mut Parser<'_>) -> Result<u8, ParseError> {
Decoder1(input)
}

/// d#1
fn Decoder1(_input: &mut Parser<'_>) -> Result<u8, ParseError> {
(abs_u8((succ_u8((add_u8((abs_u8(60u8)).eval()?, 16u8)).eval()?)).eval()?)).eval()
}





## ++i16 ~i16 ~i16 -12576i16
#![allow(unused_imports)]
#![allow(non_camel_case_types)]
#![allow(non_snake_case)]
#![allow(dead_code)]
#![allow(unsafe_op_in_unsafe_fn)]
#![cfg_attr(rustfmt, rustfmt::skip)]

mod codegen_tests;
pub mod api_helper;

use doodle::prelude::*;
use doodle::try_sub;

/// d#0
fn Decoder0(input: &mut Parser<'_>) -> Result<i16, ParseError> {
Decoder1(input)
}

/// d#1
fn Decoder1(_input: &mut Parser<'_>) -> Result<i16, ParseError> {
(succ_i16((neg_i16((neg_i16(-12576i16)).eval()?)).eval()?)).eval()
}





## 125i8 %i8 absi8 absi8 (-111i8 /i8 -83i8)
#![allow(unused_imports)]
#![allow(non_camel_case_types)]
#![allow(non_snake_case)]
#![allow(dead_code)]
#![allow(unsafe_op_in_unsafe_fn)]
#![cfg_attr(rustfmt, rustfmt::skip)]

mod codegen_tests;
pub mod api_helper;

use doodle::prelude::*;
use doodle::try_sub;

/// d#0
fn Decoder0(input: &mut Parser<'_>) -> Result<i8, ParseError> {
Decoder1(input)
}

/// d#1
fn Decoder1(_input: &mut Parser<'_>) -> Result<i8, ParseError> {
(rem_i8(125i8, (abs_i8((abs_i8((div_i8(-111i8, -83i8)).eval()?)).eval()?)).eval()?)).eval()
}





## absu8 (++u8 15u8)
#![allow(unused_imports)]
#![allow(non_camel_case_types)]
#![allow(non_snake_case)]
#![allow(dead_code)]
#![allow(unsafe_op_in_unsafe_fn)]
#![cfg_attr(rustfmt, rustfmt::skip)]

mod codegen_tests;
pub mod api_helper;

use doodle::prelude::*;
use doodle::try_sub;

/// d#0
fn Decoder0(input: &mut Parser<'_>) -> Result<u8, ParseError> {
Decoder1(input)
}

/// d#1
fn Decoder1(_input: &mut Parser<'_>) -> Result<u8, ParseError> {
(abs_u8((succ_u8(15u8)).eval()?)).eval()
}





## absu8 (--u8 absu8 137u8)
#![allow(unused_imports)]
#![allow(non_camel_case_types)]
#![allow(non_snake_case)]
#![allow(dead_code)]
#![allow(unsafe_op_in_unsafe_fn)]
#![cfg_attr(rustfmt, rustfmt::skip)]

mod codegen_tests;
pub mod api_helper;

use doodle::prelude::*;
use doodle::try_sub;

/// d#0
fn Decoder0(input: &mut Parser<'_>) -> Result<u8, ParseError> {
Decoder1(input)
}

/// d#1
fn Decoder1(_input: &mut Parser<'_>) -> Result<u8, ParseError> {
(abs_u8((pred_u8((abs_u8(137u8)).eval()?)).eval()?)).eval()
}





## absi64 ~i64 ~i64 -8097319998309354501i64
#![allow(unused_imports)]
#![allow(non_camel_case_types)]
#![allow(non_snake_case)]
#![allow(dead_code)]
#![allow(unsafe_op_in_unsafe_fn)]
#![cfg_attr(rustfmt, rustfmt::skip)]

mod codegen_tests;
pub mod api_helper;

use doodle::prelude::*;
use doodle::try_sub;

/// d#0
fn Decoder0(input: &mut Parser<'_>) -> Result<i64, ParseError> {
Decoder1(input)
}

/// d#1
fn Decoder1(_input: &mut Parser<'_>) -> Result<i64, ParseError> {
(abs_i64((neg_i64((neg_i64(-8097319998309354501i64)).eval()?)).eval()?)).eval()
}





## absu8 (66u8 /u8 1u8)
#![allow(unused_imports)]
#![allow(non_camel_case_types)]
#![allow(non_snake_case)]
#![allow(dead_code)]
#![allow(unsafe_op_in_unsafe_fn)]
#![cfg_attr(rustfmt, rustfmt::skip)]

mod codegen_tests;
pub mod api_helper;

use doodle::prelude::*;
use doodle::try_sub;

/// d#0
fn Decoder0(input: &mut Parser<'_>) -> Result<u8, ParseError> {
Decoder1(input)
}

/// d#1
fn Decoder1(_input: &mut Parser<'_>) -> Result<u8, ParseError> {
(abs_u8((div_u8(66u8, 1u8)).eval()?)).eval()
}





## absu8 17u8
#![allow(unused_imports)]
#![allow(non_camel_case_types)]
#![allow(non_snake_case)]
#![allow(dead_code)]
#![allow(unsafe_op_in_unsafe_fn)]
#![cfg_attr(rustfmt, rustfmt::skip)]

mod codegen_tests;
pub mod api_helper;

use doodle::prelude::*;
use doodle::try_sub;

/// d#0
fn Decoder0(input: &mut Parser<'_>) -> Result<u8, ParseError> {
Decoder1(input)
}

/// d#1
fn Decoder1(_input: &mut Parser<'_>) -> Result<u8, ParseError> {
(abs_u8(17u8)).eval()
}





## absi32 31263371i32
#![allow(unused_imports)]
#![allow(non_camel_case_types)]
#![allow(non_snake_case)]
#![allow(dead_code)]
#![allow(unsafe_op_in_unsafe_fn)]
#![cfg_attr(rustfmt, rustfmt::skip)]

mod codegen_tests;
pub mod api_helper;

use doodle::prelude::*;
use doodle::try_sub;

/// d#0
fn Decoder0(input: &mut Parser<'_>) -> Result<i32, ParseError> {
Decoder1(input)
}

/// d#1
fn Decoder1(_input: &mut Parser<'_>) -> Result<i32, ParseError> {
(abs_i32(31263371i32)).eval()
}





## absu32 (--u32 1784364352u32)
#![allow(unused_imports)]
#![allow(non_camel_case_types)]
#![allow(non_snake_case)]
#![allow(dead_code)]
#![allow(unsafe_op_in_unsafe_fn)]
#![cfg_attr(rustfmt, rustfmt::skip)]

mod codegen_tests;
pub mod api_helper;

use doodle::prelude::*;
use doodle::try_sub;

/// d#0
fn Decoder0(input: &mut Parser<'_>) -> Result<u32, ParseError> {
Decoder1(input)
}

/// d#1
fn Decoder1(_input: &mut Parser<'_>) -> Result<u32, ParseError> {
(abs_u32((pred_u32(1784364352u32)).eval()?)).eval()
}





## ~i8 -79i8
#![allow(unused_imports)]
#![allow(non_camel_case_types)]
#![allow(non_snake_case)]
#![allow(dead_code)]
#![allow(unsafe_op_in_unsafe_fn)]
#![cfg_attr(rustfmt, rustfmt::skip)]

mod codegen_tests;
pub mod api_helper;

use doodle::prelude::*;
use doodle::try_sub;

/// d#0
fn Decoder0(input: &mut Parser<'_>) -> Result<i8, ParseError> {
Decoder1(input)
}

/// d#1
fn Decoder1(_input: &mut Parser<'_>) -> Result<i8, ParseError> {
(neg_i8(-79i8)).eval()
}





## ++i64 ~i64 (~i64 3615819420514206509i64 +i64 1218082028990934644i64)
#![allow(unused_imports)]
#![allow(non_camel_case_types)]
#![allow(non_snake_case)]
#![allow(dead_code)]
#![allow(unsafe_op_in_unsafe_fn)]
#![cfg_attr(rustfmt, rustfmt::skip)]

mod codegen_tests;
pub mod api_helper;

use doodle::prelude::*;
use doodle::try_sub;

/// d#0
fn Decoder0(input: &mut Parser<'_>) -> Result<i64, ParseError> {
Decoder1(input)
}

/// d#1
fn Decoder1(_input: &mut Parser<'_>) -> Result<i64, ParseError> {
(succ_i64((neg_i64((add_i64((neg_i64(3615819420514206509i64)).eval()?, 1218082028990934644i64)).eval()?)).eval()?)).eval()
}





## ++i8 122i8
#![allow(unused_imports)]
#![allow(non_camel_case_types)]
#![allow(non_snake_case)]
#![allow(dead_code)]
#![allow(unsafe_op_in_unsafe_fn)]
#![cfg_attr(rustfmt, rustfmt::skip)]

mod codegen_tests;
pub mod api_helper;

use doodle::prelude::*;
use doodle::try_sub;

/// d#0
fn Decoder0(input: &mut Parser<'_>) -> Result<i8, ParseError> {
Decoder1(input)
}

/// d#1
fn Decoder1(_input: &mut Parser<'_>) -> Result<i8, ParseError> {
(succ_i8(122i8)).eval()
}





## absu32 (++u32 1819598846u32)
#![allow(unused_imports)]
#![allow(non_camel_case_types)]
#![allow(non_snake_case)]
#![allow(dead_code)]
#![allow(unsafe_op_in_unsafe_fn)]
#![cfg_attr(rustfmt, rustfmt::skip)]

mod codegen_tests;
pub mod api_helper;

use doodle::prelude::*;
use doodle::try_sub;

/// d#0
fn Decoder0(input: &mut Parser<'_>) -> Result<u32, ParseError> {
Decoder1(input)
}

/// d#1
fn Decoder1(_input: &mut Parser<'_>) -> Result<u32, ParseError> {
(abs_u32((succ_u32(1819598846u32)).eval()?)).eval()
}





## --u8 absu8 110u8
#![allow(unused_imports)]
#![allow(non_camel_case_types)]
#![allow(non_snake_case)]
#![allow(dead_code)]
#![allow(unsafe_op_in_unsafe_fn)]
#![cfg_attr(rustfmt, rustfmt::skip)]

mod codegen_tests;
pub mod api_helper;

use doodle::prelude::*;
use doodle::try_sub;

/// d#0
fn Decoder0(input: &mut Parser<'_>) -> Result<u8, ParseError> {
Decoder1(input)
}

/// d#1
fn Decoder1(_input: &mut Parser<'_>) -> Result<u8, ParseError> {
(pred_u8((abs_u8(110u8)).eval()?)).eval()
}





## absu16 58362u16
#![allow(unused_imports)]
#![allow(non_camel_case_types)]
#![allow(non_snake_case)]
#![allow(dead_code)]
#![allow(unsafe_op_in_unsafe_fn)]
#![cfg_attr(rustfmt, rustfmt::skip)]

mod codegen_tests;
pub mod api_helper;

use doodle::prelude::*;
use doodle::try_sub;

/// d#0
fn Decoder0(input: &mut Parser<'_>) -> Result<u16, ParseError> {
Decoder1(input)
}

/// d#1
fn Decoder1(_input: &mut Parser<'_>) -> Result<u16, ParseError> {
(abs_u16(58362u16)).eval()
}





## absi16 30795i16
#![allow(unused_imports)]
#![allow(non_camel_case_types)]
#![allow(non_snake_case)]
#![allow(dead_code)]
#![allow(unsafe_op_in_unsafe_fn)]
#![cfg_attr(rustfmt, rustfmt::skip)]

mod codegen_tests;
pub mod api_helper;

use doodle::prelude::*;
use doodle::try_sub;

/// d#0
fn Decoder0(input: &mut Parser<'_>) -> Result<i16, ParseError> {
Decoder1(input)
}

/// d#1
fn Decoder1(_input: &mut Parser<'_>) -> Result<i16, ParseError> {
(abs_i16(30795i16)).eval()
}





## absu32 (--u32 absu32 1232369513u32)
#![allow(unused_imports)]
#![allow(non_camel_case_types)]
#![allow(non_snake_case)]
#![allow(dead_code)]
#![allow(unsafe_op_in_unsafe_fn)]
#![cfg_attr(rustfmt, rustfmt::skip)]

mod codegen_tests;
pub mod api_helper;

use doodle::prelude::*;
use doodle::try_sub;

/// d#0
fn Decoder0(input: &mut Parser<'_>) -> Result<u32, ParseError> {
Decoder1(input)
}

/// d#1
fn Decoder1(_input: &mut Parser<'_>) -> Result<u32, ParseError> {
(abs_u32((pred_u32((abs_u32(1232369513u32)).eval()?)).eval()?)).eval()
}





## absu8 (82u8 *u8 (219u8 /u8 243u8))
#![allow(unused_imports)]
#![allow(non_camel_case_types)]
#![allow(non_snake_case)]
#![allow(dead_code)]
#![allow(unsafe_op_in_unsafe_fn)]
#![cfg_attr(rustfmt, rustfmt::skip)]

mod codegen_tests;
pub mod api_helper;

use doodle::prelude::*;
use doodle::try_sub;

/// d#0
fn Decoder0(input: &mut Parser<'_>) -> Result<u8, ParseError> {
Decoder1(input)
}

/// d#1
fn Decoder1(_input: &mut Parser<'_>) -> Result<u8, ParseError> {
(abs_u8((mul_u8(82u8, (div_u8(219u8, 243u8)).eval()?)).eval()?)).eval()
}





## 41709u16
#![allow(unused_imports)]
#![allow(non_camel_case_types)]
#![allow(non_snake_case)]
#![allow(dead_code)]
#![allow(unsafe_op_in_unsafe_fn)]
#![cfg_attr(rustfmt, rustfmt::skip)]

mod codegen_tests;
pub mod api_helper;

use doodle::prelude::*;
use doodle::try_sub;

/// d#0
fn Decoder0(input: &mut Parser<'_>) -> Result<u16, ParseError> {
Decoder1(input)
}

/// d#1
fn Decoder1(_input: &mut Parser<'_>) -> Result<u16, ParseError> {
PResult::Ok(41709u16)
}





## -17i8
#![allow(unused_imports)]
#![allow(non_camel_case_types)]
#![allow(non_snake_case)]
#![allow(dead_code)]
#![allow(unsafe_op_in_unsafe_fn)]
#![cfg_attr(rustfmt, rustfmt::skip)]

mod codegen_tests;
pub mod api_helper;

use doodle::prelude::*;
use doodle::try_sub;

/// d#0
fn Decoder0(input: &mut Parser<'_>) -> Result<i8, ParseError> {
Decoder1(input)
}

/// d#1
fn Decoder1(_input: &mut Parser<'_>) -> Result<i8, ParseError> {
PResult::Ok(-17i8)
}





## (5u8 +u8 54u8) /u8 222u8
#![allow(unused_imports)]
#![allow(non_camel_case_types)]
#![allow(non_snake_case)]
#![allow(dead_code)]
#![allow(unsafe_op_in_unsafe_fn)]
#![cfg_attr(rustfmt, rustfmt::skip)]

mod codegen_tests;
pub mod api_helper;

use doodle::prelude::*;
use doodle::try_sub;

/// d#0
fn Decoder0(input: &mut Parser<'_>) -> Result<u8, ParseError> {
Decoder1(input)
}

/// d#1
fn Decoder1(_input: &mut Parser<'_>) -> Result<u8, ParseError> {
(div_u8((add_u8(5u8, 54u8)).eval()?, 222u8)).eval()
}





## --i8 -54i8
#![allow(unused_imports)]
#![allow(non_camel_case_types)]
#![allow(non_snake_case)]
#![allow(dead_code)]
#![allow(unsafe_op_in_unsafe_fn)]
#![cfg_attr(rustfmt, rustfmt::skip)]

mod codegen_tests;
pub mod api_helper;

use doodle::prelude::*;
use doodle::try_sub;

/// d#0
fn Decoder0(input: &mut Parser<'_>) -> Result<i8, ParseError> {
Decoder1(input)
}

/// d#1
fn Decoder1(_input: &mut Parser<'_>) -> Result<i8, ParseError> {
(pred_i8(-54i8)).eval()
}





## -50i8 -i8 (--i8 -107i8)
#![allow(unused_imports)]
#![allow(non_camel_case_types)]
#![allow(non_snake_case)]
#![allow(dead_code)]
#![allow(unsafe_op_in_unsafe_fn)]
#![cfg_attr(rustfmt, rustfmt::skip)]

mod codegen_tests;
pub mod api_helper;

use doodle::prelude::*;
use doodle::try_sub;

/// d#0
fn Decoder0(input: &mut Parser<'_>) -> Result<i8, ParseError> {
Decoder1(input)
}

/// d#1
fn Decoder1(_input: &mut Parser<'_>) -> Result<i8, ParseError> {
(sub_i8(-50i8, (pred_i8(-107i8)).eval()?)).eval()
}





## absu8 absu8 (70u8 /u8 182u8)
#![allow(unused_imports)]
#![allow(non_camel_case_types)]
#![allow(non_snake_case)]
#![allow(dead_code)]
#![allow(unsafe_op_in_unsafe_fn)]
#![cfg_attr(rustfmt, rustfmt::skip)]

mod codegen_tests;
pub mod api_helper;

use doodle::prelude::*;
use doodle::try_sub;

/// d#0
fn Decoder0(input: &mut Parser<'_>) -> Result<u8, ParseError> {
Decoder1(input)
}

/// d#1
fn Decoder1(_input: &mut Parser<'_>) -> Result<u8, ParseError> {
(abs_u8((abs_u8((div_u8(70u8, 182u8)).eval()?)).eval()?)).eval()
}





## (++i8 69i8) /i8 ~i8 122i8
#![allow(unused_imports)]
#![allow(non_camel_case_types)]
#![allow(non_snake_case)]
#![allow(dead_code)]
#![allow(unsafe_op_in_unsafe_fn)]
#![cfg_attr(rustfmt, rustfmt::skip)]

mod codegen_tests;
pub mod api_helper;

use doodle::prelude::*;
use doodle::try_sub;

/// d#0
fn Decoder0(input: &mut Parser<'_>) -> Result<i8, ParseError> {
Decoder1(input)
}

/// d#1
fn Decoder1(_input: &mut Parser<'_>) -> Result<i8, ParseError> {
(div_i8((succ_i8(69i8)).eval()?, (neg_i8(122i8)).eval()?)).eval()
}





## 6u8 /u8 (144u8 -u8 (--u8 34u8))
#![allow(unused_imports)]
#![allow(non_camel_case_types)]
#![allow(non_snake_case)]
#![allow(dead_code)]
#![allow(unsafe_op_in_unsafe_fn)]
#![cfg_attr(rustfmt, rustfmt::skip)]

mod codegen_tests;
pub mod api_helper;

use doodle::prelude::*;
use doodle::try_sub;

/// d#0
fn Decoder0(input: &mut Parser<'_>) -> Result<u8, ParseError> {
Decoder1(input)
}

/// d#1
fn Decoder1(_input: &mut Parser<'_>) -> Result<u8, ParseError> {
(div_u8(6u8, (sub_u8(144u8, (pred_u8(34u8)).eval()?)).eval()?)).eval()
}





## absu32 absu32 (++u32 1663966153u32)
#![allow(unused_imports)]
#![allow(non_camel_case_types)]
#![allow(non_snake_case)]
#![allow(dead_code)]
#![allow(unsafe_op_in_unsafe_fn)]
#![cfg_attr(rustfmt, rustfmt::skip)]

mod codegen_tests;
pub mod api_helper;

use doodle::prelude::*;
use doodle::try_sub;

/// d#0
fn Decoder0(input: &mut Parser<'_>) -> Result<u32, ParseError> {
Decoder1(input)
}

/// d#1
fn Decoder1(_input: &mut Parser<'_>) -> Result<u32, ParseError> {
(abs_u32((abs_u32((succ_u32(1663966153u32)).eval()?)).eval()?)).eval()
}





## ~i8 ~i8 -86i8
#![allow(unused_imports)]
#![allow(non_camel_case_types)]
#![allow(non_snake_case)]
#![allow(dead_code)]
#![allow(unsafe_op_in_unsafe_fn)]
#![cfg_attr(rustfmt, rustfmt::skip)]

mod codegen_tests;
pub mod api_helper;

use doodle::prelude::*;
use doodle::try_sub;

/// d#0
fn Decoder0(input: &mut Parser<'_>) -> Result<i8, ParseError> {
Decoder1(input)
}

/// d#1
fn Decoder1(_input: &mut Parser<'_>) -> Result<i8, ParseError> {
(neg_i8((neg_i8(-86i8)).eval()?)).eval()
}





## (-34i8 +i8 -11i8) *i8 (105i8 -i8 ~i8 -106i8) -i8 (++i8 -47i8)
#![allow(unused_imports)]
#![allow(non_camel_case_types)]
#![allow(non_snake_case)]
#![allow(dead_code)]
#![allow(unsafe_op_in_unsafe_fn)]
#![cfg_attr(rustfmt, rustfmt::skip)]

mod codegen_tests;
pub mod api_helper;

use doodle::prelude::*;
use doodle::try_sub;

/// d#0
fn Decoder0(input: &mut Parser<'_>) -> Result<i8, ParseError> {
Decoder1(input)
}

/// d#1
fn Decoder1(_input: &mut Parser<'_>) -> Result<i8, ParseError> {
(sub_i8((mul_i8((add_i8(-34i8, -11i8)).eval()?, (sub_i8(105i8, (neg_i8(-106i8)).eval()?)).eval()?)).eval()?, (succ_i8(-47i8)).eval()?)).eval()
}





## absu8 74u8
#![allow(unused_imports)]
#![allow(non_camel_case_types)]
#![allow(non_snake_case)]
#![allow(dead_code)]
#![allow(unsafe_op_in_unsafe_fn)]
#![cfg_attr(rustfmt, rustfmt::skip)]

mod codegen_tests;
pub mod api_helper;

use doodle::prelude::*;
use doodle::try_sub;

/// d#0
fn Decoder0(input: &mut Parser<'_>) -> Result<u8, ParseError> {
Decoder1(input)
}

/// d#1
fn Decoder1(_input: &mut Parser<'_>) -> Result<u8, ParseError> {
(abs_u8(74u8)).eval()
}





## absu32 (--u32 2454158703u32)
#![allow(unused_imports)]
#![allow(non_camel_case_types)]
#![allow(non_snake_case)]
#![allow(dead_code)]
#![allow(unsafe_op_in_unsafe_fn)]
#![cfg_attr(rustfmt, rustfmt::skip)]

mod codegen_tests;
pub mod api_helper;

use doodle::prelude::*;
use doodle::try_sub;

/// d#0
fn Decoder0(input: &mut Parser<'_>) -> Result<u32, ParseError> {
Decoder1(input)
}

/// d#1
fn Decoder1(_input: &mut Parser<'_>) -> Result<u32, ParseError> {
(abs_u32((pred_u32(2454158703u32)).eval()?)).eval()
}





## absu8 202u8
#![allow(unused_imports)]
#![allow(non_camel_case_types)]
#![allow(non_snake_case)]
#![allow(dead_code)]
#![allow(unsafe_op_in_unsafe_fn)]
#![cfg_attr(rustfmt, rustfmt::skip)]

mod codegen_tests;
pub mod api_helper;

use doodle::prelude::*;
use doodle::try_sub;

/// d#0
fn Decoder0(input: &mut Parser<'_>) -> Result<u8, ParseError> {
Decoder1(input)
}

/// d#1
fn Decoder1(_input: &mut Parser<'_>) -> Result<u8, ParseError> {
(abs_u8(202u8)).eval()
}





## ++u8 120u8
#![allow(unused_imports)]
#![allow(non_camel_case_types)]
#![allow(non_snake_case)]
#![allow(dead_code)]
#![allow(unsafe_op_in_unsafe_fn)]
#![cfg_attr(rustfmt, rustfmt::skip)]

mod codegen_tests;
pub mod api_helper;

use doodle::prelude::*;
use doodle::try_sub;

/// d#0
fn Decoder0(input: &mut Parser<'_>) -> Result<u8, ParseError> {
Decoder1(input)
}

/// d#1
fn Decoder1(_input: &mut Parser<'_>) -> Result<u8, ParseError> {
(succ_u8(120u8)).eval()
}





## ++i8 -21i8
#![allow(unused_imports)]
#![allow(non_camel_case_types)]
#![allow(non_snake_case)]
#![allow(dead_code)]
#![allow(unsafe_op_in_unsafe_fn)]
#![cfg_attr(rustfmt, rustfmt::skip)]

mod codegen_tests;
pub mod api_helper;

use doodle::prelude::*;
use doodle::try_sub;

/// d#0
fn Decoder0(input: &mut Parser<'_>) -> Result<i8, ParseError> {
Decoder1(input)
}

/// d#1
fn Decoder1(_input: &mut Parser<'_>) -> Result<i8, ParseError> {
(succ_i8(-21i8)).eval()
}





## absu8 (--u8 221u8)
#![allow(unused_imports)]
#![allow(non_camel_case_types)]
#![allow(non_snake_case)]
#![allow(dead_code)]
#![allow(unsafe_op_in_unsafe_fn)]
#![cfg_attr(rustfmt, rustfmt::skip)]

mod codegen_tests;
pub mod api_helper;

use doodle::prelude::*;
use doodle::try_sub;

/// d#0
fn Decoder0(input: &mut Parser<'_>) -> Result<u8, ParseError> {
Decoder1(input)
}

/// d#1
fn Decoder1(_input: &mut Parser<'_>) -> Result<u8, ParseError> {
(abs_u8((pred_u8(221u8)).eval()?)).eval()
}





## ++i16 14803i16
#![allow(unused_imports)]
#![allow(non_camel_case_types)]
#![allow(non_snake_case)]
#![allow(dead_code)]
#![allow(unsafe_op_in_unsafe_fn)]
#![cfg_attr(rustfmt, rustfmt::skip)]

mod codegen_tests;
pub mod api_helper;

use doodle::prelude::*;
use doodle::try_sub;

/// d#0
fn Decoder0(input: &mut Parser<'_>) -> Result<i16, ParseError> {
Decoder1(input)
}

/// d#1
fn Decoder1(_input: &mut Parser<'_>) -> Result<i16, ParseError> {
(succ_i16(14803i16)).eval()
}





## absu16 absu16 16640u16
#![allow(unused_imports)]
#![allow(non_camel_case_types)]
#![allow(non_snake_case)]
#![allow(dead_code)]
#![allow(unsafe_op_in_unsafe_fn)]
#![cfg_attr(rustfmt, rustfmt::skip)]

mod codegen_tests;
pub mod api_helper;

use doodle::prelude::*;
use doodle::try_sub;

/// d#0
fn Decoder0(input: &mut Parser<'_>) -> Result<u16, ParseError> {
Decoder1(input)
}

/// d#1
fn Decoder1(_input: &mut Parser<'_>) -> Result<u16, ParseError> {
(abs_u16((abs_u16(16640u16)).eval()?)).eval()
}





## 247u8 -u8 110u8
#![allow(unused_imports)]
#![allow(non_camel_case_types)]
#![allow(non_snake_case)]
#![allow(dead_code)]
#![allow(unsafe_op_in_unsafe_fn)]
#![cfg_attr(rustfmt, rustfmt::skip)]

mod codegen_tests;
pub mod api_helper;

use doodle::prelude::*;
use doodle::try_sub;

/// d#0
fn Decoder0(input: &mut Parser<'_>) -> Result<u8, ParseError> {
Decoder1(input)
}

/// d#1
fn Decoder1(_input: &mut Parser<'_>) -> Result<u8, ParseError> {
(sub_u8(247u8, 110u8)).eval()
}





## absi16 absi16 26429i16
#![allow(unused_imports)]
#![allow(non_camel_case_types)]
#![allow(non_snake_case)]
#![allow(dead_code)]
#![allow(unsafe_op_in_unsafe_fn)]
#![cfg_attr(rustfmt, rustfmt::skip)]

mod codegen_tests;
pub mod api_helper;

use doodle::prelude::*;
use doodle::try_sub;

/// d#0
fn Decoder0(input: &mut Parser<'_>) -> Result<i16, ParseError> {
Decoder1(input)
}

/// d#1
fn Decoder1(_input: &mut Parser<'_>) -> Result<i16, ParseError> {
(abs_i16((abs_i16(26429i16)).eval()?)).eval()
}





## --u64 --u64 15080801417998835419u64
#![allow(unused_imports)]
#![allow(non_camel_case_types)]
#![allow(non_snake_case)]
#![allow(dead_code)]
#![allow(unsafe_op_in_unsafe_fn)]
#![cfg_attr(rustfmt, rustfmt::skip)]

mod codegen_tests;
pub mod api_helper;

use doodle::prelude::*;
use doodle::try_sub;

/// d#0
fn Decoder0(input: &mut Parser<'_>) -> Result<u64, ParseError> {
Decoder1(input)
}

/// d#1
fn Decoder1(_input: &mut Parser<'_>) -> Result<u64, ParseError> {
(pred_u64((pred_u64(15080801417998835419u64)).eval()?)).eval()
}





## ~i8 (--i8 -78i8)
#![allow(unused_imports)]
#![allow(non_camel_case_types)]
#![allow(non_snake_case)]
#![allow(dead_code)]
#![allow(unsafe_op_in_unsafe_fn)]
#![cfg_attr(rustfmt, rustfmt::skip)]

mod codegen_tests;
pub mod api_helper;

use doodle::prelude::*;
use doodle::try_sub;

/// d#0
fn Decoder0(input: &mut Parser<'_>) -> Result<i8, ParseError> {
Decoder1(input)
}

/// d#1
fn Decoder1(_input: &mut Parser<'_>) -> Result<i8, ParseError> {
(neg_i8((pred_i8(-78i8)).eval()?)).eval()
}





## absu64 absu64 4865063225344127967u64
#![allow(unused_imports)]
#![allow(non_camel_case_types)]
#![allow(non_snake_case)]
#![allow(dead_code)]
#![allow(unsafe_op_in_unsafe_fn)]
#![cfg_attr(rustfmt, rustfmt::skip)]

mod codegen_tests;
pub mod api_helper;

use doodle::prelude::*;
use doodle::try_sub;

/// d#0
fn Decoder0(input: &mut Parser<'_>) -> Result<u64, ParseError> {
Decoder1(input)
}

/// d#1
fn Decoder1(_input: &mut Parser<'_>) -> Result<u64, ParseError> {
(abs_u64((abs_u64(4865063225344127967u64)).eval()?)).eval()
}





## -23i8 +i8 72i8 -i8 -1i8
#![allow(unused_imports)]
#![allow(non_camel_case_types)]
#![allow(non_snake_case)]
#![allow(dead_code)]
#![allow(unsafe_op_in_unsafe_fn)]
#![cfg_attr(rustfmt, rustfmt::skip)]

mod codegen_tests;
pub mod api_helper;

use doodle::prelude::*;
use doodle::try_sub;

/// d#0
fn Decoder0(input: &mut Parser<'_>) -> Result<i8, ParseError> {
Decoder1(input)
}

/// d#1
fn Decoder1(_input: &mut Parser<'_>) -> Result<i8, ParseError> {
(sub_i8((add_i8(-23i8, 72i8)).eval()?, -1i8)).eval()
}





## ++u8 --u8 --u8 70u8
#![allow(unused_imports)]
#![allow(non_camel_case_types)]
#![allow(non_snake_case)]
#![allow(dead_code)]
#![allow(unsafe_op_in_unsafe_fn)]
#![cfg_attr(rustfmt, rustfmt::skip)]

mod codegen_tests;
pub mod api_helper;

use doodle::prelude::*;
use doodle::try_sub;

/// d#0
fn Decoder0(input: &mut Parser<'_>) -> Result<u8, ParseError> {
Decoder1(input)
}

/// d#1
fn Decoder1(_input: &mut Parser<'_>) -> Result<u8, ParseError> {
(succ_u8((pred_u8((pred_u8(70u8)).eval()?)).eval()?)).eval()
}





## 211u8
#![allow(unused_imports)]
#![allow(non_camel_case_types)]
#![allow(non_snake_case)]
#![allow(dead_code)]
#![allow(unsafe_op_in_unsafe_fn)]
#![cfg_attr(rustfmt, rustfmt::skip)]

mod codegen_tests;
pub mod api_helper;

use doodle::prelude::*;
use doodle::try_sub;

/// d#0
fn Decoder0(input: &mut Parser<'_>) -> Result<u8, ParseError> {
Decoder1(input)
}

/// d#1
fn Decoder1(_input: &mut Parser<'_>) -> Result<u8, ParseError> {
PResult::Ok(211u8)
}





## 198u8 /u8 47u8
#![allow(unused_imports)]
#![allow(non_camel_case_types)]
#![allow(non_snake_case)]
#![allow(dead_code)]
#![allow(unsafe_op_in_unsafe_fn)]
#![cfg_attr(rustfmt, rustfmt::skip)]

mod codegen_tests;
pub mod api_helper;

use doodle::prelude::*;
use doodle::try_sub;

/// d#0
fn Decoder0(input: &mut Parser<'_>) -> Result<u8, ParseError> {
Decoder1(input)
}

/// d#1
fn Decoder1(_input: &mut Parser<'_>) -> Result<u8, ParseError> {
(div_u8(198u8, 47u8)).eval()
}





## -91i8 /i8 (absi8 73i8 *i8 (103i8 /i8 100i8))
#![allow(unused_imports)]
#![allow(non_camel_case_types)]
#![allow(non_snake_case)]
#![allow(dead_code)]
#![allow(unsafe_op_in_unsafe_fn)]
#![cfg_attr(rustfmt, rustfmt::skip)]

mod codegen_tests;
pub mod api_helper;

use doodle::prelude::*;
use doodle::try_sub;

/// d#0
fn Decoder0(input: &mut Parser<'_>) -> Result<i8, ParseError> {
Decoder1(input)
}

/// d#1
fn Decoder1(_input: &mut Parser<'_>) -> Result<i8, ParseError> {
(div_i8(-91i8, (mul_i8((abs_i8(73i8)).eval()?, (div_i8(103i8, 100i8)).eval()?)).eval()?)).eval()
}





## absu8 (197u8 %u8 46u8)
#![allow(unused_imports)]
#![allow(non_camel_case_types)]
#![allow(non_snake_case)]
#![allow(dead_code)]
#![allow(unsafe_op_in_unsafe_fn)]
#![cfg_attr(rustfmt, rustfmt::skip)]

mod codegen_tests;
pub mod api_helper;

use doodle::prelude::*;
use doodle::try_sub;

/// d#0
fn Decoder0(input: &mut Parser<'_>) -> Result<u8, ParseError> {
Decoder1(input)
}

/// d#1
fn Decoder1(_input: &mut Parser<'_>) -> Result<u8, ParseError> {
(abs_u8((rem_u8(197u8, 46u8)).eval()?)).eval()
}





## 79u8 %u8 138u8 /u8 110u8 %u8 101u8
#![allow(unused_imports)]
#![allow(non_camel_case_types)]
#![allow(non_snake_case)]
#![allow(dead_code)]
#![allow(unsafe_op_in_unsafe_fn)]
#![cfg_attr(rustfmt, rustfmt::skip)]

mod codegen_tests;
pub mod api_helper;

use doodle::prelude::*;
use doodle::try_sub;

/// d#0
fn Decoder0(input: &mut Parser<'_>) -> Result<u8, ParseError> {
Decoder1(input)
}

/// d#1
fn Decoder1(_input: &mut Parser<'_>) -> Result<u8, ParseError> {
(rem_u8(79u8, (div_u8(138u8, (rem_u8(110u8, 101u8)).eval()?)).eval()?)).eval()
}





## (++i8 43i8) -i8 105i8
#![allow(unused_imports)]
#![allow(non_camel_case_types)]
#![allow(non_snake_case)]
#![allow(dead_code)]
#![allow(unsafe_op_in_unsafe_fn)]
#![cfg_attr(rustfmt, rustfmt::skip)]

mod codegen_tests;
pub mod api_helper;

use doodle::prelude::*;
use doodle::try_sub;

/// d#0
fn Decoder0(input: &mut Parser<'_>) -> Result<i8, ParseError> {
Decoder1(input)
}

/// d#1
fn Decoder1(_input: &mut Parser<'_>) -> Result<i8, ParseError> {
(sub_i8((succ_i8(43i8)).eval()?, 105i8)).eval()
}





## absu32 (++u32 3016651888u32)
#![allow(unused_imports)]
#![allow(non_camel_case_types)]
#![allow(non_snake_case)]
#![allow(dead_code)]
#![allow(unsafe_op_in_unsafe_fn)]
#![cfg_attr(rustfmt, rustfmt::skip)]

mod codegen_tests;
pub mod api_helper;

use doodle::prelude::*;
use doodle::try_sub;

/// d#0
fn Decoder0(input: &mut Parser<'_>) -> Result<u32, ParseError> {
Decoder1(input)
}

/// d#1
fn Decoder1(_input: &mut Parser<'_>) -> Result<u32, ParseError> {
(abs_u32((succ_u32(3016651888u32)).eval()?)).eval()
}





## --i16 ~i16 -22692i16
#![allow(unused_imports)]
#![allow(non_camel_case_types)]
#![allow(non_snake_case)]
#![allow(dead_code)]
#![allow(unsafe_op_in_unsafe_fn)]
#![cfg_attr(rustfmt, rustfmt::skip)]

mod codegen_tests;
pub mod api_helper;

use doodle::prelude::*;
use doodle::try_sub;

/// d#0
fn Decoder0(input: &mut Parser<'_>) -> Result<i16, ParseError> {
Decoder1(input)
}

/// d#1
fn Decoder1(_input: &mut Parser<'_>) -> Result<i16, ParseError> {
(pred_i16((neg_i16(-22692i16)).eval()?)).eval()
}





## (-73i8 -i8 -23i8) /i8 111i8 /i8 (++i8 -60i8)
#![allow(unused_imports)]
#![allow(non_camel_case_types)]
#![allow(non_snake_case)]
#![allow(dead_code)]
#![allow(unsafe_op_in_unsafe_fn)]
#![cfg_attr(rustfmt, rustfmt::skip)]

mod codegen_tests;
pub mod api_helper;

use doodle::prelude::*;
use doodle::try_sub;

/// d#0
fn Decoder0(input: &mut Parser<'_>) -> Result<i8, ParseError> {
Decoder1(input)
}

/// d#1
fn Decoder1(_input: &mut Parser<'_>) -> Result<i8, ParseError> {
(div_i8((div_i8((sub_i8(-73i8, -23i8)).eval()?, 111i8)).eval()?, (succ_i8(-60i8)).eval()?)).eval()
}





## ++i8 absi8 (51i8 /i8 54i8)
#![allow(unused_imports)]
#![allow(non_camel_case_types)]
#![allow(non_snake_case)]
#![allow(dead_code)]
#![allow(unsafe_op_in_unsafe_fn)]
#![cfg_attr(rustfmt, rustfmt::skip)]

mod codegen_tests;
pub mod api_helper;

use doodle::prelude::*;
use doodle::try_sub;

/// d#0
fn Decoder0(input: &mut Parser<'_>) -> Result<i8, ParseError> {
Decoder1(input)
}

/// d#1
fn Decoder1(_input: &mut Parser<'_>) -> Result<i8, ParseError> {
(succ_i8((abs_i8((div_i8(51i8, 54i8)).eval()?)).eval()?)).eval()
}





## absi32 ~i32 absi32 -1056296474i32
#![allow(unused_imports)]
#![allow(non_camel_case_types)]
#![allow(non_snake_case)]
#![allow(dead_code)]
#![allow(unsafe_op_in_unsafe_fn)]
#![cfg_attr(rustfmt, rustfmt::skip)]

mod codegen_tests;
pub mod api_helper;

use doodle::prelude::*;
use doodle::try_sub;

/// d#0
fn Decoder0(input: &mut Parser<'_>) -> Result<i32, ParseError> {
Decoder1(input)
}

/// d#1
fn Decoder1(_input: &mut Parser<'_>) -> Result<i32, ParseError> {
(abs_i32((neg_i32((abs_i32(-1056296474i32)).eval()?)).eval()?)).eval()
}





## 221u8
#![allow(unused_imports)]
#![allow(non_camel_case_types)]
#![allow(non_snake_case)]
#![allow(dead_code)]
#![allow(unsafe_op_in_unsafe_fn)]
#![cfg_attr(rustfmt, rustfmt::skip)]

mod codegen_tests;
pub mod api_helper;

use doodle::prelude::*;
use doodle::try_sub;

/// d#0
fn Decoder0(input: &mut Parser<'_>) -> Result<u8, ParseError> {
Decoder1(input)
}

/// d#1
fn Decoder1(_input: &mut Parser<'_>) -> Result<u8, ParseError> {
PResult::Ok(221u8)
}





## absi32 absi32 -678877086i32
#![allow(unused_imports)]
#![allow(non_camel_case_types)]
#![allow(non_snake_case)]
#![allow(dead_code)]
#![allow(unsafe_op_in_unsafe_fn)]
#![cfg_attr(rustfmt, rustfmt::skip)]

mod codegen_tests;
pub mod api_helper;

use doodle::prelude::*;
use doodle::try_sub;

/// d#0
fn Decoder0(input: &mut Parser<'_>) -> Result<i32, ParseError> {
Decoder1(input)
}

/// d#1
fn Decoder1(_input: &mut Parser<'_>) -> Result<i32, ParseError> {
(abs_i32((abs_i32(-678877086i32)).eval()?)).eval()
}





## absi8 ~i8 -73i8 %i8 108i8 %i8 58i8
#![allow(unused_imports)]
#![allow(non_camel_case_types)]
#![allow(non_snake_case)]
#![allow(dead_code)]
#![allow(unsafe_op_in_unsafe_fn)]
#![cfg_attr(rustfmt, rustfmt::skip)]

mod codegen_tests;
pub mod api_helper;

use doodle::prelude::*;
use doodle::try_sub;

/// d#0
fn Decoder0(input: &mut Parser<'_>) -> Result<i8, ParseError> {
Decoder1(input)
}

/// d#1
fn Decoder1(_input: &mut Parser<'_>) -> Result<i8, ParseError> {
(rem_i8((abs_i8((neg_i8(-73i8)).eval()?)).eval()?, (rem_i8(108i8, 58i8)).eval()?)).eval()
}





## ++u16 ++u16 39145u16
#![allow(unused_imports)]
#![allow(non_camel_case_types)]
#![allow(non_snake_case)]
#![allow(dead_code)]
#![allow(unsafe_op_in_unsafe_fn)]
#![cfg_attr(rustfmt, rustfmt::skip)]

mod codegen_tests;
pub mod api_helper;

use doodle::prelude::*;
use doodle::try_sub;

/// d#0
fn Decoder0(input: &mut Parser<'_>) -> Result<u16, ParseError> {
Decoder1(input)
}

/// d#1
fn Decoder1(_input: &mut Parser<'_>) -> Result<u16, ParseError> {
(succ_u16((succ_u16(39145u16)).eval()?)).eval()
}





## absi8 (--i8 --i8 48i8)
#![allow(unused_imports)]
#![allow(non_camel_case_types)]
#![allow(non_snake_case)]
#![allow(dead_code)]
#![allow(unsafe_op_in_unsafe_fn)]
#![cfg_attr(rustfmt, rustfmt::skip)]

mod codegen_tests;
pub mod api_helper;

use doodle::prelude::*;
use doodle::try_sub;

/// d#0
fn Decoder0(input: &mut Parser<'_>) -> Result<i8, ParseError> {
Decoder1(input)
}

/// d#1
fn Decoder1(_input: &mut Parser<'_>) -> Result<i8, ParseError> {
(abs_i8((pred_i8((pred_i8(48i8)).eval()?)).eval()?)).eval()
}





## ++u64 absu64 2765630508392561930u64
#![allow(unused_imports)]
#![allow(non_camel_case_types)]
#![allow(non_snake_case)]
#![allow(dead_code)]
#![allow(unsafe_op_in_unsafe_fn)]
#![cfg_attr(rustfmt, rustfmt::skip)]

mod codegen_tests;
pub mod api_helper;

use doodle::prelude::*;
use doodle::try_sub;

/// d#0
fn Decoder0(input: &mut Parser<'_>) -> Result<u64, ParseError> {
Decoder1(input)
}

/// d#1
fn Decoder1(_input: &mut Parser<'_>) -> Result<u64, ParseError> {
(succ_u64((abs_u64(2765630508392561930u64)).eval()?)).eval()
}





## absu8 absu8 43u8
#![allow(unused_imports)]
#![allow(non_camel_case_types)]
#![allow(non_snake_case)]
#![allow(dead_code)]
#![allow(unsafe_op_in_unsafe_fn)]
#![cfg_attr(rustfmt, rustfmt::skip)]

mod codegen_tests;
pub mod api_helper;

use doodle::prelude::*;
use doodle::try_sub;

/// d#0
fn Decoder0(input: &mut Parser<'_>) -> Result<u8, ParseError> {
Decoder1(input)
}

/// d#1
fn Decoder1(_input: &mut Parser<'_>) -> Result<u8, ParseError> {
(abs_u8((abs_u8(43u8)).eval()?)).eval()
}





## ~i8 83i8
#![allow(unused_imports)]
#![allow(non_camel_case_types)]
#![allow(non_snake_case)]
#![allow(dead_code)]
#![allow(unsafe_op_in_unsafe_fn)]
#![cfg_attr(rustfmt, rustfmt::skip)]

mod codegen_tests;
pub mod api_helper;

use doodle::prelude::*;
use doodle::try_sub;

/// d#0
fn Decoder0(input: &mut Parser<'_>) -> Result<i8, ParseError> {
Decoder1(input)
}

/// d#1
fn Decoder1(_input: &mut Parser<'_>) -> Result<i8, ParseError> {
(neg_i8(83i8)).eval()
}





## ~i16 29063i16
#![allow(unused_imports)]
#![allow(non_camel_case_types)]
#![allow(non_snake_case)]
#![allow(dead_code)]
#![allow(unsafe_op_in_unsafe_fn)]
#![cfg_attr(rustfmt, rustfmt::skip)]

mod codegen_tests;
pub mod api_helper;

use doodle::prelude::*;
use doodle::try_sub;

/// d#0
fn Decoder0(input: &mut Parser<'_>) -> Result<i16, ParseError> {
Decoder1(input)
}

/// d#1
fn Decoder1(_input: &mut Parser<'_>) -> Result<i16, ParseError> {
(neg_i16(29063i16)).eval()
}





## --u64 absu64 11722025064424348142u64
#![allow(unused_imports)]
#![allow(non_camel_case_types)]
#![allow(non_snake_case)]
#![allow(dead_code)]
#![allow(unsafe_op_in_unsafe_fn)]
#![cfg_attr(rustfmt, rustfmt::skip)]

mod codegen_tests;
pub mod api_helper;

use doodle::prelude::*;
use doodle::try_sub;

/// d#0
fn Decoder0(input: &mut Parser<'_>) -> Result<u64, ParseError> {
Decoder1(input)
}

/// d#1
fn Decoder1(_input: &mut Parser<'_>) -> Result<u64, ParseError> {
(pred_u64((abs_u64(11722025064424348142u64)).eval()?)).eval()
}





## --i8 -24i8
#![allow(unused_imports)]
#![allow(non_camel_case_types)]
#![allow(non_snake_case)]
#![allow(dead_code)]
#![allow(unsafe_op_in_unsafe_fn)]
#![cfg_attr(rustfmt, rustfmt::skip)]

mod codegen_tests;
pub mod api_helper;

use doodle::prelude::*;
use doodle::try_sub;

/// d#0
fn Decoder0(input: &mut Parser<'_>) -> Result<i8, ParseError> {
Decoder1(input)
}

/// d#1
fn Decoder1(_input: &mut Parser<'_>) -> Result<i8, ParseError> {
(pred_i8(-24i8)).eval()
}





## --u32 3774808493u32
#![allow(unused_imports)]
#![allow(non_camel_case_types)]
#![allow(non_snake_case)]
#![allow(dead_code)]
#![allow(unsafe_op_in_unsafe_fn)]
#![cfg_attr(rustfmt, rustfmt::skip)]

mod codegen_tests;
pub mod api_helper;

use doodle::prelude::*;
use doodle::try_sub;

/// d#0
fn Decoder0(input: &mut Parser<'_>) -> Result<u32, ParseError> {
Decoder1(input)
}

/// d#1
fn Decoder1(_input: &mut Parser<'_>) -> Result<u32, ParseError> {
(pred_u32(3774808493u32)).eval()
}





## 23i8 -i8 absi8 -2i8
#![allow(unused_imports)]
#![allow(non_camel_case_types)]
#![allow(non_snake_case)]
#![allow(dead_code)]
#![allow(unsafe_op_in_unsafe_fn)]
#![cfg_attr(rustfmt, rustfmt::skip)]

mod codegen_tests;
pub mod api_helper;

use doodle::prelude::*;
use doodle::try_sub;

/// d#0
fn Decoder0(input: &mut Parser<'_>) -> Result<i8, ParseError> {
Decoder1(input)
}

/// d#1
fn Decoder1(_input: &mut Parser<'_>) -> Result<i8, ParseError> {
(sub_i8(23i8, (abs_i8(-2i8)).eval()?)).eval()
}





## --u16 absu16 ((--u16 28410u16) -u16 889u16)
#![allow(unused_imports)]
#![allow(non_camel_case_types)]
#![allow(non_snake_case)]
#![allow(dead_code)]
#![allow(unsafe_op_in_unsafe_fn)]
#![cfg_attr(rustfmt, rustfmt::skip)]

mod codegen_tests;
pub mod api_helper;

use doodle::prelude::*;
use doodle::try_sub;

/// d#0
fn Decoder0(input: &mut Parser<'_>) -> Result<u16, ParseError> {
Decoder1(input)
}

/// d#1
fn Decoder1(_input: &mut Parser<'_>) -> Result<u16, ParseError> {
(pred_u16((abs_u16((sub_u16((pred_u16(28410u16)).eval()?, 889u16)).eval()?)).eval()?)).eval()
}





## 2i8 %i8 67i8 -i8 -93i8 %i8 40i8
#![allow(unused_imports)]
#![allow(non_camel_case_types)]
#![allow(non_snake_case)]
#![allow(dead_code)]
#![allow(unsafe_op_in_unsafe_fn)]
#![cfg_attr(rustfmt, rustfmt::skip)]

mod codegen_tests;
pub mod api_helper;

use doodle::prelude::*;
use doodle::try_sub;

/// d#0
fn Decoder0(input: &mut Parser<'_>) -> Result<i8, ParseError> {
Decoder1(input)
}

/// d#1
fn Decoder1(_input: &mut Parser<'_>) -> Result<i8, ParseError> {
(sub_i8((rem_i8(2i8, 67i8)).eval()?, (rem_i8(-93i8, 40i8)).eval()?)).eval()
}





## --i32 ++i32 -521791526i32
#![allow(unused_imports)]
#![allow(non_camel_case_types)]
#![allow(non_snake_case)]
#![allow(dead_code)]
#![allow(unsafe_op_in_unsafe_fn)]
#![cfg_attr(rustfmt, rustfmt::skip)]

mod codegen_tests;
pub mod api_helper;

use doodle::prelude::*;
use doodle::try_sub;

/// d#0
fn Decoder0(input: &mut Parser<'_>) -> Result<i32, ParseError> {
Decoder1(input)
}

/// d#1
fn Decoder1(_input: &mut Parser<'_>) -> Result<i32, ParseError> {
(pred_i32((succ_i32(-521791526i32)).eval()?)).eval()
}





## ++i16 ++i16 12066i16
#![allow(unused_imports)]
#![allow(non_camel_case_types)]
#![allow(non_snake_case)]
#![allow(dead_code)]
#![allow(unsafe_op_in_unsafe_fn)]
#![cfg_attr(rustfmt, rustfmt::skip)]

mod codegen_tests;
pub mod api_helper;

use doodle::prelude::*;
use doodle::try_sub;

/// d#0
fn Decoder0(input: &mut Parser<'_>) -> Result<i16, ParseError> {
Decoder1(input)
}

/// d#1
fn Decoder1(_input: &mut Parser<'_>) -> Result<i16, ParseError> {
(succ_i16((succ_i16(12066i16)).eval()?)).eval()
}





## ~i16 -28701i16
#![allow(unused_imports)]
#![allow(non_camel_case_types)]
#![allow(non_snake_case)]
#![allow(dead_code)]
#![allow(unsafe_op_in_unsafe_fn)]
#![cfg_attr(rustfmt, rustfmt::skip)]

mod codegen_tests;
pub mod api_helper;

use doodle::prelude::*;
use doodle::try_sub;

/// d#0
fn Decoder0(input: &mut Parser<'_>) -> Result<i16, ParseError> {
Decoder1(input)
}

/// d#1
fn Decoder1(_input: &mut Parser<'_>) -> Result<i16, ParseError> {
(neg_i16(-28701i16)).eval()
}





## 69u8 /u8 absu8 146u8
#![allow(unused_imports)]
#![allow(non_camel_case_types)]
#![allow(non_snake_case)]
#![allow(dead_code)]
#![allow(unsafe_op_in_unsafe_fn)]
#![cfg_attr(rustfmt, rustfmt::skip)]

mod codegen_tests;
pub mod api_helper;

use doodle::prelude::*;
use doodle::try_sub;

/// d#0
fn Decoder0(input: &mut Parser<'_>) -> Result<u8, ParseError> {
Decoder1(input)
}

/// d#1
fn Decoder1(_input: &mut Parser<'_>) -> Result<u8, ParseError> {
(div_u8(69u8, (abs_u8(146u8)).eval()?)).eval()
}





## 57u8 %u8 216u8 %u8 absu8 95u8
#![allow(unused_imports)]
#![allow(non_camel_case_types)]
#![allow(non_snake_case)]
#![allow(dead_code)]
#![allow(unsafe_op_in_unsafe_fn)]
#![cfg_attr(rustfmt, rustfmt::skip)]

mod codegen_tests;
pub mod api_helper;

use doodle::prelude::*;
use doodle::try_sub;

/// d#0
fn Decoder0(input: &mut Parser<'_>) -> Result<u8, ParseError> {
Decoder1(input)
}

/// d#1
fn Decoder1(_input: &mut Parser<'_>) -> Result<u8, ParseError> {
(rem_u8((rem_u8(57u8, 216u8)).eval()?, (abs_u8(95u8)).eval()?)).eval()
}





## absu32 952605503u32
#![allow(unused_imports)]
#![allow(non_camel_case_types)]
#![allow(non_snake_case)]
#![allow(dead_code)]
#![allow(unsafe_op_in_unsafe_fn)]
#![cfg_attr(rustfmt, rustfmt::skip)]

mod codegen_tests;
pub mod api_helper;

use doodle::prelude::*;
use doodle::try_sub;

/// d#0
fn Decoder0(input: &mut Parser<'_>) -> Result<u32, ParseError> {
Decoder1(input)
}

/// d#1
fn Decoder1(_input: &mut Parser<'_>) -> Result<u32, ParseError> {
(abs_u32(952605503u32)).eval()
}





## ~i8 21i8 -i8 -106i8
#![allow(unused_imports)]
#![allow(non_camel_case_types)]
#![allow(non_snake_case)]
#![allow(dead_code)]
#![allow(unsafe_op_in_unsafe_fn)]
#![cfg_attr(rustfmt, rustfmt::skip)]

mod codegen_tests;
pub mod api_helper;

use doodle::prelude::*;
use doodle::try_sub;

/// d#0
fn Decoder0(input: &mut Parser<'_>) -> Result<i8, ParseError> {
Decoder1(input)
}

/// d#1
fn Decoder1(_input: &mut Parser<'_>) -> Result<i8, ParseError> {
(sub_i8((neg_i8(21i8)).eval()?, -106i8)).eval()
}





## 7u8
#![allow(unused_imports)]
#![allow(non_camel_case_types)]
#![allow(non_snake_case)]
#![allow(dead_code)]
#![allow(unsafe_op_in_unsafe_fn)]
#![cfg_attr(rustfmt, rustfmt::skip)]

mod codegen_tests;
pub mod api_helper;

use doodle::prelude::*;
use doodle::try_sub;

/// d#0
fn Decoder0(input: &mut Parser<'_>) -> Result<u8, ParseError> {
Decoder1(input)
}

/// d#1
fn Decoder1(_input: &mut Parser<'_>) -> Result<u8, ParseError> {
PResult::Ok(7u8)
}





## (8131194299260037458u64 /u16 14300367205346088411u64) as u16 as u64
#![allow(unused_imports)]
#![allow(non_camel_case_types)]
#![allow(non_snake_case)]
#![allow(dead_code)]
#![allow(unsafe_op_in_unsafe_fn)]
#![cfg_attr(rustfmt, rustfmt::skip)]

mod codegen_tests;
pub mod api_helper;

use doodle::prelude::*;
use doodle::try_sub;

/// d#0
fn Decoder0(input: &mut Parser<'_>) -> Result<u64, ParseError> {
Decoder1(input)
}

/// d#1
fn Decoder1(_input: &mut Parser<'_>) -> Result<u64, ParseError> {
(cast_u16_u64((eval_fallback<u64, u64, u16>(8131194299260037458u64, 14300367205346088411u64, r#"div_u64_u16"#, |x, y| BigInt::checked_div(x, y))).eval()?)).eval()
}





## 28i8 %i8 (++i8 absi8 89i8) +i8 ~i8 -19i8
#![allow(unused_imports)]
#![allow(non_camel_case_types)]
#![allow(non_snake_case)]
#![allow(dead_code)]
#![allow(unsafe_op_in_unsafe_fn)]
#![cfg_attr(rustfmt, rustfmt::skip)]

mod codegen_tests;
pub mod api_helper;

use doodle::prelude::*;
use doodle::try_sub;

/// d#0
fn Decoder0(input: &mut Parser<'_>) -> Result<i8, ParseError> {
Decoder1(input)
}

/// d#1
fn Decoder1(_input: &mut Parser<'_>) -> Result<i8, ParseError> {
(add_i8((rem_i8(28i8, (succ_i8((abs_i8(89i8)).eval()?)).eval()?)).eval()?, (neg_i8(-19i8)).eval()?)).eval()
}





## ++i8 -91i8 %i8 absi8 3i8
#![allow(unused_imports)]
#![allow(non_camel_case_types)]
#![allow(non_snake_case)]
#![allow(dead_code)]
#![allow(unsafe_op_in_unsafe_fn)]
#![cfg_attr(rustfmt, rustfmt::skip)]

mod codegen_tests;
pub mod api_helper;

use doodle::prelude::*;
use doodle::try_sub;

/// d#0
fn Decoder0(input: &mut Parser<'_>) -> Result<i8, ParseError> {
Decoder1(input)
}

/// d#1
fn Decoder1(_input: &mut Parser<'_>) -> Result<i8, ParseError> {
(succ_i8((rem_i8(-91i8, (abs_i8(3i8)).eval()?)).eval()?)).eval()
}





## absu8 absu8 121u8
#![allow(unused_imports)]
#![allow(non_camel_case_types)]
#![allow(non_snake_case)]
#![allow(dead_code)]
#![allow(unsafe_op_in_unsafe_fn)]
#![cfg_attr(rustfmt, rustfmt::skip)]

mod codegen_tests;
pub mod api_helper;

use doodle::prelude::*;
use doodle::try_sub;

/// d#0
fn Decoder0(input: &mut Parser<'_>) -> Result<u8, ParseError> {
Decoder1(input)
}

/// d#1
fn Decoder1(_input: &mut Parser<'_>) -> Result<u8, ParseError> {
(abs_u8((abs_u8(121u8)).eval()?)).eval()
}





## (++u8 222u8) %u8 142u8
#![allow(unused_imports)]
#![allow(non_camel_case_types)]
#![allow(non_snake_case)]
#![allow(dead_code)]
#![allow(unsafe_op_in_unsafe_fn)]
#![cfg_attr(rustfmt, rustfmt::skip)]

mod codegen_tests;
pub mod api_helper;

use doodle::prelude::*;
use doodle::try_sub;

/// d#0
fn Decoder0(input: &mut Parser<'_>) -> Result<u8, ParseError> {
Decoder1(input)
}

/// d#1
fn Decoder1(_input: &mut Parser<'_>) -> Result<u8, ParseError> {
(rem_u8((succ_u8(222u8)).eval()?, 142u8)).eval()
}





## ++i32 --i32 ~i32 -519558325i32
#![allow(unused_imports)]
#![allow(non_camel_case_types)]
#![allow(non_snake_case)]
#![allow(dead_code)]
#![allow(unsafe_op_in_unsafe_fn)]
#![cfg_attr(rustfmt, rustfmt::skip)]

mod codegen_tests;
pub mod api_helper;

use doodle::prelude::*;
use doodle::try_sub;

/// d#0
fn Decoder0(input: &mut Parser<'_>) -> Result<i32, ParseError> {
Decoder1(input)
}

/// d#1
fn Decoder1(_input: &mut Parser<'_>) -> Result<i32, ParseError> {
(succ_i32((pred_i32((neg_i32(-519558325i32)).eval()?)).eval()?)).eval()
}





## ++i64 absi64 -4490389142739557751i64
#![allow(unused_imports)]
#![allow(non_camel_case_types)]
#![allow(non_snake_case)]
#![allow(dead_code)]
#![allow(unsafe_op_in_unsafe_fn)]
#![cfg_attr(rustfmt, rustfmt::skip)]

mod codegen_tests;
pub mod api_helper;

use doodle::prelude::*;
use doodle::try_sub;

/// d#0
fn Decoder0(input: &mut Parser<'_>) -> Result<i64, ParseError> {
Decoder1(input)
}

/// d#1
fn Decoder1(_input: &mut Parser<'_>) -> Result<i64, ParseError> {
(succ_i64((abs_i64(-4490389142739557751i64)).eval()?)).eval()
}





## --u8 (++u8 --u8 47u8) +u8 absu8 73u8
#![allow(unused_imports)]
#![allow(non_camel_case_types)]
#![allow(non_snake_case)]
#![allow(dead_code)]
#![allow(unsafe_op_in_unsafe_fn)]
#![cfg_attr(rustfmt, rustfmt::skip)]

mod codegen_tests;
pub mod api_helper;

use doodle::prelude::*;
use doodle::try_sub;

/// d#0
fn Decoder0(input: &mut Parser<'_>) -> Result<u8, ParseError> {
Decoder1(input)
}

/// d#1
fn Decoder1(_input: &mut Parser<'_>) -> Result<u8, ParseError> {
(pred_u8((add_u8((succ_u8((pred_u8(47u8)).eval()?)).eval()?, (abs_u8(73u8)).eval()?)).eval()?)).eval()
}





## --u8 absu8 73u8
#![allow(unused_imports)]
#![allow(non_camel_case_types)]
#![allow(non_snake_case)]
#![allow(dead_code)]
#![allow(unsafe_op_in_unsafe_fn)]
#![cfg_attr(rustfmt, rustfmt::skip)]

mod codegen_tests;
pub mod api_helper;

use doodle::prelude::*;
use doodle::try_sub;

/// d#0
fn Decoder0(input: &mut Parser<'_>) -> Result<u8, ParseError> {
Decoder1(input)
}

/// d#1
fn Decoder1(_input: &mut Parser<'_>) -> Result<u8, ParseError> {
(pred_u8((abs_u8(73u8)).eval()?)).eval()
}





## -39i8
#![allow(unused_imports)]
#![allow(non_camel_case_types)]
#![allow(non_snake_case)]
#![allow(dead_code)]
#![allow(unsafe_op_in_unsafe_fn)]
#![cfg_attr(rustfmt, rustfmt::skip)]

mod codegen_tests;
pub mod api_helper;

use doodle::prelude::*;
use doodle::try_sub;

/// d#0
fn Decoder0(input: &mut Parser<'_>) -> Result<i8, ParseError> {
Decoder1(input)
}

/// d#1
fn Decoder1(_input: &mut Parser<'_>) -> Result<i8, ParseError> {
PResult::Ok(-39i8)
}





## ++u64 --u64 ++u64 7518195310959981528u64
#![allow(unused_imports)]
#![allow(non_camel_case_types)]
#![allow(non_snake_case)]
#![allow(dead_code)]
#![allow(unsafe_op_in_unsafe_fn)]
#![cfg_attr(rustfmt, rustfmt::skip)]

mod codegen_tests;
pub mod api_helper;

use doodle::prelude::*;
use doodle::try_sub;

/// d#0
fn Decoder0(input: &mut Parser<'_>) -> Result<u64, ParseError> {
Decoder1(input)
}

/// d#1
fn Decoder1(_input: &mut Parser<'_>) -> Result<u64, ParseError> {
(succ_u64((pred_u64((succ_u64(7518195310959981528u64)).eval()?)).eval()?)).eval()
}





## --i16 --i16 -7122i16
#![allow(unused_imports)]
#![allow(non_camel_case_types)]
#![allow(non_snake_case)]
#![allow(dead_code)]
#![allow(unsafe_op_in_unsafe_fn)]
#![cfg_attr(rustfmt, rustfmt::skip)]

mod codegen_tests;
pub mod api_helper;

use doodle::prelude::*;
use doodle::try_sub;

/// d#0
fn Decoder0(input: &mut Parser<'_>) -> Result<i16, ParseError> {
Decoder1(input)
}

/// d#1
fn Decoder1(_input: &mut Parser<'_>) -> Result<i16, ParseError> {
(pred_i16((pred_i16(-7122i16)).eval()?)).eval()
}





## -37i8
#![allow(unused_imports)]
#![allow(non_camel_case_types)]
#![allow(non_snake_case)]
#![allow(dead_code)]
#![allow(unsafe_op_in_unsafe_fn)]
#![cfg_attr(rustfmt, rustfmt::skip)]

mod codegen_tests;
pub mod api_helper;

use doodle::prelude::*;
use doodle::try_sub;

/// d#0
fn Decoder0(input: &mut Parser<'_>) -> Result<i8, ParseError> {
Decoder1(input)
}

/// d#1
fn Decoder1(_input: &mut Parser<'_>) -> Result<i8, ParseError> {
PResult::Ok(-37i8)
}





## absi8 ~i8 -37i8
#![allow(unused_imports)]
#![allow(non_camel_case_types)]
#![allow(non_snake_case)]
#![allow(dead_code)]
#![allow(unsafe_op_in_unsafe_fn)]
#![cfg_attr(rustfmt, rustfmt::skip)]

mod codegen_tests;
pub mod api_helper;

use doodle::prelude::*;
use doodle::try_sub;

/// d#0
fn Decoder0(input: &mut Parser<'_>) -> Result<i8, ParseError> {
Decoder1(input)
}

/// d#1
fn Decoder1(_input: &mut Parser<'_>) -> Result<i8, ParseError> {
(abs_i8((neg_i8(-37i8)).eval()?)).eval()
}





## absu16 14115u16
#![allow(unused_imports)]
#![allow(non_camel_case_types)]
#![allow(non_snake_case)]
#![allow(dead_code)]
#![allow(unsafe_op_in_unsafe_fn)]
#![cfg_attr(rustfmt, rustfmt::skip)]

mod codegen_tests;
pub mod api_helper;

use doodle::prelude::*;
use doodle::try_sub;

/// d#0
fn Decoder0(input: &mut Parser<'_>) -> Result<u16, ParseError> {
Decoder1(input)
}

/// d#1
fn Decoder1(_input: &mut Parser<'_>) -> Result<u16, ParseError> {
(abs_u16(14115u16)).eval()
}





## -16036i16
#![allow(unused_imports)]
#![allow(non_camel_case_types)]
#![allow(non_snake_case)]
#![allow(dead_code)]
#![allow(unsafe_op_in_unsafe_fn)]
#![cfg_attr(rustfmt, rustfmt::skip)]

mod codegen_tests;
pub mod api_helper;

use doodle::prelude::*;
use doodle::try_sub;

/// d#0
fn Decoder0(input: &mut Parser<'_>) -> Result<i16, ParseError> {
Decoder1(input)
}

/// d#1
fn Decoder1(_input: &mut Parser<'_>) -> Result<i16, ParseError> {
PResult::Ok(-16036i16)
}





## --u8 159u8
#![allow(unused_imports)]
#![allow(non_camel_case_types)]
#![allow(non_snake_case)]
#![allow(dead_code)]
#![allow(unsafe_op_in_unsafe_fn)]
#![cfg_attr(rustfmt, rustfmt::skip)]

mod codegen_tests;
pub mod api_helper;

use doodle::prelude::*;
use doodle::try_sub;

/// d#0
fn Decoder0(input: &mut Parser<'_>) -> Result<u8, ParseError> {
Decoder1(input)
}

/// d#1
fn Decoder1(_input: &mut Parser<'_>) -> Result<u8, ParseError> {
(pred_u8(159u8)).eval()
}





## ++u8 182u8 /u8 absu8 73u8
#![allow(unused_imports)]
#![allow(non_camel_case_types)]
#![allow(non_snake_case)]
#![allow(dead_code)]
#![allow(unsafe_op_in_unsafe_fn)]
#![cfg_attr(rustfmt, rustfmt::skip)]

mod codegen_tests;
pub mod api_helper;

use doodle::prelude::*;
use doodle::try_sub;

/// d#0
fn Decoder0(input: &mut Parser<'_>) -> Result<u8, ParseError> {
Decoder1(input)
}

/// d#1
fn Decoder1(_input: &mut Parser<'_>) -> Result<u8, ParseError> {
(succ_u8((div_u8(182u8, (abs_u8(73u8)).eval()?)).eval()?)).eval()
}





## 25i8 %i8 absi8 -43i8
#![allow(unused_imports)]
#![allow(non_camel_case_types)]
#![allow(non_snake_case)]
#![allow(dead_code)]
#![allow(unsafe_op_in_unsafe_fn)]
#![cfg_attr(rustfmt, rustfmt::skip)]

mod codegen_tests;
pub mod api_helper;

use doodle::prelude::*;
use doodle::try_sub;

/// d#0
fn Decoder0(input: &mut Parser<'_>) -> Result<i8, ParseError> {
Decoder1(input)
}

/// d#1
fn Decoder1(_input: &mut Parser<'_>) -> Result<i8, ParseError> {
(rem_i8(25i8, (abs_i8(-43i8)).eval()?)).eval()
}





## (++u16 --u16 49497u16) -u16 352u16 +u16 30991u16
#![allow(unused_imports)]
#![allow(non_camel_case_types)]
#![allow(non_snake_case)]
#![allow(dead_code)]
#![allow(unsafe_op_in_unsafe_fn)]
#![cfg_attr(rustfmt, rustfmt::skip)]

mod codegen_tests;
pub mod api_helper;

use doodle::prelude::*;
use doodle::try_sub;

/// d#0
fn Decoder0(input: &mut Parser<'_>) -> Result<u16, ParseError> {
Decoder1(input)
}

/// d#1
fn Decoder1(_input: &mut Parser<'_>) -> Result<u16, ParseError> {
(sub_u16((succ_u16((pred_u16(49497u16)).eval()?)).eval()?, (add_u16(352u16, 30991u16)).eval()?)).eval()
}





## 161u8
#![allow(unused_imports)]
#![allow(non_camel_case_types)]
#![allow(non_snake_case)]
#![allow(dead_code)]
#![allow(unsafe_op_in_unsafe_fn)]
#![cfg_attr(rustfmt, rustfmt::skip)]

mod codegen_tests;
pub mod api_helper;

use doodle::prelude::*;
use doodle::try_sub;

/// d#0
fn Decoder0(input: &mut Parser<'_>) -> Result<u8, ParseError> {
Decoder1(input)
}

/// d#1
fn Decoder1(_input: &mut Parser<'_>) -> Result<u8, ParseError> {
PResult::Ok(161u8)
}





## ~i8 (12i8 +i8 -84i8) +i8 (++i8 28i8)
#![allow(unused_imports)]
#![allow(non_camel_case_types)]
#![allow(non_snake_case)]
#![allow(dead_code)]
#![allow(unsafe_op_in_unsafe_fn)]
#![cfg_attr(rustfmt, rustfmt::skip)]

mod codegen_tests;
pub mod api_helper;

use doodle::prelude::*;
use doodle::try_sub;

/// d#0
fn Decoder0(input: &mut Parser<'_>) -> Result<i8, ParseError> {
Decoder1(input)
}

/// d#1
fn Decoder1(_input: &mut Parser<'_>) -> Result<i8, ParseError> {
(add_i8((neg_i8((add_i8(12i8, -84i8)).eval()?)).eval()?, (succ_i8(28i8)).eval()?)).eval()
}





## 180u8
#![allow(unused_imports)]
#![allow(non_camel_case_types)]
#![allow(non_snake_case)]
#![allow(dead_code)]
#![allow(unsafe_op_in_unsafe_fn)]
#![cfg_attr(rustfmt, rustfmt::skip)]

mod codegen_tests;
pub mod api_helper;

use doodle::prelude::*;
use doodle::try_sub;

/// d#0
fn Decoder0(input: &mut Parser<'_>) -> Result<u8, ParseError> {
Decoder1(input)
}

/// d#1
fn Decoder1(_input: &mut Parser<'_>) -> Result<u8, ParseError> {
PResult::Ok(180u8)
}





## absu8 absu8 0u8 /u8 (++u8 absu8 142u8)
#![allow(unused_imports)]
#![allow(non_camel_case_types)]
#![allow(non_snake_case)]
#![allow(dead_code)]
#![allow(unsafe_op_in_unsafe_fn)]
#![cfg_attr(rustfmt, rustfmt::skip)]

mod codegen_tests;
pub mod api_helper;

use doodle::prelude::*;
use doodle::try_sub;

/// d#0
fn Decoder0(input: &mut Parser<'_>) -> Result<u8, ParseError> {
Decoder1(input)
}

/// d#1
fn Decoder1(_input: &mut Parser<'_>) -> Result<u8, ParseError> {
(div_u8((abs_u8((abs_u8(0u8)).eval()?)).eval()?, (succ_u8((abs_u8(142u8)).eval()?)).eval()?)).eval()
}





## ++u16 61792u16
#![allow(unused_imports)]
#![allow(non_camel_case_types)]
#![allow(non_snake_case)]
#![allow(dead_code)]
#![allow(unsafe_op_in_unsafe_fn)]
#![cfg_attr(rustfmt, rustfmt::skip)]

mod codegen_tests;
pub mod api_helper;

use doodle::prelude::*;
use doodle::try_sub;

/// d#0
fn Decoder0(input: &mut Parser<'_>) -> Result<u16, ParseError> {
Decoder1(input)
}

/// d#1
fn Decoder1(_input: &mut Parser<'_>) -> Result<u16, ParseError> {
(succ_u16(61792u16)).eval()
}





## --u64 2290065292207493912u64
#![allow(unused_imports)]
#![allow(non_camel_case_types)]
#![allow(non_snake_case)]
#![allow(dead_code)]
#![allow(unsafe_op_in_unsafe_fn)]
#![cfg_attr(rustfmt, rustfmt::skip)]

mod codegen_tests;
pub mod api_helper;

use doodle::prelude::*;
use doodle::try_sub;

/// d#0
fn Decoder0(input: &mut Parser<'_>) -> Result<u64, ParseError> {
Decoder1(input)
}

/// d#1
fn Decoder1(_input: &mut Parser<'_>) -> Result<u64, ParseError> {
(pred_u64(2290065292207493912u64)).eval()
}





## (++u8 250u8) *u8 (193u8 /u8 181u8)
#![allow(unused_imports)]
#![allow(non_camel_case_types)]
#![allow(non_snake_case)]
#![allow(dead_code)]
#![allow(unsafe_op_in_unsafe_fn)]
#![cfg_attr(rustfmt, rustfmt::skip)]

mod codegen_tests;
pub mod api_helper;

use doodle::prelude::*;
use doodle::try_sub;

/// d#0
fn Decoder0(input: &mut Parser<'_>) -> Result<u8, ParseError> {
Decoder1(input)
}

/// d#1
fn Decoder1(_input: &mut Parser<'_>) -> Result<u8, ParseError> {
(mul_u8((succ_u8(250u8)).eval()?, (div_u8(193u8, 181u8)).eval()?)).eval()
}





## absu32 (++u32 absu32 1449931544u32)
#![allow(unused_imports)]
#![allow(non_camel_case_types)]
#![allow(non_snake_case)]
#![allow(dead_code)]
#![allow(unsafe_op_in_unsafe_fn)]
#![cfg_attr(rustfmt, rustfmt::skip)]

mod codegen_tests;
pub mod api_helper;

use doodle::prelude::*;
use doodle::try_sub;

/// d#0
fn Decoder0(input: &mut Parser<'_>) -> Result<u32, ParseError> {
Decoder1(input)
}

/// d#1
fn Decoder1(_input: &mut Parser<'_>) -> Result<u32, ParseError> {
(abs_u32((succ_u32((abs_u32(1449931544u32)).eval()?)).eval()?)).eval()
}





## ++u8 213u8
#![allow(unused_imports)]
#![allow(non_camel_case_types)]
#![allow(non_snake_case)]
#![allow(dead_code)]
#![allow(unsafe_op_in_unsafe_fn)]
#![cfg_attr(rustfmt, rustfmt::skip)]

mod codegen_tests;
pub mod api_helper;

use doodle::prelude::*;
use doodle::try_sub;

/// d#0
fn Decoder0(input: &mut Parser<'_>) -> Result<u8, ParseError> {
Decoder1(input)
}

/// d#1
fn Decoder1(_input: &mut Parser<'_>) -> Result<u8, ParseError> {
(succ_u8(213u8)).eval()
}





## absu16 62757u16
#![allow(unused_imports)]
#![allow(non_camel_case_types)]
#![allow(non_snake_case)]
#![allow(dead_code)]
#![allow(unsafe_op_in_unsafe_fn)]
#![cfg_attr(rustfmt, rustfmt::skip)]

mod codegen_tests;
pub mod api_helper;

use doodle::prelude::*;
use doodle::try_sub;

/// d#0
fn Decoder0(input: &mut Parser<'_>) -> Result<u16, ParseError> {
Decoder1(input)
}

/// d#1
fn Decoder1(_input: &mut Parser<'_>) -> Result<u16, ParseError> {
(abs_u16(62757u16)).eval()
}





## absi32 ~i32 ~i32 -2092687321i32
#![allow(unused_imports)]
#![allow(non_camel_case_types)]
#![allow(non_snake_case)]
#![allow(dead_code)]
#![allow(unsafe_op_in_unsafe_fn)]
#![cfg_attr(rustfmt, rustfmt::skip)]

mod codegen_tests;
pub mod api_helper;

use doodle::prelude::*;
use doodle::try_sub;

/// d#0
fn Decoder0(input: &mut Parser<'_>) -> Result<i32, ParseError> {
Decoder1(input)
}

/// d#1
fn Decoder1(_input: &mut Parser<'_>) -> Result<i32, ParseError> {
(abs_i32((neg_i32((neg_i32(-2092687321i32)).eval()?)).eval()?)).eval()
}





## 693u16 /u16 975u16
#![allow(unused_imports)]
#![allow(non_camel_case_types)]
#![allow(non_snake_case)]
#![allow(dead_code)]
#![allow(unsafe_op_in_unsafe_fn)]
#![cfg_attr(rustfmt, rustfmt::skip)]

mod codegen_tests;
pub mod api_helper;

use doodle::prelude::*;
use doodle::try_sub;

/// d#0
fn Decoder0(input: &mut Parser<'_>) -> Result<u16, ParseError> {
Decoder1(input)
}

/// d#1
fn Decoder1(_input: &mut Parser<'_>) -> Result<u16, ParseError> {
(div_u16(693u16, 975u16)).eval()
}





## ~i8 -122i8 /i8 ((--i8 20i8) -i8 -91i8)
#![allow(unused_imports)]
#![allow(non_camel_case_types)]
#![allow(non_snake_case)]
#![allow(dead_code)]
#![allow(unsafe_op_in_unsafe_fn)]
#![cfg_attr(rustfmt, rustfmt::skip)]

mod codegen_tests;
pub mod api_helper;

use doodle::prelude::*;
use doodle::try_sub;

/// d#0
fn Decoder0(input: &mut Parser<'_>) -> Result<i8, ParseError> {
Decoder1(input)
}

/// d#1
fn Decoder1(_input: &mut Parser<'_>) -> Result<i8, ParseError> {
(div_i8((neg_i8(-122i8)).eval()?, (sub_i8((pred_i8(20i8)).eval()?, -91i8)).eval()?)).eval()
}





## ++u32 --u32 absu32 864080160u32
#![allow(unused_imports)]
#![allow(non_camel_case_types)]
#![allow(non_snake_case)]
#![allow(dead_code)]
#![allow(unsafe_op_in_unsafe_fn)]
#![cfg_attr(rustfmt, rustfmt::skip)]

mod codegen_tests;
pub mod api_helper;

use doodle::prelude::*;
use doodle::try_sub;

/// d#0
fn Decoder0(input: &mut Parser<'_>) -> Result<u32, ParseError> {
Decoder1(input)
}

/// d#1
fn Decoder1(_input: &mut Parser<'_>) -> Result<u32, ParseError> {
(succ_u32((pred_u32((abs_u32(864080160u32)).eval()?)).eval()?)).eval()
}





## ++i8 absi8 116i8
#![allow(unused_imports)]
#![allow(non_camel_case_types)]
#![allow(non_snake_case)]
#![allow(dead_code)]
#![allow(unsafe_op_in_unsafe_fn)]
#![cfg_attr(rustfmt, rustfmt::skip)]

mod codegen_tests;
pub mod api_helper;

use doodle::prelude::*;
use doodle::try_sub;

/// d#0
fn Decoder0(input: &mut Parser<'_>) -> Result<i8, ParseError> {
Decoder1(input)
}

/// d#1
fn Decoder1(_input: &mut Parser<'_>) -> Result<i8, ParseError> {
(succ_i8((abs_i8(116i8)).eval()?)).eval()
}





## ++i8 --i8 84i8
#![allow(unused_imports)]
#![allow(non_camel_case_types)]
#![allow(non_snake_case)]
#![allow(dead_code)]
#![allow(unsafe_op_in_unsafe_fn)]
#![cfg_attr(rustfmt, rustfmt::skip)]

mod codegen_tests;
pub mod api_helper;

use doodle::prelude::*;
use doodle::try_sub;

/// d#0
fn Decoder0(input: &mut Parser<'_>) -> Result<i8, ParseError> {
Decoder1(input)
}

/// d#1
fn Decoder1(_input: &mut Parser<'_>) -> Result<i8, ParseError> {
(succ_i8((pred_i8(84i8)).eval()?)).eval()
}





## --i32 ~i32 -1178563625i32
#![allow(unused_imports)]
#![allow(non_camel_case_types)]
#![allow(non_snake_case)]
#![allow(dead_code)]
#![allow(unsafe_op_in_unsafe_fn)]
#![cfg_attr(rustfmt, rustfmt::skip)]

mod codegen_tests;
pub mod api_helper;

use doodle::prelude::*;
use doodle::try_sub;

/// d#0
fn Decoder0(input: &mut Parser<'_>) -> Result<i32, ParseError> {
Decoder1(input)
}

/// d#1
fn Decoder1(_input: &mut Parser<'_>) -> Result<i32, ParseError> {
(pred_i32((neg_i32(-1178563625i32)).eval()?)).eval()
}





## absi8 (++i8 20i8)
#![allow(unused_imports)]
#![allow(non_camel_case_types)]
#![allow(non_snake_case)]
#![allow(dead_code)]
#![allow(unsafe_op_in_unsafe_fn)]
#![cfg_attr(rustfmt, rustfmt::skip)]

mod codegen_tests;
pub mod api_helper;

use doodle::prelude::*;
use doodle::try_sub;

/// d#0
fn Decoder0(input: &mut Parser<'_>) -> Result<i8, ParseError> {
Decoder1(input)
}

/// d#1
fn Decoder1(_input: &mut Parser<'_>) -> Result<i8, ParseError> {
(abs_i8((succ_i8(20i8)).eval()?)).eval()
}





## absu16 (++u16 4598u16)
#![allow(unused_imports)]
#![allow(non_camel_case_types)]
#![allow(non_snake_case)]
#![allow(dead_code)]
#![allow(unsafe_op_in_unsafe_fn)]
#![cfg_attr(rustfmt, rustfmt::skip)]

mod codegen_tests;
pub mod api_helper;

use doodle::prelude::*;
use doodle::try_sub;

/// d#0
fn Decoder0(input: &mut Parser<'_>) -> Result<u16, ParseError> {
Decoder1(input)
}

/// d#1
fn Decoder1(_input: &mut Parser<'_>) -> Result<u16, ParseError> {
(abs_u16((succ_u16(4598u16)).eval()?)).eval()
}





## ++i8 66i8
#![allow(unused_imports)]
#![allow(non_camel_case_types)]
#![allow(non_snake_case)]
#![allow(dead_code)]
#![allow(unsafe_op_in_unsafe_fn)]
#![cfg_attr(rustfmt, rustfmt::skip)]

mod codegen_tests;
pub mod api_helper;

use doodle::prelude::*;
use doodle::try_sub;

/// d#0
fn Decoder0(input: &mut Parser<'_>) -> Result<i8, ParseError> {
Decoder1(input)
}

/// d#1
fn Decoder1(_input: &mut Parser<'_>) -> Result<i8, ParseError> {
(succ_i8(66i8)).eval()
}





## (++u8 absu8 234u8) /u8 absu8 absu8 146u8
#![allow(unused_imports)]
#![allow(non_camel_case_types)]
#![allow(non_snake_case)]
#![allow(dead_code)]
#![allow(unsafe_op_in_unsafe_fn)]
#![cfg_attr(rustfmt, rustfmt::skip)]

mod codegen_tests;
pub mod api_helper;

use doodle::prelude::*;
use doodle::try_sub;

/// d#0
fn Decoder0(input: &mut Parser<'_>) -> Result<u8, ParseError> {
Decoder1(input)
}

/// d#1
fn Decoder1(_input: &mut Parser<'_>) -> Result<u8, ParseError> {
(div_u8((succ_u8((abs_u8(234u8)).eval()?)).eval()?, (abs_u8((abs_u8(146u8)).eval()?)).eval()?)).eval()
}





## ++u32 absu32 ((1331531137u32 /u8 absu32 709286644u32) as u32)
#![allow(unused_imports)]
#![allow(non_camel_case_types)]
#![allow(non_snake_case)]
#![allow(dead_code)]
#![allow(unsafe_op_in_unsafe_fn)]
#![cfg_attr(rustfmt, rustfmt::skip)]

mod codegen_tests;
pub mod api_helper;

use doodle::prelude::*;
use doodle::try_sub;

/// d#0
fn Decoder0(input: &mut Parser<'_>) -> Result<u32, ParseError> {
Decoder1(input)
}

/// d#1
fn Decoder1(_input: &mut Parser<'_>) -> Result<u32, ParseError> {
(succ_u32((abs_u32((cast_u8_u32((eval_fallback<u32, u32, u8>(1331531137u32, (abs_u32(709286644u32)).eval()?, r#"div_u32_u8"#, |x, y| BigInt::checked_div(x, y))).eval()?)).eval()?)).eval()?)).eval()
}





## absu32 2954846435u32
#![allow(unused_imports)]
#![allow(non_camel_case_types)]
#![allow(non_snake_case)]
#![allow(dead_code)]
#![allow(unsafe_op_in_unsafe_fn)]
#![cfg_attr(rustfmt, rustfmt::skip)]

mod codegen_tests;
pub mod api_helper;

use doodle::prelude::*;
use doodle::try_sub;

/// d#0
fn Decoder0(input: &mut Parser<'_>) -> Result<u32, ParseError> {
Decoder1(input)
}

/// d#1
fn Decoder1(_input: &mut Parser<'_>) -> Result<u32, ParseError> {
(abs_u32(2954846435u32)).eval()
}





## ++i32 absi32 222403209i32
#![allow(unused_imports)]
#![allow(non_camel_case_types)]
#![allow(non_snake_case)]
#![allow(dead_code)]
#![allow(unsafe_op_in_unsafe_fn)]
#![cfg_attr(rustfmt, rustfmt::skip)]

mod codegen_tests;
pub mod api_helper;

use doodle::prelude::*;
use doodle::try_sub;

/// d#0
fn Decoder0(input: &mut Parser<'_>) -> Result<i32, ParseError> {
Decoder1(input)
}

/// d#1
fn Decoder1(_input: &mut Parser<'_>) -> Result<i32, ParseError> {
(succ_i32((abs_i32(222403209i32)).eval()?)).eval()
}





## --u32 43760910u32
#![allow(unused_imports)]
#![allow(non_camel_case_types)]
#![allow(non_snake_case)]
#![allow(dead_code)]
#![allow(unsafe_op_in_unsafe_fn)]
#![cfg_attr(rustfmt, rustfmt::skip)]

mod codegen_tests;
pub mod api_helper;

use doodle::prelude::*;
use doodle::try_sub;

/// d#0
fn Decoder0(input: &mut Parser<'_>) -> Result<u32, ParseError> {
Decoder1(input)
}

/// d#1
fn Decoder1(_input: &mut Parser<'_>) -> Result<u32, ParseError> {
(pred_u32(43760910u32)).eval()
}





## absi16 ~i16 -265i16
#![allow(unused_imports)]
#![allow(non_camel_case_types)]
#![allow(non_snake_case)]
#![allow(dead_code)]
#![allow(unsafe_op_in_unsafe_fn)]
#![cfg_attr(rustfmt, rustfmt::skip)]

mod codegen_tests;
pub mod api_helper;

use doodle::prelude::*;
use doodle::try_sub;

/// d#0
fn Decoder0(input: &mut Parser<'_>) -> Result<i16, ParseError> {
Decoder1(input)
}

/// d#1
fn Decoder1(_input: &mut Parser<'_>) -> Result<i16, ParseError> {
(abs_i16((neg_i16(-265i16)).eval()?)).eval()
}





## ++i64 -9053634190173385973i64
#![allow(unused_imports)]
#![allow(non_camel_case_types)]
#![allow(non_snake_case)]
#![allow(dead_code)]
#![allow(unsafe_op_in_unsafe_fn)]
#![cfg_attr(rustfmt, rustfmt::skip)]

mod codegen_tests;
pub mod api_helper;

use doodle::prelude::*;
use doodle::try_sub;

/// d#0
fn Decoder0(input: &mut Parser<'_>) -> Result<i64, ParseError> {
Decoder1(input)
}

/// d#1
fn Decoder1(_input: &mut Parser<'_>) -> Result<i64, ParseError> {
(succ_i64(-9053634190173385973i64)).eval()
}





## ~i8 80i8
#![allow(unused_imports)]
#![allow(non_camel_case_types)]
#![allow(non_snake_case)]
#![allow(dead_code)]
#![allow(unsafe_op_in_unsafe_fn)]
#![cfg_attr(rustfmt, rustfmt::skip)]

mod codegen_tests;
pub mod api_helper;

use doodle::prelude::*;
use doodle::try_sub;

/// d#0
fn Decoder0(input: &mut Parser<'_>) -> Result<i8, ParseError> {
Decoder1(input)
}

/// d#1
fn Decoder1(_input: &mut Parser<'_>) -> Result<i8, ParseError> {
(neg_i8(80i8)).eval()
}





## ++i64 ~i64 ~i64 -8179256958109211540i64
#![allow(unused_imports)]
#![allow(non_camel_case_types)]
#![allow(non_snake_case)]
#![allow(dead_code)]
#![allow(unsafe_op_in_unsafe_fn)]
#![cfg_attr(rustfmt, rustfmt::skip)]

mod codegen_tests;
pub mod api_helper;

use doodle::prelude::*;
use doodle::try_sub;

/// d#0
fn Decoder0(input: &mut Parser<'_>) -> Result<i64, ParseError> {
Decoder1(input)
}

/// d#1
fn Decoder1(_input: &mut Parser<'_>) -> Result<i64, ParseError> {
(succ_i64((neg_i64((neg_i64(-8179256958109211540i64)).eval()?)).eval()?)).eval()
}





## absu64 absu64 2982851238047389819u64
#![allow(unused_imports)]
#![allow(non_camel_case_types)]
#![allow(non_snake_case)]
#![allow(dead_code)]
#![allow(unsafe_op_in_unsafe_fn)]
#![cfg_attr(rustfmt, rustfmt::skip)]

mod codegen_tests;
pub mod api_helper;

use doodle::prelude::*;
use doodle::try_sub;

/// d#0
fn Decoder0(input: &mut Parser<'_>) -> Result<u64, ParseError> {
Decoder1(input)
}

/// d#1
fn Decoder1(_input: &mut Parser<'_>) -> Result<u64, ParseError> {
(abs_u64((abs_u64(2982851238047389819u64)).eval()?)).eval()
}





## ++u8 ++u8 205u8
#![allow(unused_imports)]
#![allow(non_camel_case_types)]
#![allow(non_snake_case)]
#![allow(dead_code)]
#![allow(unsafe_op_in_unsafe_fn)]
#![cfg_attr(rustfmt, rustfmt::skip)]

mod codegen_tests;
pub mod api_helper;

use doodle::prelude::*;
use doodle::try_sub;

/// d#0
fn Decoder0(input: &mut Parser<'_>) -> Result<u8, ParseError> {
Decoder1(input)
}

/// d#1
fn Decoder1(_input: &mut Parser<'_>) -> Result<u8, ParseError> {
(succ_u8((succ_u8(205u8)).eval()?)).eval()
}





## absu32 (++u32 2627664924u32)
#![allow(unused_imports)]
#![allow(non_camel_case_types)]
#![allow(non_snake_case)]
#![allow(dead_code)]
#![allow(unsafe_op_in_unsafe_fn)]
#![cfg_attr(rustfmt, rustfmt::skip)]

mod codegen_tests;
pub mod api_helper;

use doodle::prelude::*;
use doodle::try_sub;

/// d#0
fn Decoder0(input: &mut Parser<'_>) -> Result<u32, ParseError> {
Decoder1(input)
}

/// d#1
fn Decoder1(_input: &mut Parser<'_>) -> Result<u32, ParseError> {
(abs_u32((succ_u32(2627664924u32)).eval()?)).eval()
}





## --u8 152u8
#![allow(unused_imports)]
#![allow(non_camel_case_types)]
#![allow(non_snake_case)]
#![allow(dead_code)]
#![allow(unsafe_op_in_unsafe_fn)]
#![cfg_attr(rustfmt, rustfmt::skip)]

mod codegen_tests;
pub mod api_helper;

use doodle::prelude::*;
use doodle::try_sub;

/// d#0
fn Decoder0(input: &mut Parser<'_>) -> Result<u8, ParseError> {
Decoder1(input)
}

/// d#1
fn Decoder1(_input: &mut Parser<'_>) -> Result<u8, ParseError> {
(pred_u8(152u8)).eval()
}





## ++i32 absi32 -1495972350i32 /i32 -2123763302i32
#![allow(unused_imports)]
#![allow(non_camel_case_types)]
#![allow(non_snake_case)]
#![allow(dead_code)]
#![allow(unsafe_op_in_unsafe_fn)]
#![cfg_attr(rustfmt, rustfmt::skip)]

mod codegen_tests;
pub mod api_helper;

use doodle::prelude::*;
use doodle::try_sub;

/// d#0
fn Decoder0(input: &mut Parser<'_>) -> Result<i32, ParseError> {
Decoder1(input)
}

/// d#1
fn Decoder1(_input: &mut Parser<'_>) -> Result<i32, ParseError> {
(succ_i32((div_i32((abs_i32(-1495972350i32)).eval()?, -2123763302i32)).eval()?)).eval()
}





## -5852i16
#![allow(unused_imports)]
#![allow(non_camel_case_types)]
#![allow(non_snake_case)]
#![allow(dead_code)]
#![allow(unsafe_op_in_unsafe_fn)]
#![cfg_attr(rustfmt, rustfmt::skip)]

mod codegen_tests;
pub mod api_helper;

use doodle::prelude::*;
use doodle::try_sub;

/// d#0
fn Decoder0(input: &mut Parser<'_>) -> Result<i16, ParseError> {
Decoder1(input)
}

/// d#1
fn Decoder1(_input: &mut Parser<'_>) -> Result<i16, ParseError> {
PResult::Ok(-5852i16)
}





## 60i8 -i8 66i8 +i8 absi8 (--i8 -53i8)
#![allow(unused_imports)]
#![allow(non_camel_case_types)]
#![allow(non_snake_case)]
#![allow(dead_code)]
#![allow(unsafe_op_in_unsafe_fn)]
#![cfg_attr(rustfmt, rustfmt::skip)]

mod codegen_tests;
pub mod api_helper;

use doodle::prelude::*;
use doodle::try_sub;

/// d#0
fn Decoder0(input: &mut Parser<'_>) -> Result<i8, ParseError> {
Decoder1(input)
}

/// d#1
fn Decoder1(_input: &mut Parser<'_>) -> Result<i8, ParseError> {
(add_i8((sub_i8(60i8, 66i8)).eval()?, (abs_i8((pred_i8(-53i8)).eval()?)).eval()?)).eval()
}





## absi8 ~i8 104i8
#![allow(unused_imports)]
#![allow(non_camel_case_types)]
#![allow(non_snake_case)]
#![allow(dead_code)]
#![allow(unsafe_op_in_unsafe_fn)]
#![cfg_attr(rustfmt, rustfmt::skip)]

mod codegen_tests;
pub mod api_helper;

use doodle::prelude::*;
use doodle::try_sub;

/// d#0
fn Decoder0(input: &mut Parser<'_>) -> Result<i8, ParseError> {
Decoder1(input)
}

/// d#1
fn Decoder1(_input: &mut Parser<'_>) -> Result<i8, ParseError> {
(abs_i8((neg_i8(104i8)).eval()?)).eval()
}





## -95i8
#![allow(unused_imports)]
#![allow(non_camel_case_types)]
#![allow(non_snake_case)]
#![allow(dead_code)]
#![allow(unsafe_op_in_unsafe_fn)]
#![cfg_attr(rustfmt, rustfmt::skip)]

mod codegen_tests;
pub mod api_helper;

use doodle::prelude::*;
use doodle::try_sub;

/// d#0
fn Decoder0(input: &mut Parser<'_>) -> Result<i8, ParseError> {
Decoder1(input)
}

/// d#1
fn Decoder1(_input: &mut Parser<'_>) -> Result<i8, ParseError> {
PResult::Ok(-95i8)
}





## ++u8 111u8
#![allow(unused_imports)]
#![allow(non_camel_case_types)]
#![allow(non_snake_case)]
#![allow(dead_code)]
#![allow(unsafe_op_in_unsafe_fn)]
#![cfg_attr(rustfmt, rustfmt::skip)]

mod codegen_tests;
pub mod api_helper;

use doodle::prelude::*;
use doodle::try_sub;

/// d#0
fn Decoder0(input: &mut Parser<'_>) -> Result<u8, ParseError> {
Decoder1(input)
}

/// d#1
fn Decoder1(_input: &mut Parser<'_>) -> Result<u8, ParseError> {
(succ_u8(111u8)).eval()
}





## absu64 (++u64 absu64 17081411070901105340u64)
#![allow(unused_imports)]
#![allow(non_camel_case_types)]
#![allow(non_snake_case)]
#![allow(dead_code)]
#![allow(unsafe_op_in_unsafe_fn)]
#![cfg_attr(rustfmt, rustfmt::skip)]

mod codegen_tests;
pub mod api_helper;

use doodle::prelude::*;
use doodle::try_sub;

/// d#0
fn Decoder0(input: &mut Parser<'_>) -> Result<u64, ParseError> {
Decoder1(input)
}

/// d#1
fn Decoder1(_input: &mut Parser<'_>) -> Result<u64, ParseError> {
(abs_u64((succ_u64((abs_u64(17081411070901105340u64)).eval()?)).eval()?)).eval()
}





## absi8 absi8 -124i8
#![allow(unused_imports)]
#![allow(non_camel_case_types)]
#![allow(non_snake_case)]
#![allow(dead_code)]
#![allow(unsafe_op_in_unsafe_fn)]
#![cfg_attr(rustfmt, rustfmt::skip)]

mod codegen_tests;
pub mod api_helper;

use doodle::prelude::*;
use doodle::try_sub;

/// d#0
fn Decoder0(input: &mut Parser<'_>) -> Result<i8, ParseError> {
Decoder1(input)
}

/// d#1
fn Decoder1(_input: &mut Parser<'_>) -> Result<i8, ParseError> {
(abs_i8((abs_i8(-124i8)).eval()?)).eval()
}





## 216u8 /u8 112u8 /u8 98u8 %u8 122u8
#![allow(unused_imports)]
#![allow(non_camel_case_types)]
#![allow(non_snake_case)]
#![allow(dead_code)]
#![allow(unsafe_op_in_unsafe_fn)]
#![cfg_attr(rustfmt, rustfmt::skip)]

mod codegen_tests;
pub mod api_helper;

use doodle::prelude::*;
use doodle::try_sub;

/// d#0
fn Decoder0(input: &mut Parser<'_>) -> Result<u8, ParseError> {
Decoder1(input)
}

/// d#1
fn Decoder1(_input: &mut Parser<'_>) -> Result<u8, ParseError> {
(rem_u8((div_u8(216u8, (div_u8(112u8, 98u8)).eval()?)).eval()?, 122u8)).eval()
}





## ++u8 --u8 --u8 163u8
#![allow(unused_imports)]
#![allow(non_camel_case_types)]
#![allow(non_snake_case)]
#![allow(dead_code)]
#![allow(unsafe_op_in_unsafe_fn)]
#![cfg_attr(rustfmt, rustfmt::skip)]

mod codegen_tests;
pub mod api_helper;

use doodle::prelude::*;
use doodle::try_sub;

/// d#0
fn Decoder0(input: &mut Parser<'_>) -> Result<u8, ParseError> {
Decoder1(input)
}

/// d#1
fn Decoder1(_input: &mut Parser<'_>) -> Result<u8, ParseError> {
(succ_u8((pred_u8((pred_u8(163u8)).eval()?)).eval()?)).eval()
}





## --u8 --u8 239u8
#![allow(unused_imports)]
#![allow(non_camel_case_types)]
#![allow(non_snake_case)]
#![allow(dead_code)]
#![allow(unsafe_op_in_unsafe_fn)]
#![cfg_attr(rustfmt, rustfmt::skip)]

mod codegen_tests;
pub mod api_helper;

use doodle::prelude::*;
use doodle::try_sub;

/// d#0
fn Decoder0(input: &mut Parser<'_>) -> Result<u8, ParseError> {
Decoder1(input)
}

/// d#1
fn Decoder1(_input: &mut Parser<'_>) -> Result<u8, ParseError> {
(pred_u8((pred_u8(239u8)).eval()?)).eval()
}





## ~i8 -56i8 +i8 absi8 70i8
#![allow(unused_imports)]
#![allow(non_camel_case_types)]
#![allow(non_snake_case)]
#![allow(dead_code)]
#![allow(unsafe_op_in_unsafe_fn)]
#![cfg_attr(rustfmt, rustfmt::skip)]

mod codegen_tests;
pub mod api_helper;

use doodle::prelude::*;
use doodle::try_sub;

/// d#0
fn Decoder0(input: &mut Parser<'_>) -> Result<i8, ParseError> {
Decoder1(input)
}

/// d#1
fn Decoder1(_input: &mut Parser<'_>) -> Result<i8, ParseError> {
(add_i8((neg_i8(-56i8)).eval()?, (abs_i8(70i8)).eval()?)).eval()
}





## --i8 111i8 /i8 (++i8 60i8)
#![allow(unused_imports)]
#![allow(non_camel_case_types)]
#![allow(non_snake_case)]
#![allow(dead_code)]
#![allow(unsafe_op_in_unsafe_fn)]
#![cfg_attr(rustfmt, rustfmt::skip)]

mod codegen_tests;
pub mod api_helper;

use doodle::prelude::*;
use doodle::try_sub;

/// d#0
fn Decoder0(input: &mut Parser<'_>) -> Result<i8, ParseError> {
Decoder1(input)
}

/// d#1
fn Decoder1(_input: &mut Parser<'_>) -> Result<i8, ParseError> {
(pred_i8((div_i8(111i8, (succ_i8(60i8)).eval()?)).eval()?)).eval()
}





## (--u8 221u8) /u8 211u8 +u8 216u8 %u8 221u8
#![allow(unused_imports)]
#![allow(non_camel_case_types)]
#![allow(non_snake_case)]
#![allow(dead_code)]
#![allow(unsafe_op_in_unsafe_fn)]
#![cfg_attr(rustfmt, rustfmt::skip)]

mod codegen_tests;
pub mod api_helper;

use doodle::prelude::*;
use doodle::try_sub;

/// d#0
fn Decoder0(input: &mut Parser<'_>) -> Result<u8, ParseError> {
Decoder1(input)
}

/// d#1
fn Decoder1(_input: &mut Parser<'_>) -> Result<u8, ParseError> {
(add_u8((div_u8((pred_u8(221u8)).eval()?, 211u8)).eval()?, (rem_u8(216u8, 221u8)).eval()?)).eval()
}





## --i8 ~i8 123i8
#![allow(unused_imports)]
#![allow(non_camel_case_types)]
#![allow(non_snake_case)]
#![allow(dead_code)]
#![allow(unsafe_op_in_unsafe_fn)]
#![cfg_attr(rustfmt, rustfmt::skip)]

mod codegen_tests;
pub mod api_helper;

use doodle::prelude::*;
use doodle::try_sub;

/// d#0
fn Decoder0(input: &mut Parser<'_>) -> Result<i8, ParseError> {
Decoder1(input)
}

/// d#1
fn Decoder1(_input: &mut Parser<'_>) -> Result<i8, ParseError> {
(pred_i8((neg_i8(123i8)).eval()?)).eval()
}





## absi8 ~i8 95i8
#![allow(unused_imports)]
#![allow(non_camel_case_types)]
#![allow(non_snake_case)]
#![allow(dead_code)]
#![allow(unsafe_op_in_unsafe_fn)]
#![cfg_attr(rustfmt, rustfmt::skip)]

mod codegen_tests;
pub mod api_helper;

use doodle::prelude::*;
use doodle::try_sub;

/// d#0
fn Decoder0(input: &mut Parser<'_>) -> Result<i8, ParseError> {
Decoder1(input)
}

/// d#1
fn Decoder1(_input: &mut Parser<'_>) -> Result<i8, ParseError> {
(abs_i8((neg_i8(95i8)).eval()?)).eval()
}





## ~i8 82i8 /i8 absi8 72i8
#![allow(unused_imports)]
#![allow(non_camel_case_types)]
#![allow(non_snake_case)]
#![allow(dead_code)]
#![allow(unsafe_op_in_unsafe_fn)]
#![cfg_attr(rustfmt, rustfmt::skip)]

mod codegen_tests;
pub mod api_helper;

use doodle::prelude::*;
use doodle::try_sub;

/// d#0
fn Decoder0(input: &mut Parser<'_>) -> Result<i8, ParseError> {
Decoder1(input)
}

/// d#1
fn Decoder1(_input: &mut Parser<'_>) -> Result<i8, ParseError> {
(div_i8((neg_i8(82i8)).eval()?, (abs_i8(72i8)).eval()?)).eval()
}





## ~i8 (8i8 %i8 90i8)
#![allow(unused_imports)]
#![allow(non_camel_case_types)]
#![allow(non_snake_case)]
#![allow(dead_code)]
#![allow(unsafe_op_in_unsafe_fn)]
#![cfg_attr(rustfmt, rustfmt::skip)]

mod codegen_tests;
pub mod api_helper;

use doodle::prelude::*;
use doodle::try_sub;

/// d#0
fn Decoder0(input: &mut Parser<'_>) -> Result<i8, ParseError> {
Decoder1(input)
}

/// d#1
fn Decoder1(_input: &mut Parser<'_>) -> Result<i8, ParseError> {
(neg_i8((rem_i8(8i8, 90i8)).eval()?)).eval()
}





## --i16 -20452i16
#![allow(unused_imports)]
#![allow(non_camel_case_types)]
#![allow(non_snake_case)]
#![allow(dead_code)]
#![allow(unsafe_op_in_unsafe_fn)]
#![cfg_attr(rustfmt, rustfmt::skip)]

mod codegen_tests;
pub mod api_helper;

use doodle::prelude::*;
use doodle::try_sub;

/// d#0
fn Decoder0(input: &mut Parser<'_>) -> Result<i16, ParseError> {
Decoder1(input)
}

/// d#1
fn Decoder1(_input: &mut Parser<'_>) -> Result<i16, ParseError> {
(pred_i16(-20452i16)).eval()
}





## --u16 absu16 (++u16 48815u16)
#![allow(unused_imports)]
#![allow(non_camel_case_types)]
#![allow(non_snake_case)]
#![allow(dead_code)]
#![allow(unsafe_op_in_unsafe_fn)]
#![cfg_attr(rustfmt, rustfmt::skip)]

mod codegen_tests;
pub mod api_helper;

use doodle::prelude::*;
use doodle::try_sub;

/// d#0
fn Decoder0(input: &mut Parser<'_>) -> Result<u16, ParseError> {
Decoder1(input)
}

/// d#1
fn Decoder1(_input: &mut Parser<'_>) -> Result<u16, ParseError> {
(pred_u16((abs_u16((succ_u16(48815u16)).eval()?)).eval()?)).eval()
}





## --u64 17966686362952011800u64
#![allow(unused_imports)]
#![allow(non_camel_case_types)]
#![allow(non_snake_case)]
#![allow(dead_code)]
#![allow(unsafe_op_in_unsafe_fn)]
#![cfg_attr(rustfmt, rustfmt::skip)]

mod codegen_tests;
pub mod api_helper;

use doodle::prelude::*;
use doodle::try_sub;

/// d#0
fn Decoder0(input: &mut Parser<'_>) -> Result<u64, ParseError> {
Decoder1(input)
}

/// d#1
fn Decoder1(_input: &mut Parser<'_>) -> Result<u64, ParseError> {
(pred_u64(17966686362952011800u64)).eval()
}





## absi32 absi32 (--i32 -1035921436i32)
#![allow(unused_imports)]
#![allow(non_camel_case_types)]
#![allow(non_snake_case)]
#![allow(dead_code)]
#![allow(unsafe_op_in_unsafe_fn)]
#![cfg_attr(rustfmt, rustfmt::skip)]

mod codegen_tests;
pub mod api_helper;

use doodle::prelude::*;
use doodle::try_sub;

/// d#0
fn Decoder0(input: &mut Parser<'_>) -> Result<i32, ParseError> {
Decoder1(input)
}

/// d#1
fn Decoder1(_input: &mut Parser<'_>) -> Result<i32, ParseError> {
(abs_i32((abs_i32((pred_i32(-1035921436i32)).eval()?)).eval()?)).eval()
}





## ~i8 28i8
#![allow(unused_imports)]
#![allow(non_camel_case_types)]
#![allow(non_snake_case)]
#![allow(dead_code)]
#![allow(unsafe_op_in_unsafe_fn)]
#![cfg_attr(rustfmt, rustfmt::skip)]

mod codegen_tests;
pub mod api_helper;

use doodle::prelude::*;
use doodle::try_sub;

/// d#0
fn Decoder0(input: &mut Parser<'_>) -> Result<i8, ParseError> {
Decoder1(input)
}

/// d#1
fn Decoder1(_input: &mut Parser<'_>) -> Result<i8, ParseError> {
(neg_i8(28i8)).eval()
}





## 56i8
#![allow(unused_imports)]
#![allow(non_camel_case_types)]
#![allow(non_snake_case)]
#![allow(dead_code)]
#![allow(unsafe_op_in_unsafe_fn)]
#![cfg_attr(rustfmt, rustfmt::skip)]

mod codegen_tests;
pub mod api_helper;

use doodle::prelude::*;
use doodle::try_sub;

/// d#0
fn Decoder0(input: &mut Parser<'_>) -> Result<i8, ParseError> {
Decoder1(input)
}

/// d#1
fn Decoder1(_input: &mut Parser<'_>) -> Result<i8, ParseError> {
PResult::Ok(56i8)
}





## absu64 14393913082918650285u64
#![allow(unused_imports)]
#![allow(non_camel_case_types)]
#![allow(non_snake_case)]
#![allow(dead_code)]
#![allow(unsafe_op_in_unsafe_fn)]
#![cfg_attr(rustfmt, rustfmt::skip)]

mod codegen_tests;
pub mod api_helper;

use doodle::prelude::*;
use doodle::try_sub;

/// d#0
fn Decoder0(input: &mut Parser<'_>) -> Result<u64, ParseError> {
Decoder1(input)
}

/// d#1
fn Decoder1(_input: &mut Parser<'_>) -> Result<u64, ParseError> {
(abs_u64(14393913082918650285u64)).eval()
}





## --u32 absu32 939209952u32
#![allow(unused_imports)]
#![allow(non_camel_case_types)]
#![allow(non_snake_case)]
#![allow(dead_code)]
#![allow(unsafe_op_in_unsafe_fn)]
#![cfg_attr(rustfmt, rustfmt::skip)]

mod codegen_tests;
pub mod api_helper;

use doodle::prelude::*;
use doodle::try_sub;

/// d#0
fn Decoder0(input: &mut Parser<'_>) -> Result<u32, ParseError> {
Decoder1(input)
}

/// d#1
fn Decoder1(_input: &mut Parser<'_>) -> Result<u32, ParseError> {
(pred_u32((abs_u32(939209952u32)).eval()?)).eval()
}





## (-33i8 -i8 -23i8) /i8 ~i8 31i8
#![allow(unused_imports)]
#![allow(non_camel_case_types)]
#![allow(non_snake_case)]
#![allow(dead_code)]
#![allow(unsafe_op_in_unsafe_fn)]
#![cfg_attr(rustfmt, rustfmt::skip)]

mod codegen_tests;
pub mod api_helper;

use doodle::prelude::*;
use doodle::try_sub;

/// d#0
fn Decoder0(input: &mut Parser<'_>) -> Result<i8, ParseError> {
Decoder1(input)
}

/// d#1
fn Decoder1(_input: &mut Parser<'_>) -> Result<i8, ParseError> {
(div_i8((sub_i8(-33i8, -23i8)).eval()?, (neg_i8(31i8)).eval()?)).eval()
}





## (-13i8 +i8 10i8) /i8 -57i8
#![allow(unused_imports)]
#![allow(non_camel_case_types)]
#![allow(non_snake_case)]
#![allow(dead_code)]
#![allow(unsafe_op_in_unsafe_fn)]
#![cfg_attr(rustfmt, rustfmt::skip)]

mod codegen_tests;
pub mod api_helper;

use doodle::prelude::*;
use doodle::try_sub;

/// d#0
fn Decoder0(input: &mut Parser<'_>) -> Result<i8, ParseError> {
Decoder1(input)
}

/// d#1
fn Decoder1(_input: &mut Parser<'_>) -> Result<i8, ParseError> {
(div_i8((add_i8(-13i8, 10i8)).eval()?, -57i8)).eval()
}





## ++i8 8i8
#![allow(unused_imports)]
#![allow(non_camel_case_types)]
#![allow(non_snake_case)]
#![allow(dead_code)]
#![allow(unsafe_op_in_unsafe_fn)]
#![cfg_attr(rustfmt, rustfmt::skip)]

mod codegen_tests;
pub mod api_helper;

use doodle::prelude::*;
use doodle::try_sub;

/// d#0
fn Decoder0(input: &mut Parser<'_>) -> Result<i8, ParseError> {
Decoder1(input)
}

/// d#1
fn Decoder1(_input: &mut Parser<'_>) -> Result<i8, ParseError> {
(succ_i8(8i8)).eval()
}





## (--i8 60i8 +i8 22i8) /i8 98i8
#![allow(unused_imports)]
#![allow(non_camel_case_types)]
#![allow(non_snake_case)]
#![allow(dead_code)]
#![allow(unsafe_op_in_unsafe_fn)]
#![cfg_attr(rustfmt, rustfmt::skip)]

mod codegen_tests;
pub mod api_helper;

use doodle::prelude::*;
use doodle::try_sub;

/// d#0
fn Decoder0(input: &mut Parser<'_>) -> Result<i8, ParseError> {
Decoder1(input)
}

/// d#1
fn Decoder1(_input: &mut Parser<'_>) -> Result<i8, ParseError> {
(div_i8((pred_i8((add_i8(60i8, 22i8)).eval()?)).eval()?, 98i8)).eval()
}





## ++i16 18879i16
#![allow(unused_imports)]
#![allow(non_camel_case_types)]
#![allow(non_snake_case)]
#![allow(dead_code)]
#![allow(unsafe_op_in_unsafe_fn)]
#![cfg_attr(rustfmt, rustfmt::skip)]

mod codegen_tests;
pub mod api_helper;

use doodle::prelude::*;
use doodle::try_sub;

/// d#0
fn Decoder0(input: &mut Parser<'_>) -> Result<i16, ParseError> {
Decoder1(input)
}

/// d#1
fn Decoder1(_input: &mut Parser<'_>) -> Result<i16, ParseError> {
(succ_i16(18879i16)).eval()
}





## 16i8
#![allow(unused_imports)]
#![allow(non_camel_case_types)]
#![allow(non_snake_case)]
#![allow(dead_code)]
#![allow(unsafe_op_in_unsafe_fn)]
#![cfg_attr(rustfmt, rustfmt::skip)]

mod codegen_tests;
pub mod api_helper;

use doodle::prelude::*;
use doodle::try_sub;

/// d#0
fn Decoder0(input: &mut Parser<'_>) -> Result<i8, ParseError> {
Decoder1(input)
}

/// d#1
fn Decoder1(_input: &mut Parser<'_>) -> Result<i8, ParseError> {
PResult::Ok(16i8)
}





## ~i8 absi8 94i8
#![allow(unused_imports)]
#![allow(non_camel_case_types)]
#![allow(non_snake_case)]
#![allow(dead_code)]
#![allow(unsafe_op_in_unsafe_fn)]
#![cfg_attr(rustfmt, rustfmt::skip)]

mod codegen_tests;
pub mod api_helper;

use doodle::prelude::*;
use doodle::try_sub;

/// d#0
fn Decoder0(input: &mut Parser<'_>) -> Result<i8, ParseError> {
Decoder1(input)
}

/// d#1
fn Decoder1(_input: &mut Parser<'_>) -> Result<i8, ParseError> {
(neg_i8((abs_i8(94i8)).eval()?)).eval()
}





## absu8 104u8
#![allow(unused_imports)]
#![allow(non_camel_case_types)]
#![allow(non_snake_case)]
#![allow(dead_code)]
#![allow(unsafe_op_in_unsafe_fn)]
#![cfg_attr(rustfmt, rustfmt::skip)]

mod codegen_tests;
pub mod api_helper;

use doodle::prelude::*;
use doodle::try_sub;

/// d#0
fn Decoder0(input: &mut Parser<'_>) -> Result<u8, ParseError> {
Decoder1(input)
}

/// d#1
fn Decoder1(_input: &mut Parser<'_>) -> Result<u8, ParseError> {
(abs_u8(104u8)).eval()
}





## 67i8
#![allow(unused_imports)]
#![allow(non_camel_case_types)]
#![allow(non_snake_case)]
#![allow(dead_code)]
#![allow(unsafe_op_in_unsafe_fn)]
#![cfg_attr(rustfmt, rustfmt::skip)]

mod codegen_tests;
pub mod api_helper;

use doodle::prelude::*;
use doodle::try_sub;

/// d#0
fn Decoder0(input: &mut Parser<'_>) -> Result<i8, ParseError> {
Decoder1(input)
}

/// d#1
fn Decoder1(_input: &mut Parser<'_>) -> Result<i8, ParseError> {
PResult::Ok(67i8)
}





## --u16 absu16 51991u16
#![allow(unused_imports)]
#![allow(non_camel_case_types)]
#![allow(non_snake_case)]
#![allow(dead_code)]
#![allow(unsafe_op_in_unsafe_fn)]
#![cfg_attr(rustfmt, rustfmt::skip)]

mod codegen_tests;
pub mod api_helper;

use doodle::prelude::*;
use doodle::try_sub;

/// d#0
fn Decoder0(input: &mut Parser<'_>) -> Result<u16, ParseError> {
Decoder1(input)
}

/// d#1
fn Decoder1(_input: &mut Parser<'_>) -> Result<u16, ParseError> {
(pred_u16((abs_u16(51991u16)).eval()?)).eval()
}





## (--u8 absu8 41u8 +u8 87u8) %u8 (++u8 absu8 (119u8 /u8 67u8))
#![allow(unused_imports)]
#![allow(non_camel_case_types)]
#![allow(non_snake_case)]
#![allow(dead_code)]
#![allow(unsafe_op_in_unsafe_fn)]
#![cfg_attr(rustfmt, rustfmt::skip)]

mod codegen_tests;
pub mod api_helper;

use doodle::prelude::*;
use doodle::try_sub;

/// d#0
fn Decoder0(input: &mut Parser<'_>) -> Result<u8, ParseError> {
Decoder1(input)
}

/// d#1
fn Decoder1(_input: &mut Parser<'_>) -> Result<u8, ParseError> {
(rem_u8((pred_u8((add_u8((abs_u8(41u8)).eval()?, 87u8)).eval()?)).eval()?, (succ_u8((abs_u8((div_u8(119u8, 67u8)).eval()?)).eval()?)).eval()?)).eval()
}





## absu8 (++u8 108u8 /u8 93u8)
#![allow(unused_imports)]
#![allow(non_camel_case_types)]
#![allow(non_snake_case)]
#![allow(dead_code)]
#![allow(unsafe_op_in_unsafe_fn)]
#![cfg_attr(rustfmt, rustfmt::skip)]

mod codegen_tests;
pub mod api_helper;

use doodle::prelude::*;
use doodle::try_sub;

/// d#0
fn Decoder0(input: &mut Parser<'_>) -> Result<u8, ParseError> {
Decoder1(input)
}

/// d#1
fn Decoder1(_input: &mut Parser<'_>) -> Result<u8, ParseError> {
(abs_u8((succ_u8((div_u8(108u8, 93u8)).eval()?)).eval()?)).eval()
}





## ~i8 absi8 50i8
#![allow(unused_imports)]
#![allow(non_camel_case_types)]
#![allow(non_snake_case)]
#![allow(dead_code)]
#![allow(unsafe_op_in_unsafe_fn)]
#![cfg_attr(rustfmt, rustfmt::skip)]

mod codegen_tests;
pub mod api_helper;

use doodle::prelude::*;
use doodle::try_sub;

/// d#0
fn Decoder0(input: &mut Parser<'_>) -> Result<i8, ParseError> {
Decoder1(input)
}

/// d#1
fn Decoder1(_input: &mut Parser<'_>) -> Result<i8, ParseError> {
(neg_i8((abs_i8(50i8)).eval()?)).eval()
}





## ++i8 98i8
#![allow(unused_imports)]
#![allow(non_camel_case_types)]
#![allow(non_snake_case)]
#![allow(dead_code)]
#![allow(unsafe_op_in_unsafe_fn)]
#![cfg_attr(rustfmt, rustfmt::skip)]

mod codegen_tests;
pub mod api_helper;

use doodle::prelude::*;
use doodle::try_sub;

/// d#0
fn Decoder0(input: &mut Parser<'_>) -> Result<i8, ParseError> {
Decoder1(input)
}

/// d#1
fn Decoder1(_input: &mut Parser<'_>) -> Result<i8, ParseError> {
(succ_i8(98i8)).eval()
}





## absu8 ((156u8 -u8 62u8) %u8 186u8)
#![allow(unused_imports)]
#![allow(non_camel_case_types)]
#![allow(non_snake_case)]
#![allow(dead_code)]
#![allow(unsafe_op_in_unsafe_fn)]
#![cfg_attr(rustfmt, rustfmt::skip)]

mod codegen_tests;
pub mod api_helper;

use doodle::prelude::*;
use doodle::try_sub;

/// d#0
fn Decoder0(input: &mut Parser<'_>) -> Result<u8, ParseError> {
Decoder1(input)
}

/// d#1
fn Decoder1(_input: &mut Parser<'_>) -> Result<u8, ParseError> {
(abs_u8((rem_u8((sub_u8(156u8, 62u8)).eval()?, 186u8)).eval()?)).eval()
}





## absi8 (51i8 -i8 92i8)
#![allow(unused_imports)]
#![allow(non_camel_case_types)]
#![allow(non_snake_case)]
#![allow(dead_code)]
#![allow(unsafe_op_in_unsafe_fn)]
#![cfg_attr(rustfmt, rustfmt::skip)]

mod codegen_tests;
pub mod api_helper;

use doodle::prelude::*;
use doodle::try_sub;

/// d#0
fn Decoder0(input: &mut Parser<'_>) -> Result<i8, ParseError> {
Decoder1(input)
}

/// d#1
fn Decoder1(_input: &mut Parser<'_>) -> Result<i8, ParseError> {
(abs_i8((sub_i8(51i8, 92i8)).eval()?)).eval()
}





## ++u8 19u8
#![allow(unused_imports)]
#![allow(non_camel_case_types)]
#![allow(non_snake_case)]
#![allow(dead_code)]
#![allow(unsafe_op_in_unsafe_fn)]
#![cfg_attr(rustfmt, rustfmt::skip)]

mod codegen_tests;
pub mod api_helper;

use doodle::prelude::*;
use doodle::try_sub;

/// expected size: 2
/// trait-unready: multiple (2) decoders exist (d#{0, 1})
#[derive(Debug, Copy, Clone)]
pub struct test_arb2 {
a: u8,
b: u8
}

/// d#0
fn Decoder_test_arb2(input: &mut Parser<'_>) -> Result<test_arb2, ParseError> {
Decoder1(input)
}

/// d#1
fn Decoder1(input: &mut Parser<'_>) -> Result<test_arb2, ParseError> {
let a = (Decoder2(input))?;
let b = succ(a);
PResult::Ok(test_arb2 { a, b })
}

/// d#2
fn Decoder2(_input: &mut Parser<'_>) -> Result<u8, ParseError> {
(succ_u8(19u8)).eval()
}





## ++u16 ++u16 39522u16
#![allow(unused_imports)]
#![allow(non_camel_case_types)]
#![allow(non_snake_case)]
#![allow(dead_code)]
#![allow(unsafe_op_in_unsafe_fn)]
#![cfg_attr(rustfmt, rustfmt::skip)]

mod codegen_tests;
pub mod api_helper;

use doodle::prelude::*;
use doodle::try_sub;

/// expected size: 4
/// trait-unready: multiple (2) decoders exist (d#{0, 1})
#[derive(Debug, Copy, Clone)]
pub struct test_arb2 {
a: u16,
b: u16
}

/// d#0
fn Decoder_test_arb2(input: &mut Parser<'_>) -> Result<test_arb2, ParseError> {
Decoder1(input)
}

/// d#1
fn Decoder1(input: &mut Parser<'_>) -> Result<test_arb2, ParseError> {
let a = (Decoder2(input))?;
let b = succ(a);
PResult::Ok(test_arb2 { a, b })
}

/// d#2
fn Decoder2(_input: &mut Parser<'_>) -> Result<u16, ParseError> {
(succ_u16((succ_u16(39522u16)).eval()?)).eval()
}





## absu8 247u8
#![allow(unused_imports)]
#![allow(non_camel_case_types)]
#![allow(non_snake_case)]
#![allow(dead_code)]
#![allow(unsafe_op_in_unsafe_fn)]
#![cfg_attr(rustfmt, rustfmt::skip)]

mod codegen_tests;
pub mod api_helper;

use doodle::prelude::*;
use doodle::try_sub;

/// expected size: 2
/// trait-unready: multiple (2) decoders exist (d#{0, 1})
#[derive(Debug, Copy, Clone)]
pub struct test_arb2 {
a: u8,
b: u8
}

/// d#0
fn Decoder_test_arb2(input: &mut Parser<'_>) -> Result<test_arb2, ParseError> {
Decoder1(input)
}

/// d#1
fn Decoder1(input: &mut Parser<'_>) -> Result<test_arb2, ParseError> {
let a = (Decoder2(input))?;
let b = succ(a);
PResult::Ok(test_arb2 { a, b })
}

/// d#2
fn Decoder2(_input: &mut Parser<'_>) -> Result<u8, ParseError> {
(abs_u8(247u8)).eval()
}





## absu8 17u8
#![allow(unused_imports)]
#![allow(non_camel_case_types)]
#![allow(non_snake_case)]
#![allow(dead_code)]
#![allow(unsafe_op_in_unsafe_fn)]
#![cfg_attr(rustfmt, rustfmt::skip)]

mod codegen_tests;
pub mod api_helper;

use doodle::prelude::*;
use doodle::try_sub;

/// expected size: 2
/// trait-unready: multiple (2) decoders exist (d#{0, 1})
#[derive(Debug, Copy, Clone)]
pub struct test_arb2 {
a: u8,
b: u8
}

/// d#0
fn Decoder_test_arb2(input: &mut Parser<'_>) -> Result<test_arb2, ParseError> {
Decoder1(input)
}

/// d#1
fn Decoder1(input: &mut Parser<'_>) -> Result<test_arb2, ParseError> {
let a = (Decoder2(input))?;
let b = succ(a);
PResult::Ok(test_arb2 { a, b })
}

/// d#2
fn Decoder2(_input: &mut Parser<'_>) -> Result<u8, ParseError> {
(abs_u8(17u8)).eval()
}





## ++u8 absu8 absu8 12u8
#![allow(unused_imports)]
#![allow(non_camel_case_types)]
#![allow(non_snake_case)]
#![allow(dead_code)]
#![allow(unsafe_op_in_unsafe_fn)]
#![cfg_attr(rustfmt, rustfmt::skip)]

mod codegen_tests;
pub mod api_helper;

use doodle::prelude::*;
use doodle::try_sub;

/// expected size: 2
/// trait-unready: multiple (2) decoders exist (d#{0, 1})
#[derive(Debug, Copy, Clone)]
pub struct test_arb2 {
a: u8,
b: u8
}

/// d#0
fn Decoder_test_arb2(input: &mut Parser<'_>) -> Result<test_arb2, ParseError> {
Decoder1(input)
}

/// d#1
fn Decoder1(input: &mut Parser<'_>) -> Result<test_arb2, ParseError> {
let a = (Decoder2(input))?;
let b = succ(a);
PResult::Ok(test_arb2 { a, b })
}

/// d#2
fn Decoder2(_input: &mut Parser<'_>) -> Result<u8, ParseError> {
(succ_u8((abs_u8((abs_u8(12u8)).eval()?)).eval()?)).eval()
}





## absu8 absu8 (--u8 79u8)
#![allow(unused_imports)]
#![allow(non_camel_case_types)]
#![allow(non_snake_case)]
#![allow(dead_code)]
#![allow(unsafe_op_in_unsafe_fn)]
#![cfg_attr(rustfmt, rustfmt::skip)]

mod codegen_tests;
pub mod api_helper;

use doodle::prelude::*;
use doodle::try_sub;

/// expected size: 2
/// trait-unready: multiple (2) decoders exist (d#{0, 1})
#[derive(Debug, Copy, Clone)]
pub struct test_arb2 {
a: u8,
b: u8
}

/// d#0
fn Decoder_test_arb2(input: &mut Parser<'_>) -> Result<test_arb2, ParseError> {
Decoder1(input)
}

/// d#1
fn Decoder1(input: &mut Parser<'_>) -> Result<test_arb2, ParseError> {
let a = (Decoder2(input))?;
let b = succ(a);
PResult::Ok(test_arb2 { a, b })
}

/// d#2
fn Decoder2(_input: &mut Parser<'_>) -> Result<u8, ParseError> {
(abs_u8((abs_u8((pred_u8(79u8)).eval()?)).eval()?)).eval()
}





## 62174u16
#![allow(unused_imports)]
#![allow(non_camel_case_types)]
#![allow(non_snake_case)]
#![allow(dead_code)]
#![allow(unsafe_op_in_unsafe_fn)]
#![cfg_attr(rustfmt, rustfmt::skip)]

mod codegen_tests;
pub mod api_helper;

use doodle::prelude::*;
use doodle::try_sub;

/// expected size: 4
/// trait-unready: multiple (2) decoders exist (d#{0, 1})
#[derive(Debug, Copy, Clone)]
pub struct test_arb2 {
a: u16,
b: u16
}

/// d#0
fn Decoder_test_arb2(input: &mut Parser<'_>) -> Result<test_arb2, ParseError> {
Decoder1(input)
}

/// d#1
fn Decoder1(input: &mut Parser<'_>) -> Result<test_arb2, ParseError> {
let a = (Decoder2(input))?;
let b = succ(a);
PResult::Ok(test_arb2 { a, b })
}

/// d#2
fn Decoder2(_input: &mut Parser<'_>) -> Result<u16, ParseError> {
PResult::Ok(62174u16)
}





## ++u8 251u8
#![allow(unused_imports)]
#![allow(non_camel_case_types)]
#![allow(non_snake_case)]
#![allow(dead_code)]
#![allow(unsafe_op_in_unsafe_fn)]
#![cfg_attr(rustfmt, rustfmt::skip)]

mod codegen_tests;
pub mod api_helper;

use doodle::prelude::*;
use doodle::try_sub;

/// expected size: 2
/// trait-unready: multiple (2) decoders exist (d#{0, 1})
#[derive(Debug, Copy, Clone)]
pub struct test_arb2 {
a: u8,
b: u8
}

/// d#0
fn Decoder_test_arb2(input: &mut Parser<'_>) -> Result<test_arb2, ParseError> {
Decoder1(input)
}

/// d#1
fn Decoder1(input: &mut Parser<'_>) -> Result<test_arb2, ParseError> {
let a = (Decoder2(input))?;
let b = succ(a);
PResult::Ok(test_arb2 { a, b })
}

/// d#2
fn Decoder2(_input: &mut Parser<'_>) -> Result<u8, ParseError> {
(succ_u8(251u8)).eval()
}





## --u8 232u8
#![allow(unused_imports)]
#![allow(non_camel_case_types)]
#![allow(non_snake_case)]
#![allow(dead_code)]
#![allow(unsafe_op_in_unsafe_fn)]
#![cfg_attr(rustfmt, rustfmt::skip)]

mod codegen_tests;
pub mod api_helper;

use doodle::prelude::*;
use doodle::try_sub;

/// expected size: 2
/// trait-unready: multiple (2) decoders exist (d#{0, 1})
#[derive(Debug, Copy, Clone)]
pub struct test_arb2 {
a: u8,
b: u8
}

/// d#0
fn Decoder_test_arb2(input: &mut Parser<'_>) -> Result<test_arb2, ParseError> {
Decoder1(input)
}

/// d#1
fn Decoder1(input: &mut Parser<'_>) -> Result<test_arb2, ParseError> {
let a = (Decoder2(input))?;
let b = succ(a);
PResult::Ok(test_arb2 { a, b })
}

/// d#2
fn Decoder2(_input: &mut Parser<'_>) -> Result<u8, ParseError> {
(pred_u8(232u8)).eval()
}





## 23u8 %u8 (--u8 13u8)
#![allow(unused_imports)]
#![allow(non_camel_case_types)]
#![allow(non_snake_case)]
#![allow(dead_code)]
#![allow(unsafe_op_in_unsafe_fn)]
#![cfg_attr(rustfmt, rustfmt::skip)]

mod codegen_tests;
pub mod api_helper;

use doodle::prelude::*;
use doodle::try_sub;

/// expected size: 2
/// trait-unready: multiple (2) decoders exist (d#{0, 1})
#[derive(Debug, Copy, Clone)]
pub struct test_arb2 {
a: u8,
b: u8
}

/// d#0
fn Decoder_test_arb2(input: &mut Parser<'_>) -> Result<test_arb2, ParseError> {
Decoder1(input)
}

/// d#1
fn Decoder1(input: &mut Parser<'_>) -> Result<test_arb2, ParseError> {
let a = (Decoder2(input))?;
let b = succ(a);
PResult::Ok(test_arb2 { a, b })
}

/// d#2
fn Decoder2(_input: &mut Parser<'_>) -> Result<u8, ParseError> {
(rem_u8(23u8, (pred_u8(13u8)).eval()?)).eval()
}





## 165u8 %u8 72u8
#![allow(unused_imports)]
#![allow(non_camel_case_types)]
#![allow(non_snake_case)]
#![allow(dead_code)]
#![allow(unsafe_op_in_unsafe_fn)]
#![cfg_attr(rustfmt, rustfmt::skip)]

mod codegen_tests;
pub mod api_helper;

use doodle::prelude::*;
use doodle::try_sub;

/// expected size: 2
/// trait-unready: multiple (2) decoders exist (d#{0, 1})
#[derive(Debug, Copy, Clone)]
pub struct test_arb2 {
a: u8,
b: u8
}

/// d#0
fn Decoder_test_arb2(input: &mut Parser<'_>) -> Result<test_arb2, ParseError> {
Decoder1(input)
}

/// d#1
fn Decoder1(input: &mut Parser<'_>) -> Result<test_arb2, ParseError> {
let a = (Decoder2(input))?;
let b = succ(a);
PResult::Ok(test_arb2 { a, b })
}

/// d#2
fn Decoder2(_input: &mut Parser<'_>) -> Result<u8, ParseError> {
(rem_u8(165u8, 72u8)).eval()
}





## absu8 16u8
#![allow(unused_imports)]
#![allow(non_camel_case_types)]
#![allow(non_snake_case)]
#![allow(dead_code)]
#![allow(unsafe_op_in_unsafe_fn)]
#![cfg_attr(rustfmt, rustfmt::skip)]

mod codegen_tests;
pub mod api_helper;

use doodle::prelude::*;
use doodle::try_sub;

/// expected size: 2
/// trait-unready: multiple (2) decoders exist (d#{0, 1})
#[derive(Debug, Copy, Clone)]
pub struct test_arb2 {
a: u8,
b: u8
}

/// d#0
fn Decoder_test_arb2(input: &mut Parser<'_>) -> Result<test_arb2, ParseError> {
Decoder1(input)
}

/// d#1
fn Decoder1(input: &mut Parser<'_>) -> Result<test_arb2, ParseError> {
let a = (Decoder2(input))?;
let b = succ(a);
PResult::Ok(test_arb2 { a, b })
}

/// d#2
fn Decoder2(_input: &mut Parser<'_>) -> Result<u8, ParseError> {
(abs_u8(16u8)).eval()
}





## absu8 82u8 /u8 193u8 /u8 133u8 /u8 (++u8 252u8) %u8 212u8
#![allow(unused_imports)]
#![allow(non_camel_case_types)]
#![allow(non_snake_case)]
#![allow(dead_code)]
#![allow(unsafe_op_in_unsafe_fn)]
#![cfg_attr(rustfmt, rustfmt::skip)]

mod codegen_tests;
pub mod api_helper;

use doodle::prelude::*;
use doodle::try_sub;

/// expected size: 2
/// trait-unready: multiple (2) decoders exist (d#{0, 1})
#[derive(Debug, Copy, Clone)]
pub struct test_arb2 {
a: u8,
b: u8
}

/// d#0
fn Decoder_test_arb2(input: &mut Parser<'_>) -> Result<test_arb2, ParseError> {
Decoder1(input)
}

/// d#1
fn Decoder1(input: &mut Parser<'_>) -> Result<test_arb2, ParseError> {
let a = (Decoder2(input))?;
let b = succ(a);
PResult::Ok(test_arb2 { a, b })
}

/// d#2
fn Decoder2(_input: &mut Parser<'_>) -> Result<u8, ParseError> {
(div_u8((div_u8((abs_u8(82u8)).eval()?, (div_u8(193u8, 133u8)).eval()?)).eval()?, (rem_u8((succ_u8(252u8)).eval()?, 212u8)).eval()?)).eval()
}





## absu8 (absu8 189u8 -u8 104u8)
#![allow(unused_imports)]
#![allow(non_camel_case_types)]
#![allow(non_snake_case)]
#![allow(dead_code)]
#![allow(unsafe_op_in_unsafe_fn)]
#![cfg_attr(rustfmt, rustfmt::skip)]

mod codegen_tests;
pub mod api_helper;

use doodle::prelude::*;
use doodle::try_sub;

/// expected size: 2
/// trait-unready: multiple (2) decoders exist (d#{0, 1})
#[derive(Debug, Copy, Clone)]
pub struct test_arb2 {
a: u8,
b: u8
}

/// d#0
fn Decoder_test_arb2(input: &mut Parser<'_>) -> Result<test_arb2, ParseError> {
Decoder1(input)
}

/// d#1
fn Decoder1(input: &mut Parser<'_>) -> Result<test_arb2, ParseError> {
let a = (Decoder2(input))?;
let b = succ(a);
PResult::Ok(test_arb2 { a, b })
}

/// d#2
fn Decoder2(_input: &mut Parser<'_>) -> Result<u8, ParseError> {
(abs_u8((sub_u8((abs_u8(189u8)).eval()?, 104u8)).eval()?)).eval()
}





## --u8 absu8 (++u8 116u8)
#![allow(unused_imports)]
#![allow(non_camel_case_types)]
#![allow(non_snake_case)]
#![allow(dead_code)]
#![allow(unsafe_op_in_unsafe_fn)]
#![cfg_attr(rustfmt, rustfmt::skip)]

mod codegen_tests;
pub mod api_helper;

use doodle::prelude::*;
use doodle::try_sub;

/// expected size: 2
/// trait-unready: multiple (2) decoders exist (d#{0, 1})
#[derive(Debug, Copy, Clone)]
pub struct test_arb2 {
a: u8,
b: u8
}

/// d#0
fn Decoder_test_arb2(input: &mut Parser<'_>) -> Result<test_arb2, ParseError> {
Decoder1(input)
}

/// d#1
fn Decoder1(input: &mut Parser<'_>) -> Result<test_arb2, ParseError> {
let a = (Decoder2(input))?;
let b = succ(a);
PResult::Ok(test_arb2 { a, b })
}

/// d#2
fn Decoder2(_input: &mut Parser<'_>) -> Result<u8, ParseError> {
(pred_u8((abs_u8((succ_u8(116u8)).eval()?)).eval()?)).eval()
}





## --u8 absu8 (++u8 137u8)
#![allow(unused_imports)]
#![allow(non_camel_case_types)]
#![allow(non_snake_case)]
#![allow(dead_code)]
#![allow(unsafe_op_in_unsafe_fn)]
#![cfg_attr(rustfmt, rustfmt::skip)]

mod codegen_tests;
pub mod api_helper;

use doodle::prelude::*;
use doodle::try_sub;

/// expected size: 2
/// trait-unready: multiple (2) decoders exist (d#{0, 1})
#[derive(Debug, Copy, Clone)]
pub struct test_arb2 {
a: u8,
b: u8
}

/// d#0
fn Decoder_test_arb2(input: &mut Parser<'_>) -> Result<test_arb2, ParseError> {
Decoder1(input)
}

/// d#1
fn Decoder1(input: &mut Parser<'_>) -> Result<test_arb2, ParseError> {
let a = (Decoder2(input))?;
let b = succ(a);
PResult::Ok(test_arb2 { a, b })
}

/// d#2
fn Decoder2(_input: &mut Parser<'_>) -> Result<u8, ParseError> {
(pred_u8((abs_u8((succ_u8(137u8)).eval()?)).eval()?)).eval()
}





## absu8 (++u8 200u8) %u8 absu8 190u8
#![allow(unused_imports)]
#![allow(non_camel_case_types)]
#![allow(non_snake_case)]
#![allow(dead_code)]
#![allow(unsafe_op_in_unsafe_fn)]
#![cfg_attr(rustfmt, rustfmt::skip)]

mod codegen_tests;
pub mod api_helper;

use doodle::prelude::*;
use doodle::try_sub;

/// expected size: 2
/// trait-unready: multiple (2) decoders exist (d#{0, 1})
#[derive(Debug, Copy, Clone)]
pub struct test_arb2 {
a: u8,
b: u8
}

/// d#0
fn Decoder_test_arb2(input: &mut Parser<'_>) -> Result<test_arb2, ParseError> {
Decoder1(input)
}

/// d#1
fn Decoder1(input: &mut Parser<'_>) -> Result<test_arb2, ParseError> {
let a = (Decoder2(input))?;
let b = succ(a);
PResult::Ok(test_arb2 { a, b })
}

/// d#2
fn Decoder2(_input: &mut Parser<'_>) -> Result<u8, ParseError> {
(rem_u8((abs_u8((succ_u8(200u8)).eval()?)).eval()?, (abs_u8(190u8)).eval()?)).eval()
}





## --u8 178u8
#![allow(unused_imports)]
#![allow(non_camel_case_types)]
#![allow(non_snake_case)]
#![allow(dead_code)]
#![allow(unsafe_op_in_unsafe_fn)]
#![cfg_attr(rustfmt, rustfmt::skip)]

mod codegen_tests;
pub mod api_helper;

use doodle::prelude::*;
use doodle::try_sub;

/// expected size: 2
/// trait-unready: multiple (2) decoders exist (d#{0, 1})
#[derive(Debug, Copy, Clone)]
pub struct test_arb2 {
a: u8,
b: u8
}

/// d#0
fn Decoder_test_arb2(input: &mut Parser<'_>) -> Result<test_arb2, ParseError> {
Decoder1(input)
}

/// d#1
fn Decoder1(input: &mut Parser<'_>) -> Result<test_arb2, ParseError> {
let a = (Decoder2(input))?;
let b = succ(a);
PResult::Ok(test_arb2 { a, b })
}

/// d#2
fn Decoder2(_input: &mut Parser<'_>) -> Result<u8, ParseError> {
(pred_u8(178u8)).eval()
}





## --u16 57838u16
#![allow(unused_imports)]
#![allow(non_camel_case_types)]
#![allow(non_snake_case)]
#![allow(dead_code)]
#![allow(unsafe_op_in_unsafe_fn)]
#![cfg_attr(rustfmt, rustfmt::skip)]

mod codegen_tests;
pub mod api_helper;

use doodle::prelude::*;
use doodle::try_sub;

/// expected size: 4
/// trait-unready: multiple (2) decoders exist (d#{0, 1})
#[derive(Debug, Copy, Clone)]
pub struct test_arb2 {
a: u16,
b: u16
}

/// d#0
fn Decoder_test_arb2(input: &mut Parser<'_>) -> Result<test_arb2, ParseError> {
Decoder1(input)
}

/// d#1
fn Decoder1(input: &mut Parser<'_>) -> Result<test_arb2, ParseError> {
let a = (Decoder2(input))?;
let b = succ(a);
PResult::Ok(test_arb2 { a, b })
}

/// d#2
fn Decoder2(_input: &mut Parser<'_>) -> Result<u16, ParseError> {
(pred_u16(57838u16)).eval()
}





## --u8 243u8
#![allow(unused_imports)]
#![allow(non_camel_case_types)]
#![allow(non_snake_case)]
#![allow(dead_code)]
#![allow(unsafe_op_in_unsafe_fn)]
#![cfg_attr(rustfmt, rustfmt::skip)]

mod codegen_tests;
pub mod api_helper;

use doodle::prelude::*;
use doodle::try_sub;

/// expected size: 2
/// trait-unready: multiple (2) decoders exist (d#{0, 1})
#[derive(Debug, Copy, Clone)]
pub struct test_arb2 {
a: u8,
b: u8
}

/// d#0
fn Decoder_test_arb2(input: &mut Parser<'_>) -> Result<test_arb2, ParseError> {
Decoder1(input)
}

/// d#1
fn Decoder1(input: &mut Parser<'_>) -> Result<test_arb2, ParseError> {
let a = (Decoder2(input))?;
let b = succ(a);
PResult::Ok(test_arb2 { a, b })
}

/// d#2
fn Decoder2(_input: &mut Parser<'_>) -> Result<u8, ParseError> {
(pred_u8(243u8)).eval()
}





## absu16 absu16 absu16 13792u16
#![allow(unused_imports)]
#![allow(non_camel_case_types)]
#![allow(non_snake_case)]
#![allow(dead_code)]
#![allow(unsafe_op_in_unsafe_fn)]
#![cfg_attr(rustfmt, rustfmt::skip)]

mod codegen_tests;
pub mod api_helper;

use doodle::prelude::*;
use doodle::try_sub;

/// expected size: 4
/// trait-unready: multiple (2) decoders exist (d#{0, 1})
#[derive(Debug, Copy, Clone)]
pub struct test_arb2 {
a: u16,
b: u16
}

/// d#0
fn Decoder_test_arb2(input: &mut Parser<'_>) -> Result<test_arb2, ParseError> {
Decoder1(input)
}

/// d#1
fn Decoder1(input: &mut Parser<'_>) -> Result<test_arb2, ParseError> {
let a = (Decoder2(input))?;
let b = succ(a);
PResult::Ok(test_arb2 { a, b })
}

/// d#2
fn Decoder2(_input: &mut Parser<'_>) -> Result<u16, ParseError> {
(abs_u16((abs_u16((abs_u16(13792u16)).eval()?)).eval()?)).eval()
}





## absu32 (++u32 --u32 --u32 2954247937u32)
#![allow(unused_imports)]
#![allow(non_camel_case_types)]
#![allow(non_snake_case)]
#![allow(dead_code)]
#![allow(unsafe_op_in_unsafe_fn)]
#![cfg_attr(rustfmt, rustfmt::skip)]

mod codegen_tests;
pub mod api_helper;

use doodle::prelude::*;
use doodle::try_sub;

/// expected size: 8
/// trait-unready: multiple (2) decoders exist (d#{0, 1})
#[derive(Debug, Copy, Clone)]
pub struct test_arb2 {
a: u32,
b: u32
}

/// d#0
fn Decoder_test_arb2(input: &mut Parser<'_>) -> Result<test_arb2, ParseError> {
Decoder1(input)
}

/// d#1
fn Decoder1(input: &mut Parser<'_>) -> Result<test_arb2, ParseError> {
let a = (Decoder2(input))?;
let b = succ(a);
PResult::Ok(test_arb2 { a, b })
}

/// d#2
fn Decoder2(_input: &mut Parser<'_>) -> Result<u32, ParseError> {
(abs_u32((succ_u32((pred_u32((pred_u32(2954247937u32)).eval()?)).eval()?)).eval()?)).eval()
}





## ++u16 --u16 32444u16
#![allow(unused_imports)]
#![allow(non_camel_case_types)]
#![allow(non_snake_case)]
#![allow(dead_code)]
#![allow(unsafe_op_in_unsafe_fn)]
#![cfg_attr(rustfmt, rustfmt::skip)]

mod codegen_tests;
pub mod api_helper;

use doodle::prelude::*;
use doodle::try_sub;

/// expected size: 4
/// trait-unready: multiple (2) decoders exist (d#{0, 1})
#[derive(Debug, Copy, Clone)]
pub struct test_arb2 {
a: u16,
b: u16
}

/// d#0
fn Decoder_test_arb2(input: &mut Parser<'_>) -> Result<test_arb2, ParseError> {
Decoder1(input)
}

/// d#1
fn Decoder1(input: &mut Parser<'_>) -> Result<test_arb2, ParseError> {
let a = (Decoder2(input))?;
let b = succ(a);
PResult::Ok(test_arb2 { a, b })
}

/// d#2
fn Decoder2(_input: &mut Parser<'_>) -> Result<u16, ParseError> {
(succ_u16((pred_u16(32444u16)).eval()?)).eval()
}





## absu16 27833u16
#![allow(unused_imports)]
#![allow(non_camel_case_types)]
#![allow(non_snake_case)]
#![allow(dead_code)]
#![allow(unsafe_op_in_unsafe_fn)]
#![cfg_attr(rustfmt, rustfmt::skip)]

mod codegen_tests;
pub mod api_helper;

use doodle::prelude::*;
use doodle::try_sub;

/// expected size: 4
/// trait-unready: multiple (2) decoders exist (d#{0, 1})
#[derive(Debug, Copy, Clone)]
pub struct test_arb2 {
a: u16,
b: u16
}

/// d#0
fn Decoder_test_arb2(input: &mut Parser<'_>) -> Result<test_arb2, ParseError> {
Decoder1(input)
}

/// d#1
fn Decoder1(input: &mut Parser<'_>) -> Result<test_arb2, ParseError> {
let a = (Decoder2(input))?;
let b = succ(a);
PResult::Ok(test_arb2 { a, b })
}

/// d#2
fn Decoder2(_input: &mut Parser<'_>) -> Result<u16, ParseError> {
(abs_u16(27833u16)).eval()
}





## 27u8
#![allow(unused_imports)]
#![allow(non_camel_case_types)]
#![allow(non_snake_case)]
#![allow(dead_code)]
#![allow(unsafe_op_in_unsafe_fn)]
#![cfg_attr(rustfmt, rustfmt::skip)]

mod codegen_tests;
pub mod api_helper;

use doodle::prelude::*;
use doodle::try_sub;

/// expected size: 2
/// trait-unready: multiple (2) decoders exist (d#{0, 1})
#[derive(Debug, Copy, Clone)]
pub struct test_arb2 {
a: u8,
b: u8
}

/// d#0
fn Decoder_test_arb2(input: &mut Parser<'_>) -> Result<test_arb2, ParseError> {
Decoder1(input)
}

/// d#1
fn Decoder1(input: &mut Parser<'_>) -> Result<test_arb2, ParseError> {
let a = (Decoder2(input))?;
let b = succ(a);
PResult::Ok(test_arb2 { a, b })
}

/// d#2
fn Decoder2(_input: &mut Parser<'_>) -> Result<u8, ParseError> {
PResult::Ok(27u8)
}





## 26u8 %u8 (absu8 60u8 +u8 86u8)
#![allow(unused_imports)]
#![allow(non_camel_case_types)]
#![allow(non_snake_case)]
#![allow(dead_code)]
#![allow(unsafe_op_in_unsafe_fn)]
#![cfg_attr(rustfmt, rustfmt::skip)]

mod codegen_tests;
pub mod api_helper;

use doodle::prelude::*;
use doodle::try_sub;

/// expected size: 2
/// trait-unready: multiple (2) decoders exist (d#{0, 1})
#[derive(Debug, Copy, Clone)]
pub struct test_arb2 {
a: u8,
b: u8
}

/// d#0
fn Decoder_test_arb2(input: &mut Parser<'_>) -> Result<test_arb2, ParseError> {
Decoder1(input)
}

/// d#1
fn Decoder1(input: &mut Parser<'_>) -> Result<test_arb2, ParseError> {
let a = (Decoder2(input))?;
let b = succ(a);
PResult::Ok(test_arb2 { a, b })
}

/// d#2
fn Decoder2(_input: &mut Parser<'_>) -> Result<u8, ParseError> {
(rem_u8(26u8, (add_u8((abs_u8(60u8)).eval()?, 86u8)).eval()?)).eval()
}





## ++u64 absu64 absu64 909156665867142379u64
#![allow(unused_imports)]
#![allow(non_camel_case_types)]
#![allow(non_snake_case)]
#![allow(dead_code)]
#![allow(unsafe_op_in_unsafe_fn)]
#![cfg_attr(rustfmt, rustfmt::skip)]

mod codegen_tests;
pub mod api_helper;

use doodle::prelude::*;
use doodle::try_sub;

/// expected size: 16
/// trait-unready: multiple (2) decoders exist (d#{0, 1})
#[derive(Debug, Copy, Clone)]
pub struct test_arb2 {
a: u64,
b: u64
}

/// d#0
fn Decoder_test_arb2(input: &mut Parser<'_>) -> Result<test_arb2, ParseError> {
Decoder1(input)
}

/// d#1
fn Decoder1(input: &mut Parser<'_>) -> Result<test_arb2, ParseError> {
let a = (Decoder2(input))?;
let b = succ(a);
PResult::Ok(test_arb2 { a, b })
}

/// d#2
fn Decoder2(_input: &mut Parser<'_>) -> Result<u64, ParseError> {
(succ_u64((abs_u64((abs_u64(909156665867142379u64)).eval()?)).eval()?)).eval()
}





## 133u8
#![allow(unused_imports)]
#![allow(non_camel_case_types)]
#![allow(non_snake_case)]
#![allow(dead_code)]
#![allow(unsafe_op_in_unsafe_fn)]
#![cfg_attr(rustfmt, rustfmt::skip)]

mod codegen_tests;
pub mod api_helper;

use doodle::prelude::*;
use doodle::try_sub;

/// expected size: 2
/// trait-unready: multiple (2) decoders exist (d#{0, 1})
#[derive(Debug, Copy, Clone)]
pub struct test_arb2 {
a: u8,
b: u8
}

/// d#0
fn Decoder_test_arb2(input: &mut Parser<'_>) -> Result<test_arb2, ParseError> {
Decoder1(input)
}

/// d#1
fn Decoder1(input: &mut Parser<'_>) -> Result<test_arb2, ParseError> {
let a = (Decoder2(input))?;
let b = succ(a);
PResult::Ok(test_arb2 { a, b })
}

/// d#2
fn Decoder2(_input: &mut Parser<'_>) -> Result<u8, ParseError> {
PResult::Ok(133u8)
}





## ++u8 239u8 %u8 179u8
#![allow(unused_imports)]
#![allow(non_camel_case_types)]
#![allow(non_snake_case)]
#![allow(dead_code)]
#![allow(unsafe_op_in_unsafe_fn)]
#![cfg_attr(rustfmt, rustfmt::skip)]

mod codegen_tests;
pub mod api_helper;

use doodle::prelude::*;
use doodle::try_sub;

/// expected size: 2
/// trait-unready: multiple (2) decoders exist (d#{0, 1})
#[derive(Debug, Copy, Clone)]
pub struct test_arb2 {
a: u8,
b: u8
}

/// d#0
fn Decoder_test_arb2(input: &mut Parser<'_>) -> Result<test_arb2, ParseError> {
Decoder1(input)
}

/// d#1
fn Decoder1(input: &mut Parser<'_>) -> Result<test_arb2, ParseError> {
let a = (Decoder2(input))?;
let b = succ(a);
PResult::Ok(test_arb2 { a, b })
}

/// d#2
fn Decoder2(_input: &mut Parser<'_>) -> Result<u8, ParseError> {
(succ_u8((rem_u8(239u8, 179u8)).eval()?)).eval()
}





## absu8 (++u8 0u8 +u8 134u8)
#![allow(unused_imports)]
#![allow(non_camel_case_types)]
#![allow(non_snake_case)]
#![allow(dead_code)]
#![allow(unsafe_op_in_unsafe_fn)]
#![cfg_attr(rustfmt, rustfmt::skip)]

mod codegen_tests;
pub mod api_helper;

use doodle::prelude::*;
use doodle::try_sub;

/// expected size: 2
/// trait-unready: multiple (2) decoders exist (d#{0, 1})
#[derive(Debug, Copy, Clone)]
pub struct test_arb2 {
a: u8,
b: u8
}

/// d#0
fn Decoder_test_arb2(input: &mut Parser<'_>) -> Result<test_arb2, ParseError> {
Decoder1(input)
}

/// d#1
fn Decoder1(input: &mut Parser<'_>) -> Result<test_arb2, ParseError> {
let a = (Decoder2(input))?;
let b = succ(a);
PResult::Ok(test_arb2 { a, b })
}

/// d#2
fn Decoder2(_input: &mut Parser<'_>) -> Result<u8, ParseError> {
(abs_u8((succ_u8((add_u8(0u8, 134u8)).eval()?)).eval()?)).eval()
}





## absu8 (--u8 85u8)
#![allow(unused_imports)]
#![allow(non_camel_case_types)]
#![allow(non_snake_case)]
#![allow(dead_code)]
#![allow(unsafe_op_in_unsafe_fn)]
#![cfg_attr(rustfmt, rustfmt::skip)]

mod codegen_tests;
pub mod api_helper;

use doodle::prelude::*;
use doodle::try_sub;

/// expected size: 2
/// trait-unready: multiple (2) decoders exist (d#{0, 1})
#[derive(Debug, Copy, Clone)]
pub struct test_arb2 {
a: u8,
b: u8
}

/// d#0
fn Decoder_test_arb2(input: &mut Parser<'_>) -> Result<test_arb2, ParseError> {
Decoder1(input)
}

/// d#1
fn Decoder1(input: &mut Parser<'_>) -> Result<test_arb2, ParseError> {
let a = (Decoder2(input))?;
let b = succ(a);
PResult::Ok(test_arb2 { a, b })
}

/// d#2
fn Decoder2(_input: &mut Parser<'_>) -> Result<u8, ParseError> {
(abs_u8((pred_u8(85u8)).eval()?)).eval()
}





## absu8 (++u8 196u8)
#![allow(unused_imports)]
#![allow(non_camel_case_types)]
#![allow(non_snake_case)]
#![allow(dead_code)]
#![allow(unsafe_op_in_unsafe_fn)]
#![cfg_attr(rustfmt, rustfmt::skip)]

mod codegen_tests;
pub mod api_helper;

use doodle::prelude::*;
use doodle::try_sub;

/// expected size: 2
/// trait-unready: multiple (2) decoders exist (d#{0, 1})
#[derive(Debug, Copy, Clone)]
pub struct test_arb2 {
a: u8,
b: u8
}

/// d#0
fn Decoder_test_arb2(input: &mut Parser<'_>) -> Result<test_arb2, ParseError> {
Decoder1(input)
}

/// d#1
fn Decoder1(input: &mut Parser<'_>) -> Result<test_arb2, ParseError> {
let a = (Decoder2(input))?;
let b = succ(a);
PResult::Ok(test_arb2 { a, b })
}

/// d#2
fn Decoder2(_input: &mut Parser<'_>) -> Result<u8, ParseError> {
(abs_u8((succ_u8(196u8)).eval()?)).eval()
}





## absu8 (--u8 226u8)
#![allow(unused_imports)]
#![allow(non_camel_case_types)]
#![allow(non_snake_case)]
#![allow(dead_code)]
#![allow(unsafe_op_in_unsafe_fn)]
#![cfg_attr(rustfmt, rustfmt::skip)]

mod codegen_tests;
pub mod api_helper;

use doodle::prelude::*;
use doodle::try_sub;

/// expected size: 2
/// trait-unready: multiple (2) decoders exist (d#{0, 1})
#[derive(Debug, Copy, Clone)]
pub struct test_arb2 {
a: u8,
b: u8
}

/// d#0
fn Decoder_test_arb2(input: &mut Parser<'_>) -> Result<test_arb2, ParseError> {
Decoder1(input)
}

/// d#1
fn Decoder1(input: &mut Parser<'_>) -> Result<test_arb2, ParseError> {
let a = (Decoder2(input))?;
let b = succ(a);
PResult::Ok(test_arb2 { a, b })
}

/// d#2
fn Decoder2(_input: &mut Parser<'_>) -> Result<u8, ParseError> {
(abs_u8((pred_u8(226u8)).eval()?)).eval()
}





## absu8 (9u8 /u8 24u8) %u8 absu8 (++u8 136u8)
#![allow(unused_imports)]
#![allow(non_camel_case_types)]
#![allow(non_snake_case)]
#![allow(dead_code)]
#![allow(unsafe_op_in_unsafe_fn)]
#![cfg_attr(rustfmt, rustfmt::skip)]

mod codegen_tests;
pub mod api_helper;

use doodle::prelude::*;
use doodle::try_sub;

/// expected size: 2
/// trait-unready: multiple (2) decoders exist (d#{0, 1})
#[derive(Debug, Copy, Clone)]
pub struct test_arb2 {
a: u8,
b: u8
}

/// d#0
fn Decoder_test_arb2(input: &mut Parser<'_>) -> Result<test_arb2, ParseError> {
Decoder1(input)
}

/// d#1
fn Decoder1(input: &mut Parser<'_>) -> Result<test_arb2, ParseError> {
let a = (Decoder2(input))?;
let b = succ(a);
PResult::Ok(test_arb2 { a, b })
}

/// d#2
fn Decoder2(_input: &mut Parser<'_>) -> Result<u8, ParseError> {
(rem_u8((abs_u8((div_u8(9u8, 24u8)).eval()?)).eval()?, (abs_u8((succ_u8(136u8)).eval()?)).eval()?)).eval()
}





## absu8 106u8
#![allow(unused_imports)]
#![allow(non_camel_case_types)]
#![allow(non_snake_case)]
#![allow(dead_code)]
#![allow(unsafe_op_in_unsafe_fn)]
#![cfg_attr(rustfmt, rustfmt::skip)]

mod codegen_tests;
pub mod api_helper;

use doodle::prelude::*;
use doodle::try_sub;

/// expected size: 2
/// trait-unready: multiple (2) decoders exist (d#{0, 1})
#[derive(Debug, Copy, Clone)]
pub struct test_arb2 {
a: u8,
b: u8
}

/// d#0
fn Decoder_test_arb2(input: &mut Parser<'_>) -> Result<test_arb2, ParseError> {
Decoder1(input)
}

/// d#1
fn Decoder1(input: &mut Parser<'_>) -> Result<test_arb2, ParseError> {
let a = (Decoder2(input))?;
let b = succ(a);
PResult::Ok(test_arb2 { a, b })
}

/// d#2
fn Decoder2(_input: &mut Parser<'_>) -> Result<u8, ParseError> {
(abs_u8(106u8)).eval()
}





## --u8 28u8
#![allow(unused_imports)]
#![allow(non_camel_case_types)]
#![allow(non_snake_case)]
#![allow(dead_code)]
#![allow(unsafe_op_in_unsafe_fn)]
#![cfg_attr(rustfmt, rustfmt::skip)]

mod codegen_tests;
pub mod api_helper;

use doodle::prelude::*;
use doodle::try_sub;

/// expected size: 2
/// trait-unready: multiple (2) decoders exist (d#{0, 1})
#[derive(Debug, Copy, Clone)]
pub struct test_arb2 {
a: u8,
b: u8
}

/// d#0
fn Decoder_test_arb2(input: &mut Parser<'_>) -> Result<test_arb2, ParseError> {
Decoder1(input)
}

/// d#1
fn Decoder1(input: &mut Parser<'_>) -> Result<test_arb2, ParseError> {
let a = (Decoder2(input))?;
let b = succ(a);
PResult::Ok(test_arb2 { a, b })
}

/// d#2
fn Decoder2(_input: &mut Parser<'_>) -> Result<u8, ParseError> {
(pred_u8(28u8)).eval()
}





## --u8 130u8
#![allow(unused_imports)]
#![allow(non_camel_case_types)]
#![allow(non_snake_case)]
#![allow(dead_code)]
#![allow(unsafe_op_in_unsafe_fn)]
#![cfg_attr(rustfmt, rustfmt::skip)]

mod codegen_tests;
pub mod api_helper;

use doodle::prelude::*;
use doodle::try_sub;

/// expected size: 2
/// trait-unready: multiple (2) decoders exist (d#{0, 1})
#[derive(Debug, Copy, Clone)]
pub struct test_arb2 {
a: u8,
b: u8
}

/// d#0
fn Decoder_test_arb2(input: &mut Parser<'_>) -> Result<test_arb2, ParseError> {
Decoder1(input)
}

/// d#1
fn Decoder1(input: &mut Parser<'_>) -> Result<test_arb2, ParseError> {
let a = (Decoder2(input))?;
let b = succ(a);
PResult::Ok(test_arb2 { a, b })
}

/// d#2
fn Decoder2(_input: &mut Parser<'_>) -> Result<u8, ParseError> {
(pred_u8(130u8)).eval()
}





## 49u8 /u8 123u8
#![allow(unused_imports)]
#![allow(non_camel_case_types)]
#![allow(non_snake_case)]
#![allow(dead_code)]
#![allow(unsafe_op_in_unsafe_fn)]
#![cfg_attr(rustfmt, rustfmt::skip)]

mod codegen_tests;
pub mod api_helper;

use doodle::prelude::*;
use doodle::try_sub;

/// expected size: 2
/// trait-unready: multiple (2) decoders exist (d#{0, 1})
#[derive(Debug, Copy, Clone)]
pub struct test_arb2 {
a: u8,
b: u8
}

/// d#0
fn Decoder_test_arb2(input: &mut Parser<'_>) -> Result<test_arb2, ParseError> {
Decoder1(input)
}

/// d#1
fn Decoder1(input: &mut Parser<'_>) -> Result<test_arb2, ParseError> {
let a = (Decoder2(input))?;
let b = succ(a);
PResult::Ok(test_arb2 { a, b })
}

/// d#2
fn Decoder2(_input: &mut Parser<'_>) -> Result<u8, ParseError> {
(div_u8(49u8, 123u8)).eval()
}





## 51022u16
#![allow(unused_imports)]
#![allow(non_camel_case_types)]
#![allow(non_snake_case)]
#![allow(dead_code)]
#![allow(unsafe_op_in_unsafe_fn)]
#![cfg_attr(rustfmt, rustfmt::skip)]

mod codegen_tests;
pub mod api_helper;

use doodle::prelude::*;
use doodle::try_sub;

/// expected size: 4
/// trait-unready: multiple (2) decoders exist (d#{0, 1})
#[derive(Debug, Copy, Clone)]
pub struct test_arb2 {
a: u16,
b: u16
}

/// d#0
fn Decoder_test_arb2(input: &mut Parser<'_>) -> Result<test_arb2, ParseError> {
Decoder1(input)
}

/// d#1
fn Decoder1(input: &mut Parser<'_>) -> Result<test_arb2, ParseError> {
let a = (Decoder2(input))?;
let b = succ(a);
PResult::Ok(test_arb2 { a, b })
}

/// d#2
fn Decoder2(_input: &mut Parser<'_>) -> Result<u16, ParseError> {
PResult::Ok(51022u16)
}





## 254u8 /u8 107u8 %u8 (++u8 149u8)
#![allow(unused_imports)]
#![allow(non_camel_case_types)]
#![allow(non_snake_case)]
#![allow(dead_code)]
#![allow(unsafe_op_in_unsafe_fn)]
#![cfg_attr(rustfmt, rustfmt::skip)]

mod codegen_tests;
pub mod api_helper;

use doodle::prelude::*;
use doodle::try_sub;

/// expected size: 2
/// trait-unready: multiple (2) decoders exist (d#{0, 1})
#[derive(Debug, Copy, Clone)]
pub struct test_arb2 {
a: u8,
b: u8
}

/// d#0
fn Decoder_test_arb2(input: &mut Parser<'_>) -> Result<test_arb2, ParseError> {
Decoder1(input)
}

/// d#1
fn Decoder1(input: &mut Parser<'_>) -> Result<test_arb2, ParseError> {
let a = (Decoder2(input))?;
let b = succ(a);
PResult::Ok(test_arb2 { a, b })
}

/// d#2
fn Decoder2(_input: &mut Parser<'_>) -> Result<u8, ParseError> {
(rem_u8((div_u8(254u8, 107u8)).eval()?, (succ_u8(149u8)).eval()?)).eval()
}





## absu64 9092371631323740077u64
#![allow(unused_imports)]
#![allow(non_camel_case_types)]
#![allow(non_snake_case)]
#![allow(dead_code)]
#![allow(unsafe_op_in_unsafe_fn)]
#![cfg_attr(rustfmt, rustfmt::skip)]

mod codegen_tests;
pub mod api_helper;

use doodle::prelude::*;
use doodle::try_sub;

/// expected size: 16
/// trait-unready: multiple (2) decoders exist (d#{0, 1})
#[derive(Debug, Copy, Clone)]
pub struct test_arb2 {
a: u64,
b: u64
}

/// d#0
fn Decoder_test_arb2(input: &mut Parser<'_>) -> Result<test_arb2, ParseError> {
Decoder1(input)
}

/// d#1
fn Decoder1(input: &mut Parser<'_>) -> Result<test_arb2, ParseError> {
let a = (Decoder2(input))?;
let b = succ(a);
PResult::Ok(test_arb2 { a, b })
}

/// d#2
fn Decoder2(_input: &mut Parser<'_>) -> Result<u64, ParseError> {
(abs_u64(9092371631323740077u64)).eval()
}





## --u8 133u8
#![allow(unused_imports)]
#![allow(non_camel_case_types)]
#![allow(non_snake_case)]
#![allow(dead_code)]
#![allow(unsafe_op_in_unsafe_fn)]
#![cfg_attr(rustfmt, rustfmt::skip)]

mod codegen_tests;
pub mod api_helper;

use doodle::prelude::*;
use doodle::try_sub;

/// expected size: 2
/// trait-unready: multiple (2) decoders exist (d#{0, 1})
#[derive(Debug, Copy, Clone)]
pub struct test_arb2 {
a: u8,
b: u8
}

/// d#0
fn Decoder_test_arb2(input: &mut Parser<'_>) -> Result<test_arb2, ParseError> {
Decoder1(input)
}

/// d#1
fn Decoder1(input: &mut Parser<'_>) -> Result<test_arb2, ParseError> {
let a = (Decoder2(input))?;
let b = succ(a);
PResult::Ok(test_arb2 { a, b })
}

/// d#2
fn Decoder2(_input: &mut Parser<'_>) -> Result<u8, ParseError> {
(pred_u8(133u8)).eval()
}





## ++u16 absu16 10357u16
#![allow(unused_imports)]
#![allow(non_camel_case_types)]
#![allow(non_snake_case)]
#![allow(dead_code)]
#![allow(unsafe_op_in_unsafe_fn)]
#![cfg_attr(rustfmt, rustfmt::skip)]

mod codegen_tests;
pub mod api_helper;

use doodle::prelude::*;
use doodle::try_sub;

/// expected size: 4
/// trait-unready: multiple (2) decoders exist (d#{0, 1})
#[derive(Debug, Copy, Clone)]
pub struct test_arb2 {
a: u16,
b: u16
}

/// d#0
fn Decoder_test_arb2(input: &mut Parser<'_>) -> Result<test_arb2, ParseError> {
Decoder1(input)
}

/// d#1
fn Decoder1(input: &mut Parser<'_>) -> Result<test_arb2, ParseError> {
let a = (Decoder2(input))?;
let b = succ(a);
PResult::Ok(test_arb2 { a, b })
}

/// d#2
fn Decoder2(_input: &mut Parser<'_>) -> Result<u16, ParseError> {
(succ_u16((abs_u16(10357u16)).eval()?)).eval()
}





## 73u8
#![allow(unused_imports)]
#![allow(non_camel_case_types)]
#![allow(non_snake_case)]
#![allow(dead_code)]
#![allow(unsafe_op_in_unsafe_fn)]
#![cfg_attr(rustfmt, rustfmt::skip)]

mod codegen_tests;
pub mod api_helper;

use doodle::prelude::*;
use doodle::try_sub;

/// expected size: 2
/// trait-unready: multiple (2) decoders exist (d#{0, 1})
#[derive(Debug, Copy, Clone)]
pub struct test_arb2 {
a: u8,
b: u8
}

/// d#0
fn Decoder_test_arb2(input: &mut Parser<'_>) -> Result<test_arb2, ParseError> {
Decoder1(input)
}

/// d#1
fn Decoder1(input: &mut Parser<'_>) -> Result<test_arb2, ParseError> {
let a = (Decoder2(input))?;
let b = succ(a);
PResult::Ok(test_arb2 { a, b })
}

/// d#2
fn Decoder2(_input: &mut Parser<'_>) -> Result<u8, ParseError> {
PResult::Ok(73u8)
}





## 46u8 /u8 105u8 %u8 166u8 %u8 221u8 /u8 65u8
#![allow(unused_imports)]
#![allow(non_camel_case_types)]
#![allow(non_snake_case)]
#![allow(dead_code)]
#![allow(unsafe_op_in_unsafe_fn)]
#![cfg_attr(rustfmt, rustfmt::skip)]

mod codegen_tests;
pub mod api_helper;

use doodle::prelude::*;
use doodle::try_sub;

/// expected size: 2
/// trait-unready: multiple (2) decoders exist (d#{0, 1})
#[derive(Debug, Copy, Clone)]
pub struct test_arb2 {
a: u8,
b: u8
}

/// d#0
fn Decoder_test_arb2(input: &mut Parser<'_>) -> Result<test_arb2, ParseError> {
Decoder1(input)
}

/// d#1
fn Decoder1(input: &mut Parser<'_>) -> Result<test_arb2, ParseError> {
let a = (Decoder2(input))?;
let b = succ(a);
PResult::Ok(test_arb2 { a, b })
}

/// d#2
fn Decoder2(_input: &mut Parser<'_>) -> Result<u8, ParseError> {
(rem_u8((div_u8(46u8, 105u8)).eval()?, (div_u8((rem_u8(166u8, 221u8)).eval()?, 65u8)).eval()?)).eval()
}





## ++u8 189u8 /u8 207u8
#![allow(unused_imports)]
#![allow(non_camel_case_types)]
#![allow(non_snake_case)]
#![allow(dead_code)]
#![allow(unsafe_op_in_unsafe_fn)]
#![cfg_attr(rustfmt, rustfmt::skip)]

mod codegen_tests;
pub mod api_helper;

use doodle::prelude::*;
use doodle::try_sub;

/// expected size: 2
/// trait-unready: multiple (2) decoders exist (d#{0, 1})
#[derive(Debug, Copy, Clone)]
pub struct test_arb2 {
a: u8,
b: u8
}

/// d#0
fn Decoder_test_arb2(input: &mut Parser<'_>) -> Result<test_arb2, ParseError> {
Decoder1(input)
}

/// d#1
fn Decoder1(input: &mut Parser<'_>) -> Result<test_arb2, ParseError> {
let a = (Decoder2(input))?;
let b = succ(a);
PResult::Ok(test_arb2 { a, b })
}

/// d#2
fn Decoder2(_input: &mut Parser<'_>) -> Result<u8, ParseError> {
(succ_u8((div_u8(189u8, 207u8)).eval()?)).eval()
}





## (++u8 absu8 4u8) %u8 (--u8 33u8)
#![allow(unused_imports)]
#![allow(non_camel_case_types)]
#![allow(non_snake_case)]
#![allow(dead_code)]
#![allow(unsafe_op_in_unsafe_fn)]
#![cfg_attr(rustfmt, rustfmt::skip)]

mod codegen_tests;
pub mod api_helper;

use doodle::prelude::*;
use doodle::try_sub;

/// expected size: 2
/// trait-unready: multiple (2) decoders exist (d#{0, 1})
#[derive(Debug, Copy, Clone)]
pub struct test_arb2 {
a: u8,
b: u8
}

/// d#0
fn Decoder_test_arb2(input: &mut Parser<'_>) -> Result<test_arb2, ParseError> {
Decoder1(input)
}

/// d#1
fn Decoder1(input: &mut Parser<'_>) -> Result<test_arb2, ParseError> {
let a = (Decoder2(input))?;
let b = succ(a);
PResult::Ok(test_arb2 { a, b })
}

/// d#2
fn Decoder2(_input: &mut Parser<'_>) -> Result<u8, ParseError> {
(rem_u8((succ_u8((abs_u8(4u8)).eval()?)).eval()?, (pred_u8(33u8)).eval()?)).eval()
}





## absu8 251u8
#![allow(unused_imports)]
#![allow(non_camel_case_types)]
#![allow(non_snake_case)]
#![allow(dead_code)]
#![allow(unsafe_op_in_unsafe_fn)]
#![cfg_attr(rustfmt, rustfmt::skip)]

mod codegen_tests;
pub mod api_helper;

use doodle::prelude::*;
use doodle::try_sub;

/// expected size: 2
/// trait-unready: multiple (2) decoders exist (d#{0, 1})
#[derive(Debug, Copy, Clone)]
pub struct test_arb2 {
a: u8,
b: u8
}

/// d#0
fn Decoder_test_arb2(input: &mut Parser<'_>) -> Result<test_arb2, ParseError> {
Decoder1(input)
}

/// d#1
fn Decoder1(input: &mut Parser<'_>) -> Result<test_arb2, ParseError> {
let a = (Decoder2(input))?;
let b = succ(a);
PResult::Ok(test_arb2 { a, b })
}

/// d#2
fn Decoder2(_input: &mut Parser<'_>) -> Result<u8, ParseError> {
(abs_u8(251u8)).eval()
}





## absu64 5836233235639396498u64
#![allow(unused_imports)]
#![allow(non_camel_case_types)]
#![allow(non_snake_case)]
#![allow(dead_code)]
#![allow(unsafe_op_in_unsafe_fn)]
#![cfg_attr(rustfmt, rustfmt::skip)]

mod codegen_tests;
pub mod api_helper;

use doodle::prelude::*;
use doodle::try_sub;

/// expected size: 16
/// trait-unready: multiple (2) decoders exist (d#{0, 1})
#[derive(Debug, Copy, Clone)]
pub struct test_arb2 {
a: u64,
b: u64
}

/// d#0
fn Decoder_test_arb2(input: &mut Parser<'_>) -> Result<test_arb2, ParseError> {
Decoder1(input)
}

/// d#1
fn Decoder1(input: &mut Parser<'_>) -> Result<test_arb2, ParseError> {
let a = (Decoder2(input))?;
let b = succ(a);
PResult::Ok(test_arb2 { a, b })
}

/// d#2
fn Decoder2(_input: &mut Parser<'_>) -> Result<u64, ParseError> {
(abs_u64(5836233235639396498u64)).eval()
}





## ++u8 148u8 -u8 13u8
#![allow(unused_imports)]
#![allow(non_camel_case_types)]
#![allow(non_snake_case)]
#![allow(dead_code)]
#![allow(unsafe_op_in_unsafe_fn)]
#![cfg_attr(rustfmt, rustfmt::skip)]

mod codegen_tests;
pub mod api_helper;

use doodle::prelude::*;
use doodle::try_sub;

/// expected size: 2
/// trait-unready: multiple (2) decoders exist (d#{0, 1})
#[derive(Debug, Copy, Clone)]
pub struct test_arb2 {
a: u8,
b: u8
}

/// d#0
fn Decoder_test_arb2(input: &mut Parser<'_>) -> Result<test_arb2, ParseError> {
Decoder1(input)
}

/// d#1
fn Decoder1(input: &mut Parser<'_>) -> Result<test_arb2, ParseError> {
let a = (Decoder2(input))?;
let b = succ(a);
PResult::Ok(test_arb2 { a, b })
}

/// d#2
fn Decoder2(_input: &mut Parser<'_>) -> Result<u8, ParseError> {
(succ_u8((sub_u8(148u8, 13u8)).eval()?)).eval()
}





## ++u16 --u16 16376u16
#![allow(unused_imports)]
#![allow(non_camel_case_types)]
#![allow(non_snake_case)]
#![allow(dead_code)]
#![allow(unsafe_op_in_unsafe_fn)]
#![cfg_attr(rustfmt, rustfmt::skip)]

mod codegen_tests;
pub mod api_helper;

use doodle::prelude::*;
use doodle::try_sub;

/// expected size: 4
/// trait-unready: multiple (2) decoders exist (d#{0, 1})
#[derive(Debug, Copy, Clone)]
pub struct test_arb2 {
a: u16,
b: u16
}

/// d#0
fn Decoder_test_arb2(input: &mut Parser<'_>) -> Result<test_arb2, ParseError> {
Decoder1(input)
}

/// d#1
fn Decoder1(input: &mut Parser<'_>) -> Result<test_arb2, ParseError> {
let a = (Decoder2(input))?;
let b = succ(a);
PResult::Ok(test_arb2 { a, b })
}

/// d#2
fn Decoder2(_input: &mut Parser<'_>) -> Result<u16, ParseError> {
(succ_u16((pred_u16(16376u16)).eval()?)).eval()
}





## absu8 166u8
#![allow(unused_imports)]
#![allow(non_camel_case_types)]
#![allow(non_snake_case)]
#![allow(dead_code)]
#![allow(unsafe_op_in_unsafe_fn)]
#![cfg_attr(rustfmt, rustfmt::skip)]

mod codegen_tests;
pub mod api_helper;

use doodle::prelude::*;
use doodle::try_sub;

/// expected size: 2
/// trait-unready: multiple (2) decoders exist (d#{0, 1})
#[derive(Debug, Copy, Clone)]
pub struct test_arb2 {
a: u8,
b: u8
}

/// d#0
fn Decoder_test_arb2(input: &mut Parser<'_>) -> Result<test_arb2, ParseError> {
Decoder1(input)
}

/// d#1
fn Decoder1(input: &mut Parser<'_>) -> Result<test_arb2, ParseError> {
let a = (Decoder2(input))?;
let b = succ(a);
PResult::Ok(test_arb2 { a, b })
}

/// d#2
fn Decoder2(_input: &mut Parser<'_>) -> Result<u8, ParseError> {
(abs_u8(166u8)).eval()
}





## --u16 --u16 49380u16
#![allow(unused_imports)]
#![allow(non_camel_case_types)]
#![allow(non_snake_case)]
#![allow(dead_code)]
#![allow(unsafe_op_in_unsafe_fn)]
#![cfg_attr(rustfmt, rustfmt::skip)]

mod codegen_tests;
pub mod api_helper;

use doodle::prelude::*;
use doodle::try_sub;

/// expected size: 4
/// trait-unready: multiple (2) decoders exist (d#{0, 1})
#[derive(Debug, Copy, Clone)]
pub struct test_arb2 {
a: u16,
b: u16
}

/// d#0
fn Decoder_test_arb2(input: &mut Parser<'_>) -> Result<test_arb2, ParseError> {
Decoder1(input)
}

/// d#1
fn Decoder1(input: &mut Parser<'_>) -> Result<test_arb2, ParseError> {
let a = (Decoder2(input))?;
let b = succ(a);
PResult::Ok(test_arb2 { a, b })
}

/// d#2
fn Decoder2(_input: &mut Parser<'_>) -> Result<u16, ParseError> {
(pred_u16((pred_u16(49380u16)).eval()?)).eval()
}





## absu32 (--u32 1574692845u32)
#![allow(unused_imports)]
#![allow(non_camel_case_types)]
#![allow(non_snake_case)]
#![allow(dead_code)]
#![allow(unsafe_op_in_unsafe_fn)]
#![cfg_attr(rustfmt, rustfmt::skip)]

mod codegen_tests;
pub mod api_helper;

use doodle::prelude::*;
use doodle::try_sub;

/// expected size: 8
/// trait-unready: multiple (2) decoders exist (d#{0, 1})
#[derive(Debug, Copy, Clone)]
pub struct test_arb2 {
a: u32,
b: u32
}

/// d#0
fn Decoder_test_arb2(input: &mut Parser<'_>) -> Result<test_arb2, ParseError> {
Decoder1(input)
}

/// d#1
fn Decoder1(input: &mut Parser<'_>) -> Result<test_arb2, ParseError> {
let a = (Decoder2(input))?;
let b = succ(a);
PResult::Ok(test_arb2 { a, b })
}

/// d#2
fn Decoder2(_input: &mut Parser<'_>) -> Result<u32, ParseError> {
(abs_u32((pred_u32(1574692845u32)).eval()?)).eval()
}





## 244u8 /u8 (8u8 +u8 29u8)
#![allow(unused_imports)]
#![allow(non_camel_case_types)]
#![allow(non_snake_case)]
#![allow(dead_code)]
#![allow(unsafe_op_in_unsafe_fn)]
#![cfg_attr(rustfmt, rustfmt::skip)]

mod codegen_tests;
pub mod api_helper;

use doodle::prelude::*;
use doodle::try_sub;

/// expected size: 2
/// trait-unready: multiple (2) decoders exist (d#{0, 1})
#[derive(Debug, Copy, Clone)]
pub struct test_arb2 {
a: u8,
b: u8
}

/// d#0
fn Decoder_test_arb2(input: &mut Parser<'_>) -> Result<test_arb2, ParseError> {
Decoder1(input)
}

/// d#1
fn Decoder1(input: &mut Parser<'_>) -> Result<test_arb2, ParseError> {
let a = (Decoder2(input))?;
let b = succ(a);
PResult::Ok(test_arb2 { a, b })
}

/// d#2
fn Decoder2(_input: &mut Parser<'_>) -> Result<u8, ParseError> {
(div_u8(244u8, (add_u8(8u8, 29u8)).eval()?)).eval()
}





## ++u8 137u8 %u8 (--u8 ++u8 153u8)
#![allow(unused_imports)]
#![allow(non_camel_case_types)]
#![allow(non_snake_case)]
#![allow(dead_code)]
#![allow(unsafe_op_in_unsafe_fn)]
#![cfg_attr(rustfmt, rustfmt::skip)]

mod codegen_tests;
pub mod api_helper;

use doodle::prelude::*;
use doodle::try_sub;

/// expected size: 2
/// trait-unready: multiple (2) decoders exist (d#{0, 1})
#[derive(Debug, Copy, Clone)]
pub struct test_arb2 {
a: u8,
b: u8
}

/// d#0
fn Decoder_test_arb2(input: &mut Parser<'_>) -> Result<test_arb2, ParseError> {
Decoder1(input)
}

/// d#1
fn Decoder1(input: &mut Parser<'_>) -> Result<test_arb2, ParseError> {
let a = (Decoder2(input))?;
let b = succ(a);
PResult::Ok(test_arb2 { a, b })
}

/// d#2
fn Decoder2(_input: &mut Parser<'_>) -> Result<u8, ParseError> {
(succ_u8((rem_u8(137u8, (pred_u8((succ_u8(153u8)).eval()?)).eval()?)).eval()?)).eval()
}





## 190u8 %u8 (++u8 139u8)
#![allow(unused_imports)]
#![allow(non_camel_case_types)]
#![allow(non_snake_case)]
#![allow(dead_code)]
#![allow(unsafe_op_in_unsafe_fn)]
#![cfg_attr(rustfmt, rustfmt::skip)]

mod codegen_tests;
pub mod api_helper;

use doodle::prelude::*;
use doodle::try_sub;

/// expected size: 2
/// trait-unready: multiple (2) decoders exist (d#{0, 1})
#[derive(Debug, Copy, Clone)]
pub struct test_arb2 {
a: u8,
b: u8
}

/// d#0
fn Decoder_test_arb2(input: &mut Parser<'_>) -> Result<test_arb2, ParseError> {
Decoder1(input)
}

/// d#1
fn Decoder1(input: &mut Parser<'_>) -> Result<test_arb2, ParseError> {
let a = (Decoder2(input))?;
let b = succ(a);
PResult::Ok(test_arb2 { a, b })
}

/// d#2
fn Decoder2(_input: &mut Parser<'_>) -> Result<u8, ParseError> {
(rem_u8(190u8, (succ_u8(139u8)).eval()?)).eval()
}





## --u8 158u8
#![allow(unused_imports)]
#![allow(non_camel_case_types)]
#![allow(non_snake_case)]
#![allow(dead_code)]
#![allow(unsafe_op_in_unsafe_fn)]
#![cfg_attr(rustfmt, rustfmt::skip)]

mod codegen_tests;
pub mod api_helper;

use doodle::prelude::*;
use doodle::try_sub;

/// expected size: 2
/// trait-unready: multiple (2) decoders exist (d#{0, 1})
#[derive(Debug, Copy, Clone)]
pub struct test_arb2 {
a: u8,
b: u8
}

/// d#0
fn Decoder_test_arb2(input: &mut Parser<'_>) -> Result<test_arb2, ParseError> {
Decoder1(input)
}

/// d#1
fn Decoder1(input: &mut Parser<'_>) -> Result<test_arb2, ParseError> {
let a = (Decoder2(input))?;
let b = succ(a);
PResult::Ok(test_arb2 { a, b })
}

/// d#2
fn Decoder2(_input: &mut Parser<'_>) -> Result<u8, ParseError> {
(pred_u8(158u8)).eval()
}





## absu8 absu8 152u8 %u8 246u8
#![allow(unused_imports)]
#![allow(non_camel_case_types)]
#![allow(non_snake_case)]
#![allow(dead_code)]
#![allow(unsafe_op_in_unsafe_fn)]
#![cfg_attr(rustfmt, rustfmt::skip)]

mod codegen_tests;
pub mod api_helper;

use doodle::prelude::*;
use doodle::try_sub;

/// expected size: 2
/// trait-unready: multiple (2) decoders exist (d#{0, 1})
#[derive(Debug, Copy, Clone)]
pub struct test_arb2 {
a: u8,
b: u8
}

/// d#0
fn Decoder_test_arb2(input: &mut Parser<'_>) -> Result<test_arb2, ParseError> {
Decoder1(input)
}

/// d#1
fn Decoder1(input: &mut Parser<'_>) -> Result<test_arb2, ParseError> {
let a = (Decoder2(input))?;
let b = succ(a);
PResult::Ok(test_arb2 { a, b })
}

/// d#2
fn Decoder2(_input: &mut Parser<'_>) -> Result<u8, ParseError> {
(rem_u8((abs_u8((abs_u8(152u8)).eval()?)).eval()?, 246u8)).eval()
}





## 17u8
#![allow(unused_imports)]
#![allow(non_camel_case_types)]
#![allow(non_snake_case)]
#![allow(dead_code)]
#![allow(unsafe_op_in_unsafe_fn)]
#![cfg_attr(rustfmt, rustfmt::skip)]

mod codegen_tests;
pub mod api_helper;

use doodle::prelude::*;
use doodle::try_sub;

/// expected size: 2
/// trait-unready: multiple (2) decoders exist (d#{0, 1})
#[derive(Debug, Copy, Clone)]
pub struct test_arb2 {
a: u8,
b: u8
}

/// d#0
fn Decoder_test_arb2(input: &mut Parser<'_>) -> Result<test_arb2, ParseError> {
Decoder1(input)
}

/// d#1
fn Decoder1(input: &mut Parser<'_>) -> Result<test_arb2, ParseError> {
let a = (Decoder2(input))?;
let b = succ(a);
PResult::Ok(test_arb2 { a, b })
}

/// d#2
fn Decoder2(_input: &mut Parser<'_>) -> Result<u8, ParseError> {
PResult::Ok(17u8)
}





## ++u8 absu8 (--u8 236u8)
#![allow(unused_imports)]
#![allow(non_camel_case_types)]
#![allow(non_snake_case)]
#![allow(dead_code)]
#![allow(unsafe_op_in_unsafe_fn)]
#![cfg_attr(rustfmt, rustfmt::skip)]

mod codegen_tests;
pub mod api_helper;

use doodle::prelude::*;
use doodle::try_sub;

/// expected size: 2
/// trait-unready: multiple (2) decoders exist (d#{0, 1})
#[derive(Debug, Copy, Clone)]
pub struct test_arb2 {
a: u8,
b: u8
}

/// d#0
fn Decoder_test_arb2(input: &mut Parser<'_>) -> Result<test_arb2, ParseError> {
Decoder1(input)
}

/// d#1
fn Decoder1(input: &mut Parser<'_>) -> Result<test_arb2, ParseError> {
let a = (Decoder2(input))?;
let b = succ(a);
PResult::Ok(test_arb2 { a, b })
}

/// d#2
fn Decoder2(_input: &mut Parser<'_>) -> Result<u8, ParseError> {
(succ_u8((abs_u8((pred_u8(236u8)).eval()?)).eval()?)).eval()
}





## --u8 91u8
#![allow(unused_imports)]
#![allow(non_camel_case_types)]
#![allow(non_snake_case)]
#![allow(dead_code)]
#![allow(unsafe_op_in_unsafe_fn)]
#![cfg_attr(rustfmt, rustfmt::skip)]

mod codegen_tests;
pub mod api_helper;

use doodle::prelude::*;
use doodle::try_sub;

/// expected size: 2
/// trait-unready: multiple (2) decoders exist (d#{0, 1})
#[derive(Debug, Copy, Clone)]
pub struct test_arb2 {
a: u8,
b: u8
}

/// d#0
fn Decoder_test_arb2(input: &mut Parser<'_>) -> Result<test_arb2, ParseError> {
Decoder1(input)
}

/// d#1
fn Decoder1(input: &mut Parser<'_>) -> Result<test_arb2, ParseError> {
let a = (Decoder2(input))?;
let b = succ(a);
PResult::Ok(test_arb2 { a, b })
}

/// d#2
fn Decoder2(_input: &mut Parser<'_>) -> Result<u8, ParseError> {
(pred_u8(91u8)).eval()
}





## absu16 63501u16
#![allow(unused_imports)]
#![allow(non_camel_case_types)]
#![allow(non_snake_case)]
#![allow(dead_code)]
#![allow(unsafe_op_in_unsafe_fn)]
#![cfg_attr(rustfmt, rustfmt::skip)]

mod codegen_tests;
pub mod api_helper;

use doodle::prelude::*;
use doodle::try_sub;

/// expected size: 4
/// trait-unready: multiple (2) decoders exist (d#{0, 1})
#[derive(Debug, Copy, Clone)]
pub struct test_arb2 {
a: u16,
b: u16
}

/// d#0
fn Decoder_test_arb2(input: &mut Parser<'_>) -> Result<test_arb2, ParseError> {
Decoder1(input)
}

/// d#1
fn Decoder1(input: &mut Parser<'_>) -> Result<test_arb2, ParseError> {
let a = (Decoder2(input))?;
let b = succ(a);
PResult::Ok(test_arb2 { a, b })
}

/// d#2
fn Decoder2(_input: &mut Parser<'_>) -> Result<u16, ParseError> {
(abs_u16(63501u16)).eval()
}





## (++u16 57933u16) -u16 (--u16 43330u16)
#![allow(unused_imports)]
#![allow(non_camel_case_types)]
#![allow(non_snake_case)]
#![allow(dead_code)]
#![allow(unsafe_op_in_unsafe_fn)]
#![cfg_attr(rustfmt, rustfmt::skip)]

mod codegen_tests;
pub mod api_helper;

use doodle::prelude::*;
use doodle::try_sub;

/// expected size: 4
/// trait-unready: multiple (2) decoders exist (d#{0, 1})
#[derive(Debug, Copy, Clone)]
pub struct test_arb2 {
a: u16,
b: u16
}

/// d#0
fn Decoder_test_arb2(input: &mut Parser<'_>) -> Result<test_arb2, ParseError> {
Decoder1(input)
}

/// d#1
fn Decoder1(input: &mut Parser<'_>) -> Result<test_arb2, ParseError> {
let a = (Decoder2(input))?;
let b = succ(a);
PResult::Ok(test_arb2 { a, b })
}

/// d#2
fn Decoder2(_input: &mut Parser<'_>) -> Result<u16, ParseError> {
(sub_u16((succ_u16(57933u16)).eval()?, (pred_u16(43330u16)).eval()?)).eval()
}





## absu8 (141u8 /u8 (++u8 34u8))
#![allow(unused_imports)]
#![allow(non_camel_case_types)]
#![allow(non_snake_case)]
#![allow(dead_code)]
#![allow(unsafe_op_in_unsafe_fn)]
#![cfg_attr(rustfmt, rustfmt::skip)]

mod codegen_tests;
pub mod api_helper;

use doodle::prelude::*;
use doodle::try_sub;

/// expected size: 2
/// trait-unready: multiple (2) decoders exist (d#{0, 1})
#[derive(Debug, Copy, Clone)]
pub struct test_arb2 {
a: u8,
b: u8
}

/// d#0
fn Decoder_test_arb2(input: &mut Parser<'_>) -> Result<test_arb2, ParseError> {
Decoder1(input)
}

/// d#1
fn Decoder1(input: &mut Parser<'_>) -> Result<test_arb2, ParseError> {
let a = (Decoder2(input))?;
let b = succ(a);
PResult::Ok(test_arb2 { a, b })
}

/// d#2
fn Decoder2(_input: &mut Parser<'_>) -> Result<u8, ParseError> {
(abs_u8((div_u8(141u8, (succ_u8(34u8)).eval()?)).eval()?)).eval()
}





## ++u32 3272262041u32
#![allow(unused_imports)]
#![allow(non_camel_case_types)]
#![allow(non_snake_case)]
#![allow(dead_code)]
#![allow(unsafe_op_in_unsafe_fn)]
#![cfg_attr(rustfmt, rustfmt::skip)]

mod codegen_tests;
pub mod api_helper;

use doodle::prelude::*;
use doodle::try_sub;

/// expected size: 8
/// trait-unready: multiple (2) decoders exist (d#{0, 1})
#[derive(Debug, Copy, Clone)]
pub struct test_arb2 {
a: u32,
b: u32
}

/// d#0
fn Decoder_test_arb2(input: &mut Parser<'_>) -> Result<test_arb2, ParseError> {
Decoder1(input)
}

/// d#1
fn Decoder1(input: &mut Parser<'_>) -> Result<test_arb2, ParseError> {
let a = (Decoder2(input))?;
let b = succ(a);
PResult::Ok(test_arb2 { a, b })
}

/// d#2
fn Decoder2(_input: &mut Parser<'_>) -> Result<u32, ParseError> {
(succ_u32(3272262041u32)).eval()
}





## absu8 (++u8 189u8)
#![allow(unused_imports)]
#![allow(non_camel_case_types)]
#![allow(non_snake_case)]
#![allow(dead_code)]
#![allow(unsafe_op_in_unsafe_fn)]
#![cfg_attr(rustfmt, rustfmt::skip)]

mod codegen_tests;
pub mod api_helper;

use doodle::prelude::*;
use doodle::try_sub;

/// expected size: 2
/// trait-unready: multiple (2) decoders exist (d#{0, 1})
#[derive(Debug, Copy, Clone)]
pub struct test_arb2 {
a: u8,
b: u8
}

/// d#0
fn Decoder_test_arb2(input: &mut Parser<'_>) -> Result<test_arb2, ParseError> {
Decoder1(input)
}

/// d#1
fn Decoder1(input: &mut Parser<'_>) -> Result<test_arb2, ParseError> {
let a = (Decoder2(input))?;
let b = succ(a);
PResult::Ok(test_arb2 { a, b })
}

/// d#2
fn Decoder2(_input: &mut Parser<'_>) -> Result<u8, ParseError> {
(abs_u8((succ_u8(189u8)).eval()?)).eval()
}





## 81u8 +u8 102u8
#![allow(unused_imports)]
#![allow(non_camel_case_types)]
#![allow(non_snake_case)]
#![allow(dead_code)]
#![allow(unsafe_op_in_unsafe_fn)]
#![cfg_attr(rustfmt, rustfmt::skip)]

mod codegen_tests;
pub mod api_helper;

use doodle::prelude::*;
use doodle::try_sub;

/// expected size: 2
/// trait-unready: multiple (2) decoders exist (d#{0, 1})
#[derive(Debug, Copy, Clone)]
pub struct test_arb2 {
a: u8,
b: u8
}

/// d#0
fn Decoder_test_arb2(input: &mut Parser<'_>) -> Result<test_arb2, ParseError> {
Decoder1(input)
}

/// d#1
fn Decoder1(input: &mut Parser<'_>) -> Result<test_arb2, ParseError> {
let a = (Decoder2(input))?;
let b = succ(a);
PResult::Ok(test_arb2 { a, b })
}

/// d#2
fn Decoder2(_input: &mut Parser<'_>) -> Result<u8, ParseError> {
(add_u8(81u8, 102u8)).eval()
}





## absu8 (205u8 %u8 56u8)
#![allow(unused_imports)]
#![allow(non_camel_case_types)]
#![allow(non_snake_case)]
#![allow(dead_code)]
#![allow(unsafe_op_in_unsafe_fn)]
#![cfg_attr(rustfmt, rustfmt::skip)]

mod codegen_tests;
pub mod api_helper;

use doodle::prelude::*;
use doodle::try_sub;

/// expected size: 2
/// trait-unready: multiple (2) decoders exist (d#{0, 1})
#[derive(Debug, Copy, Clone)]
pub struct test_arb2 {
a: u8,
b: u8
}

/// d#0
fn Decoder_test_arb2(input: &mut Parser<'_>) -> Result<test_arb2, ParseError> {
Decoder1(input)
}

/// d#1
fn Decoder1(input: &mut Parser<'_>) -> Result<test_arb2, ParseError> {
let a = (Decoder2(input))?;
let b = succ(a);
PResult::Ok(test_arb2 { a, b })
}

/// d#2
fn Decoder2(_input: &mut Parser<'_>) -> Result<u8, ParseError> {
(abs_u8((rem_u8(205u8, 56u8)).eval()?)).eval()
}





## absu8 25u8
#![allow(unused_imports)]
#![allow(non_camel_case_types)]
#![allow(non_snake_case)]
#![allow(dead_code)]
#![allow(unsafe_op_in_unsafe_fn)]
#![cfg_attr(rustfmt, rustfmt::skip)]

mod codegen_tests;
pub mod api_helper;

use doodle::prelude::*;
use doodle::try_sub;

/// expected size: 2
/// trait-unready: multiple (2) decoders exist (d#{0, 1})
#[derive(Debug, Copy, Clone)]
pub struct test_arb2 {
a: u8,
b: u8
}

/// d#0
fn Decoder_test_arb2(input: &mut Parser<'_>) -> Result<test_arb2, ParseError> {
Decoder1(input)
}

/// d#1
fn Decoder1(input: &mut Parser<'_>) -> Result<test_arb2, ParseError> {
let a = (Decoder2(input))?;
let b = succ(a);
PResult::Ok(test_arb2 { a, b })
}

/// d#2
fn Decoder2(_input: &mut Parser<'_>) -> Result<u8, ParseError> {
(abs_u8(25u8)).eval()
}





## ((++u8 37u8) %u8 241u8 +u8 absu8 97u8) %u8 52u8
#![allow(unused_imports)]
#![allow(non_camel_case_types)]
#![allow(non_snake_case)]
#![allow(dead_code)]
#![allow(unsafe_op_in_unsafe_fn)]
#![cfg_attr(rustfmt, rustfmt::skip)]

mod codegen_tests;
pub mod api_helper;

use doodle::prelude::*;
use doodle::try_sub;

/// expected size: 2
/// trait-unready: multiple (2) decoders exist (d#{0, 1})
#[derive(Debug, Copy, Clone)]
pub struct test_arb2 {
a: u8,
b: u8
}

/// d#0
fn Decoder_test_arb2(input: &mut Parser<'_>) -> Result<test_arb2, ParseError> {
Decoder1(input)
}

/// d#1
fn Decoder1(input: &mut Parser<'_>) -> Result<test_arb2, ParseError> {
let a = (Decoder2(input))?;
let b = succ(a);
PResult::Ok(test_arb2 { a, b })
}

/// d#2
fn Decoder2(_input: &mut Parser<'_>) -> Result<u8, ParseError> {
(rem_u8((add_u8((rem_u8((succ_u8(37u8)).eval()?, 241u8)).eval()?, (abs_u8(97u8)).eval()?)).eval()?, 52u8)).eval()
}





## absu64 12769135617070097002u64
#![allow(unused_imports)]
#![allow(non_camel_case_types)]
#![allow(non_snake_case)]
#![allow(dead_code)]
#![allow(unsafe_op_in_unsafe_fn)]
#![cfg_attr(rustfmt, rustfmt::skip)]

mod codegen_tests;
pub mod api_helper;

use doodle::prelude::*;
use doodle::try_sub;

/// expected size: 16
/// trait-unready: multiple (2) decoders exist (d#{0, 1})
#[derive(Debug, Copy, Clone)]
pub struct test_arb2 {
a: u64,
b: u64
}

/// d#0
fn Decoder_test_arb2(input: &mut Parser<'_>) -> Result<test_arb2, ParseError> {
Decoder1(input)
}

/// d#1
fn Decoder1(input: &mut Parser<'_>) -> Result<test_arb2, ParseError> {
let a = (Decoder2(input))?;
let b = succ(a);
PResult::Ok(test_arb2 { a, b })
}

/// d#2
fn Decoder2(_input: &mut Parser<'_>) -> Result<u64, ParseError> {
(abs_u64(12769135617070097002u64)).eval()
}





## absu8 (--u8 absu8 97u8)
#![allow(unused_imports)]
#![allow(non_camel_case_types)]
#![allow(non_snake_case)]
#![allow(dead_code)]
#![allow(unsafe_op_in_unsafe_fn)]
#![cfg_attr(rustfmt, rustfmt::skip)]

mod codegen_tests;
pub mod api_helper;

use doodle::prelude::*;
use doodle::try_sub;

/// expected size: 2
/// trait-unready: multiple (2) decoders exist (d#{0, 1})
#[derive(Debug, Copy, Clone)]
pub struct test_arb2 {
a: u8,
b: u8
}

/// d#0
fn Decoder_test_arb2(input: &mut Parser<'_>) -> Result<test_arb2, ParseError> {
Decoder1(input)
}

/// d#1
fn Decoder1(input: &mut Parser<'_>) -> Result<test_arb2, ParseError> {
let a = (Decoder2(input))?;
let b = succ(a);
PResult::Ok(test_arb2 { a, b })
}

/// d#2
fn Decoder2(_input: &mut Parser<'_>) -> Result<u8, ParseError> {
(abs_u8((pred_u8((abs_u8(97u8)).eval()?)).eval()?)).eval()
}





## --u32 1119431714u32
#![allow(unused_imports)]
#![allow(non_camel_case_types)]
#![allow(non_snake_case)]
#![allow(dead_code)]
#![allow(unsafe_op_in_unsafe_fn)]
#![cfg_attr(rustfmt, rustfmt::skip)]

mod codegen_tests;
pub mod api_helper;

use doodle::prelude::*;
use doodle::try_sub;

/// expected size: 8
/// trait-unready: multiple (2) decoders exist (d#{0, 1})
#[derive(Debug, Copy, Clone)]
pub struct test_arb2 {
a: u32,
b: u32
}

/// d#0
fn Decoder_test_arb2(input: &mut Parser<'_>) -> Result<test_arb2, ParseError> {
Decoder1(input)
}

/// d#1
fn Decoder1(input: &mut Parser<'_>) -> Result<test_arb2, ParseError> {
let a = (Decoder2(input))?;
let b = succ(a);
PResult::Ok(test_arb2 { a, b })
}

/// d#2
fn Decoder2(_input: &mut Parser<'_>) -> Result<u32, ParseError> {
(pred_u32(1119431714u32)).eval()
}





## absu8 absu8 46u8
#![allow(unused_imports)]
#![allow(non_camel_case_types)]
#![allow(non_snake_case)]
#![allow(dead_code)]
#![allow(unsafe_op_in_unsafe_fn)]
#![cfg_attr(rustfmt, rustfmt::skip)]

mod codegen_tests;
pub mod api_helper;

use doodle::prelude::*;
use doodle::try_sub;

/// expected size: 2
/// trait-unready: multiple (2) decoders exist (d#{0, 1})
#[derive(Debug, Copy, Clone)]
pub struct test_arb2 {
a: u8,
b: u8
}

/// d#0
fn Decoder_test_arb2(input: &mut Parser<'_>) -> Result<test_arb2, ParseError> {
Decoder1(input)
}

/// d#1
fn Decoder1(input: &mut Parser<'_>) -> Result<test_arb2, ParseError> {
let a = (Decoder2(input))?;
let b = succ(a);
PResult::Ok(test_arb2 { a, b })
}

/// d#2
fn Decoder2(_input: &mut Parser<'_>) -> Result<u8, ParseError> {
(abs_u8((abs_u8(46u8)).eval()?)).eval()
}





## --u32 absu32 2713831468u32
#![allow(unused_imports)]
#![allow(non_camel_case_types)]
#![allow(non_snake_case)]
#![allow(dead_code)]
#![allow(unsafe_op_in_unsafe_fn)]
#![cfg_attr(rustfmt, rustfmt::skip)]

mod codegen_tests;
pub mod api_helper;

use doodle::prelude::*;
use doodle::try_sub;

/// expected size: 8
/// trait-unready: multiple (2) decoders exist (d#{0, 1})
#[derive(Debug, Copy, Clone)]
pub struct test_arb2 {
a: u32,
b: u32
}

/// d#0
fn Decoder_test_arb2(input: &mut Parser<'_>) -> Result<test_arb2, ParseError> {
Decoder1(input)
}

/// d#1
fn Decoder1(input: &mut Parser<'_>) -> Result<test_arb2, ParseError> {
let a = (Decoder2(input))?;
let b = succ(a);
PResult::Ok(test_arb2 { a, b })
}

/// d#2
fn Decoder2(_input: &mut Parser<'_>) -> Result<u32, ParseError> {
(pred_u32((abs_u32(2713831468u32)).eval()?)).eval()
}





## absu8 244u8 /u8 234u8
#![allow(unused_imports)]
#![allow(non_camel_case_types)]
#![allow(non_snake_case)]
#![allow(dead_code)]
#![allow(unsafe_op_in_unsafe_fn)]
#![cfg_attr(rustfmt, rustfmt::skip)]

mod codegen_tests;
pub mod api_helper;

use doodle::prelude::*;
use doodle::try_sub;

/// expected size: 2
/// trait-unready: multiple (2) decoders exist (d#{0, 1})
#[derive(Debug, Copy, Clone)]
pub struct test_arb2 {
a: u8,
b: u8
}

/// d#0
fn Decoder_test_arb2(input: &mut Parser<'_>) -> Result<test_arb2, ParseError> {
Decoder1(input)
}

/// d#1
fn Decoder1(input: &mut Parser<'_>) -> Result<test_arb2, ParseError> {
let a = (Decoder2(input))?;
let b = succ(a);
PResult::Ok(test_arb2 { a, b })
}

/// d#2
fn Decoder2(_input: &mut Parser<'_>) -> Result<u8, ParseError> {
(div_u8((abs_u8(244u8)).eval()?, 234u8)).eval()
}





## (180u8 -u8 116u8) /u8 164u8 %u8 ((107u8 /u8 (--u8 56u8)) *u8 15u8)
#![allow(unused_imports)]
#![allow(non_camel_case_types)]
#![allow(non_snake_case)]
#![allow(dead_code)]
#![allow(unsafe_op_in_unsafe_fn)]
#![cfg_attr(rustfmt, rustfmt::skip)]

mod codegen_tests;
pub mod api_helper;

use doodle::prelude::*;
use doodle::try_sub;

/// expected size: 2
/// trait-unready: multiple (2) decoders exist (d#{0, 1})
#[derive(Debug, Copy, Clone)]
pub struct test_arb2 {
a: u8,
b: u8
}

/// d#0
fn Decoder_test_arb2(input: &mut Parser<'_>) -> Result<test_arb2, ParseError> {
Decoder1(input)
}

/// d#1
fn Decoder1(input: &mut Parser<'_>) -> Result<test_arb2, ParseError> {
let a = (Decoder2(input))?;
let b = succ(a);
PResult::Ok(test_arb2 { a, b })
}

/// d#2
fn Decoder2(_input: &mut Parser<'_>) -> Result<u8, ParseError> {
(rem_u8((div_u8((sub_u8(180u8, 116u8)).eval()?, 164u8)).eval()?, (mul_u8((div_u8(107u8, (pred_u8(56u8)).eval()?)).eval()?, 15u8)).eval()?)).eval()
}





## --u16 --u16 absu16 24853u16
#![allow(unused_imports)]
#![allow(non_camel_case_types)]
#![allow(non_snake_case)]
#![allow(dead_code)]
#![allow(unsafe_op_in_unsafe_fn)]
#![cfg_attr(rustfmt, rustfmt::skip)]

mod codegen_tests;
pub mod api_helper;

use doodle::prelude::*;
use doodle::try_sub;

/// expected size: 4
/// trait-unready: multiple (2) decoders exist (d#{0, 1})
#[derive(Debug, Copy, Clone)]
pub struct test_arb2 {
a: u16,
b: u16
}

/// d#0
fn Decoder_test_arb2(input: &mut Parser<'_>) -> Result<test_arb2, ParseError> {
Decoder1(input)
}

/// d#1
fn Decoder1(input: &mut Parser<'_>) -> Result<test_arb2, ParseError> {
let a = (Decoder2(input))?;
let b = succ(a);
PResult::Ok(test_arb2 { a, b })
}

/// d#2
fn Decoder2(_input: &mut Parser<'_>) -> Result<u16, ParseError> {
(pred_u16((pred_u16((abs_u16(24853u16)).eval()?)).eval()?)).eval()
}





## absu32 2371065697u32
#![allow(unused_imports)]
#![allow(non_camel_case_types)]
#![allow(non_snake_case)]
#![allow(dead_code)]
#![allow(unsafe_op_in_unsafe_fn)]
#![cfg_attr(rustfmt, rustfmt::skip)]

mod codegen_tests;
pub mod api_helper;

use doodle::prelude::*;
use doodle::try_sub;

/// expected size: 8
/// trait-unready: multiple (2) decoders exist (d#{0, 1})
#[derive(Debug, Copy, Clone)]
pub struct test_arb2 {
a: u32,
b: u32
}

/// d#0
fn Decoder_test_arb2(input: &mut Parser<'_>) -> Result<test_arb2, ParseError> {
Decoder1(input)
}

/// d#1
fn Decoder1(input: &mut Parser<'_>) -> Result<test_arb2, ParseError> {
let a = (Decoder2(input))?;
let b = succ(a);
PResult::Ok(test_arb2 { a, b })
}

/// d#2
fn Decoder2(_input: &mut Parser<'_>) -> Result<u32, ParseError> {
(abs_u32(2371065697u32)).eval()
}





## absu64 (++u64 --u64 4000912526433136507u64)
#![allow(unused_imports)]
#![allow(non_camel_case_types)]
#![allow(non_snake_case)]
#![allow(dead_code)]
#![allow(unsafe_op_in_unsafe_fn)]
#![cfg_attr(rustfmt, rustfmt::skip)]

mod codegen_tests;
pub mod api_helper;

use doodle::prelude::*;
use doodle::try_sub;

/// expected size: 16
/// trait-unready: multiple (2) decoders exist (d#{0, 1})
#[derive(Debug, Copy, Clone)]
pub struct test_arb2 {
a: u64,
b: u64
}

/// d#0
fn Decoder_test_arb2(input: &mut Parser<'_>) -> Result<test_arb2, ParseError> {
Decoder1(input)
}

/// d#1
fn Decoder1(input: &mut Parser<'_>) -> Result<test_arb2, ParseError> {
let a = (Decoder2(input))?;
let b = succ(a);
PResult::Ok(test_arb2 { a, b })
}

/// d#2
fn Decoder2(_input: &mut Parser<'_>) -> Result<u64, ParseError> {
(abs_u64((succ_u64((pred_u64(4000912526433136507u64)).eval()?)).eval()?)).eval()
}





## absu64 8839434047716740214u64
#![allow(unused_imports)]
#![allow(non_camel_case_types)]
#![allow(non_snake_case)]
#![allow(dead_code)]
#![allow(unsafe_op_in_unsafe_fn)]
#![cfg_attr(rustfmt, rustfmt::skip)]

mod codegen_tests;
pub mod api_helper;

use doodle::prelude::*;
use doodle::try_sub;

/// expected size: 16
/// trait-unready: multiple (2) decoders exist (d#{0, 1})
#[derive(Debug, Copy, Clone)]
pub struct test_arb2 {
a: u64,
b: u64
}

/// d#0
fn Decoder_test_arb2(input: &mut Parser<'_>) -> Result<test_arb2, ParseError> {
Decoder1(input)
}

/// d#1
fn Decoder1(input: &mut Parser<'_>) -> Result<test_arb2, ParseError> {
let a = (Decoder2(input))?;
let b = succ(a);
PResult::Ok(test_arb2 { a, b })
}

/// d#2
fn Decoder2(_input: &mut Parser<'_>) -> Result<u64, ParseError> {
(abs_u64(8839434047716740214u64)).eval()
}





## ++u16 --u16 ++u16 30984u16
#![allow(unused_imports)]
#![allow(non_camel_case_types)]
#![allow(non_snake_case)]
#![allow(dead_code)]
#![allow(unsafe_op_in_unsafe_fn)]
#![cfg_attr(rustfmt, rustfmt::skip)]

mod codegen_tests;
pub mod api_helper;

use doodle::prelude::*;
use doodle::try_sub;

/// expected size: 4
/// trait-unready: multiple (2) decoders exist (d#{0, 1})
#[derive(Debug, Copy, Clone)]
pub struct test_arb2 {
a: u16,
b: u16
}

/// d#0
fn Decoder_test_arb2(input: &mut Parser<'_>) -> Result<test_arb2, ParseError> {
Decoder1(input)
}

/// d#1
fn Decoder1(input: &mut Parser<'_>) -> Result<test_arb2, ParseError> {
let a = (Decoder2(input))?;
let b = succ(a);
PResult::Ok(test_arb2 { a, b })
}

/// d#2
fn Decoder2(_input: &mut Parser<'_>) -> Result<u16, ParseError> {
(succ_u16((pred_u16((succ_u16(30984u16)).eval()?)).eval()?)).eval()
}





## absu32 absu32 4060532505u32
#![allow(unused_imports)]
#![allow(non_camel_case_types)]
#![allow(non_snake_case)]
#![allow(dead_code)]
#![allow(unsafe_op_in_unsafe_fn)]
#![cfg_attr(rustfmt, rustfmt::skip)]

mod codegen_tests;
pub mod api_helper;

use doodle::prelude::*;
use doodle::try_sub;

/// expected size: 8
/// trait-unready: multiple (2) decoders exist (d#{0, 1})
#[derive(Debug, Copy, Clone)]
pub struct test_arb2 {
a: u32,
b: u32
}

/// d#0
fn Decoder_test_arb2(input: &mut Parser<'_>) -> Result<test_arb2, ParseError> {
Decoder1(input)
}

/// d#1
fn Decoder1(input: &mut Parser<'_>) -> Result<test_arb2, ParseError> {
let a = (Decoder2(input))?;
let b = succ(a);
PResult::Ok(test_arb2 { a, b })
}

/// d#2
fn Decoder2(_input: &mut Parser<'_>) -> Result<u32, ParseError> {
(abs_u32((abs_u32(4060532505u32)).eval()?)).eval()
}





## --u16 absu16 41178u16
#![allow(unused_imports)]
#![allow(non_camel_case_types)]
#![allow(non_snake_case)]
#![allow(dead_code)]
#![allow(unsafe_op_in_unsafe_fn)]
#![cfg_attr(rustfmt, rustfmt::skip)]

mod codegen_tests;
pub mod api_helper;

use doodle::prelude::*;
use doodle::try_sub;

/// expected size: 4
/// trait-unready: multiple (2) decoders exist (d#{0, 1})
#[derive(Debug, Copy, Clone)]
pub struct test_arb2 {
a: u16,
b: u16
}

/// d#0
fn Decoder_test_arb2(input: &mut Parser<'_>) -> Result<test_arb2, ParseError> {
Decoder1(input)
}

/// d#1
fn Decoder1(input: &mut Parser<'_>) -> Result<test_arb2, ParseError> {
let a = (Decoder2(input))?;
let b = succ(a);
PResult::Ok(test_arb2 { a, b })
}

/// d#2
fn Decoder2(_input: &mut Parser<'_>) -> Result<u16, ParseError> {
(pred_u16((abs_u16(41178u16)).eval()?)).eval()
}





## ++u32 ++u32 1311178334u32
#![allow(unused_imports)]
#![allow(non_camel_case_types)]
#![allow(non_snake_case)]
#![allow(dead_code)]
#![allow(unsafe_op_in_unsafe_fn)]
#![cfg_attr(rustfmt, rustfmt::skip)]

mod codegen_tests;
pub mod api_helper;

use doodle::prelude::*;
use doodle::try_sub;

/// expected size: 8
/// trait-unready: multiple (2) decoders exist (d#{0, 1})
#[derive(Debug, Copy, Clone)]
pub struct test_arb2 {
a: u32,
b: u32
}

/// d#0
fn Decoder_test_arb2(input: &mut Parser<'_>) -> Result<test_arb2, ParseError> {
Decoder1(input)
}

/// d#1
fn Decoder1(input: &mut Parser<'_>) -> Result<test_arb2, ParseError> {
let a = (Decoder2(input))?;
let b = succ(a);
PResult::Ok(test_arb2 { a, b })
}

/// d#2
fn Decoder2(_input: &mut Parser<'_>) -> Result<u32, ParseError> {
(succ_u32((succ_u32(1311178334u32)).eval()?)).eval()
}





## absu8 (248u8 %u8 227u8)
#![allow(unused_imports)]
#![allow(non_camel_case_types)]
#![allow(non_snake_case)]
#![allow(dead_code)]
#![allow(unsafe_op_in_unsafe_fn)]
#![cfg_attr(rustfmt, rustfmt::skip)]

mod codegen_tests;
pub mod api_helper;

use doodle::prelude::*;
use doodle::try_sub;

/// expected size: 2
/// trait-unready: multiple (2) decoders exist (d#{0, 1})
#[derive(Debug, Copy, Clone)]
pub struct test_arb2 {
a: u8,
b: u8
}

/// d#0
fn Decoder_test_arb2(input: &mut Parser<'_>) -> Result<test_arb2, ParseError> {
Decoder1(input)
}

/// d#1
fn Decoder1(input: &mut Parser<'_>) -> Result<test_arb2, ParseError> {
let a = (Decoder2(input))?;
let b = succ(a);
PResult::Ok(test_arb2 { a, b })
}

/// d#2
fn Decoder2(_input: &mut Parser<'_>) -> Result<u8, ParseError> {
(abs_u8((rem_u8(248u8, 227u8)).eval()?)).eval()
}





## absu8 (210u8 /u8 absu8 32u8)
#![allow(unused_imports)]
#![allow(non_camel_case_types)]
#![allow(non_snake_case)]
#![allow(dead_code)]
#![allow(unsafe_op_in_unsafe_fn)]
#![cfg_attr(rustfmt, rustfmt::skip)]

mod codegen_tests;
pub mod api_helper;

use doodle::prelude::*;
use doodle::try_sub;

/// expected size: 2
/// trait-unready: multiple (2) decoders exist (d#{0, 1})
#[derive(Debug, Copy, Clone)]
pub struct test_arb2 {
a: u8,
b: u8
}

/// d#0
fn Decoder_test_arb2(input: &mut Parser<'_>) -> Result<test_arb2, ParseError> {
Decoder1(input)
}

/// d#1
fn Decoder1(input: &mut Parser<'_>) -> Result<test_arb2, ParseError> {
let a = (Decoder2(input))?;
let b = succ(a);
PResult::Ok(test_arb2 { a, b })
}

/// d#2
fn Decoder2(_input: &mut Parser<'_>) -> Result<u8, ParseError> {
(abs_u8((div_u8(210u8, (abs_u8(32u8)).eval()?)).eval()?)).eval()
}





## ++u8 absu8 222u8
#![allow(unused_imports)]
#![allow(non_camel_case_types)]
#![allow(non_snake_case)]
#![allow(dead_code)]
#![allow(unsafe_op_in_unsafe_fn)]
#![cfg_attr(rustfmt, rustfmt::skip)]

mod codegen_tests;
pub mod api_helper;

use doodle::prelude::*;
use doodle::try_sub;

/// expected size: 2
/// trait-unready: multiple (2) decoders exist (d#{0, 1})
#[derive(Debug, Copy, Clone)]
pub struct test_arb2 {
a: u8,
b: u8
}

/// d#0
fn Decoder_test_arb2(input: &mut Parser<'_>) -> Result<test_arb2, ParseError> {
Decoder1(input)
}

/// d#1
fn Decoder1(input: &mut Parser<'_>) -> Result<test_arb2, ParseError> {
let a = (Decoder2(input))?;
let b = succ(a);
PResult::Ok(test_arb2 { a, b })
}

/// d#2
fn Decoder2(_input: &mut Parser<'_>) -> Result<u8, ParseError> {
(succ_u8((abs_u8(222u8)).eval()?)).eval()
}





## absu16 (++u16 --u16 49498u16)
#![allow(unused_imports)]
#![allow(non_camel_case_types)]
#![allow(non_snake_case)]
#![allow(dead_code)]
#![allow(unsafe_op_in_unsafe_fn)]
#![cfg_attr(rustfmt, rustfmt::skip)]

mod codegen_tests;
pub mod api_helper;

use doodle::prelude::*;
use doodle::try_sub;

/// expected size: 4
/// trait-unready: multiple (2) decoders exist (d#{0, 1})
#[derive(Debug, Copy, Clone)]
pub struct test_arb2 {
a: u16,
b: u16
}

/// d#0
fn Decoder_test_arb2(input: &mut Parser<'_>) -> Result<test_arb2, ParseError> {
Decoder1(input)
}

/// d#1
fn Decoder1(input: &mut Parser<'_>) -> Result<test_arb2, ParseError> {
let a = (Decoder2(input))?;
let b = succ(a);
PResult::Ok(test_arb2 { a, b })
}

/// d#2
fn Decoder2(_input: &mut Parser<'_>) -> Result<u16, ParseError> {
(abs_u16((succ_u16((pred_u16(49498u16)).eval()?)).eval()?)).eval()
}





## 108u8 /u8 (--u8 4u8)
#![allow(unused_imports)]
#![allow(non_camel_case_types)]
#![allow(non_snake_case)]
#![allow(dead_code)]
#![allow(unsafe_op_in_unsafe_fn)]
#![cfg_attr(rustfmt, rustfmt::skip)]

mod codegen_tests;
pub mod api_helper;

use doodle::prelude::*;
use doodle::try_sub;

/// expected size: 2
/// trait-unready: multiple (2) decoders exist (d#{0, 1})
#[derive(Debug, Copy, Clone)]
pub struct test_arb2 {
a: u8,
b: u8
}

/// d#0
fn Decoder_test_arb2(input: &mut Parser<'_>) -> Result<test_arb2, ParseError> {
Decoder1(input)
}

/// d#1
fn Decoder1(input: &mut Parser<'_>) -> Result<test_arb2, ParseError> {
let a = (Decoder2(input))?;
let b = succ(a);
PResult::Ok(test_arb2 { a, b })
}

/// d#2
fn Decoder2(_input: &mut Parser<'_>) -> Result<u8, ParseError> {
(div_u8(108u8, (pred_u8(4u8)).eval()?)).eval()
}





## ++u16 absu16 20652u16
#![allow(unused_imports)]
#![allow(non_camel_case_types)]
#![allow(non_snake_case)]
#![allow(dead_code)]
#![allow(unsafe_op_in_unsafe_fn)]
#![cfg_attr(rustfmt, rustfmt::skip)]

mod codegen_tests;
pub mod api_helper;

use doodle::prelude::*;
use doodle::try_sub;

/// expected size: 4
/// trait-unready: multiple (2) decoders exist (d#{0, 1})
#[derive(Debug, Copy, Clone)]
pub struct test_arb2 {
a: u16,
b: u16
}

/// d#0
fn Decoder_test_arb2(input: &mut Parser<'_>) -> Result<test_arb2, ParseError> {
Decoder1(input)
}

/// d#1
fn Decoder1(input: &mut Parser<'_>) -> Result<test_arb2, ParseError> {
let a = (Decoder2(input))?;
let b = succ(a);
PResult::Ok(test_arb2 { a, b })
}

/// d#2
fn Decoder2(_input: &mut Parser<'_>) -> Result<u16, ParseError> {
(succ_u16((abs_u16(20652u16)).eval()?)).eval()
}





## ++u8 253u8
#![allow(unused_imports)]
#![allow(non_camel_case_types)]
#![allow(non_snake_case)]
#![allow(dead_code)]
#![allow(unsafe_op_in_unsafe_fn)]
#![cfg_attr(rustfmt, rustfmt::skip)]

mod codegen_tests;
pub mod api_helper;

use doodle::prelude::*;
use doodle::try_sub;

/// expected size: 2
/// trait-unready: multiple (2) decoders exist (d#{0, 1})
#[derive(Debug, Copy, Clone)]
pub struct test_arb2 {
a: u8,
b: u8
}

/// d#0
fn Decoder_test_arb2(input: &mut Parser<'_>) -> Result<test_arb2, ParseError> {
Decoder1(input)
}

/// d#1
fn Decoder1(input: &mut Parser<'_>) -> Result<test_arb2, ParseError> {
let a = (Decoder2(input))?;
let b = succ(a);
PResult::Ok(test_arb2 { a, b })
}

/// d#2
fn Decoder2(_input: &mut Parser<'_>) -> Result<u8, ParseError> {
(succ_u8(253u8)).eval()
}





## 6u8
#![allow(unused_imports)]
#![allow(non_camel_case_types)]
#![allow(non_snake_case)]
#![allow(dead_code)]
#![allow(unsafe_op_in_unsafe_fn)]
#![cfg_attr(rustfmt, rustfmt::skip)]

mod codegen_tests;
pub mod api_helper;

use doodle::prelude::*;
use doodle::try_sub;

/// expected size: 2
/// trait-unready: multiple (2) decoders exist (d#{0, 1})
#[derive(Debug, Copy, Clone)]
pub struct test_arb2 {
a: u8,
b: u8
}

/// d#0
fn Decoder_test_arb2(input: &mut Parser<'_>) -> Result<test_arb2, ParseError> {
Decoder1(input)
}

/// d#1
fn Decoder1(input: &mut Parser<'_>) -> Result<test_arb2, ParseError> {
let a = (Decoder2(input))?;
let b = succ(a);
PResult::Ok(test_arb2 { a, b })
}

/// d#2
fn Decoder2(_input: &mut Parser<'_>) -> Result<u8, ParseError> {
PResult::Ok(6u8)
}





## 26u8
#![allow(unused_imports)]
#![allow(non_camel_case_types)]
#![allow(non_snake_case)]
#![allow(dead_code)]
#![allow(unsafe_op_in_unsafe_fn)]
#![cfg_attr(rustfmt, rustfmt::skip)]

mod codegen_tests;
pub mod api_helper;

use doodle::prelude::*;
use doodle::try_sub;

/// expected size: 2
/// trait-unready: multiple (2) decoders exist (d#{0, 1})
#[derive(Debug, Copy, Clone)]
pub struct test_arb2 {
a: u8,
b: u8
}

/// d#0
fn Decoder_test_arb2(input: &mut Parser<'_>) -> Result<test_arb2, ParseError> {
Decoder1(input)
}

/// d#1
fn Decoder1(input: &mut Parser<'_>) -> Result<test_arb2, ParseError> {
let a = (Decoder2(input))?;
let b = succ(a);
PResult::Ok(test_arb2 { a, b })
}

/// d#2
fn Decoder2(_input: &mut Parser<'_>) -> Result<u8, ParseError> {
PResult::Ok(26u8)
}





## absu8 (++u8 200u8)
#![allow(unused_imports)]
#![allow(non_camel_case_types)]
#![allow(non_snake_case)]
#![allow(dead_code)]
#![allow(unsafe_op_in_unsafe_fn)]
#![cfg_attr(rustfmt, rustfmt::skip)]

mod codegen_tests;
pub mod api_helper;

use doodle::prelude::*;
use doodle::try_sub;

/// expected size: 2
/// trait-unready: multiple (2) decoders exist (d#{0, 1})
#[derive(Debug, Copy, Clone)]
pub struct test_arb2 {
a: u8,
b: u8
}

/// d#0
fn Decoder_test_arb2(input: &mut Parser<'_>) -> Result<test_arb2, ParseError> {
Decoder1(input)
}

/// d#1
fn Decoder1(input: &mut Parser<'_>) -> Result<test_arb2, ParseError> {
let a = (Decoder2(input))?;
let b = succ(a);
PResult::Ok(test_arb2 { a, b })
}

/// d#2
fn Decoder2(_input: &mut Parser<'_>) -> Result<u8, ParseError> {
(abs_u8((succ_u8(200u8)).eval()?)).eval()
}





## absu8 absu8 137u8
#![allow(unused_imports)]
#![allow(non_camel_case_types)]
#![allow(non_snake_case)]
#![allow(dead_code)]
#![allow(unsafe_op_in_unsafe_fn)]
#![cfg_attr(rustfmt, rustfmt::skip)]

mod codegen_tests;
pub mod api_helper;

use doodle::prelude::*;
use doodle::try_sub;

/// expected size: 2
/// trait-unready: multiple (2) decoders exist (d#{0, 1})
#[derive(Debug, Copy, Clone)]
pub struct test_arb2 {
a: u8,
b: u8
}

/// d#0
fn Decoder_test_arb2(input: &mut Parser<'_>) -> Result<test_arb2, ParseError> {
Decoder1(input)
}

/// d#1
fn Decoder1(input: &mut Parser<'_>) -> Result<test_arb2, ParseError> {
let a = (Decoder2(input))?;
let b = succ(a);
PResult::Ok(test_arb2 { a, b })
}

/// d#2
fn Decoder2(_input: &mut Parser<'_>) -> Result<u8, ParseError> {
(abs_u8((abs_u8(137u8)).eval()?)).eval()
}





## absu8 (++u8 30u8 /u8 4u8)
#![allow(unused_imports)]
#![allow(non_camel_case_types)]
#![allow(non_snake_case)]
#![allow(dead_code)]
#![allow(unsafe_op_in_unsafe_fn)]
#![cfg_attr(rustfmt, rustfmt::skip)]

mod codegen_tests;
pub mod api_helper;

use doodle::prelude::*;
use doodle::try_sub;

/// expected size: 2
/// trait-unready: multiple (2) decoders exist (d#{0, 1})
#[derive(Debug, Copy, Clone)]
pub struct test_arb2 {
a: u8,
b: u8
}

/// d#0
fn Decoder_test_arb2(input: &mut Parser<'_>) -> Result<test_arb2, ParseError> {
Decoder1(input)
}

/// d#1
fn Decoder1(input: &mut Parser<'_>) -> Result<test_arb2, ParseError> {
let a = (Decoder2(input))?;
let b = succ(a);
PResult::Ok(test_arb2 { a, b })
}

/// d#2
fn Decoder2(_input: &mut Parser<'_>) -> Result<u8, ParseError> {
(abs_u8((succ_u8((div_u8(30u8, 4u8)).eval()?)).eval()?)).eval()
}





## ++u8 absu8 162u8
#![allow(unused_imports)]
#![allow(non_camel_case_types)]
#![allow(non_snake_case)]
#![allow(dead_code)]
#![allow(unsafe_op_in_unsafe_fn)]
#![cfg_attr(rustfmt, rustfmt::skip)]

mod codegen_tests;
pub mod api_helper;

use doodle::prelude::*;
use doodle::try_sub;

/// expected size: 2
/// trait-unready: multiple (2) decoders exist (d#{0, 1})
#[derive(Debug, Copy, Clone)]
pub struct test_arb2 {
a: u8,
b: u8
}

/// d#0
fn Decoder_test_arb2(input: &mut Parser<'_>) -> Result<test_arb2, ParseError> {
Decoder1(input)
}

/// d#1
fn Decoder1(input: &mut Parser<'_>) -> Result<test_arb2, ParseError> {
let a = (Decoder2(input))?;
let b = succ(a);
PResult::Ok(test_arb2 { a, b })
}

/// d#2
fn Decoder2(_input: &mut Parser<'_>) -> Result<u8, ParseError> {
(succ_u8((abs_u8(162u8)).eval()?)).eval()
}





## 240u8
#![allow(unused_imports)]
#![allow(non_camel_case_types)]
#![allow(non_snake_case)]
#![allow(dead_code)]
#![allow(unsafe_op_in_unsafe_fn)]
#![cfg_attr(rustfmt, rustfmt::skip)]

mod codegen_tests;
pub mod api_helper;

use doodle::prelude::*;
use doodle::try_sub;

/// expected size: 2
/// trait-unready: multiple (2) decoders exist (d#{0, 1})
#[derive(Debug, Copy, Clone)]
pub struct test_arb2 {
a: u8,
b: u8
}

/// d#0
fn Decoder_test_arb2(input: &mut Parser<'_>) -> Result<test_arb2, ParseError> {
Decoder1(input)
}

/// d#1
fn Decoder1(input: &mut Parser<'_>) -> Result<test_arb2, ParseError> {
let a = (Decoder2(input))?;
let b = succ(a);
PResult::Ok(test_arb2 { a, b })
}

/// d#2
fn Decoder2(_input: &mut Parser<'_>) -> Result<u8, ParseError> {
PResult::Ok(240u8)
}





## --u8 absu8 130u8 +u8 196u8 /u8 153u8
#![allow(unused_imports)]
#![allow(non_camel_case_types)]
#![allow(non_snake_case)]
#![allow(dead_code)]
#![allow(unsafe_op_in_unsafe_fn)]
#![cfg_attr(rustfmt, rustfmt::skip)]

mod codegen_tests;
pub mod api_helper;

use doodle::prelude::*;
use doodle::try_sub;

/// expected size: 2
/// trait-unready: multiple (2) decoders exist (d#{0, 1})
#[derive(Debug, Copy, Clone)]
pub struct test_arb2 {
a: u8,
b: u8
}

/// d#0
fn Decoder_test_arb2(input: &mut Parser<'_>) -> Result<test_arb2, ParseError> {
Decoder1(input)
}

/// d#1
fn Decoder1(input: &mut Parser<'_>) -> Result<test_arb2, ParseError> {
let a = (Decoder2(input))?;
let b = succ(a);
PResult::Ok(test_arb2 { a, b })
}

/// d#2
fn Decoder2(_input: &mut Parser<'_>) -> Result<u8, ParseError> {
(pred_u8((add_u8((abs_u8(130u8)).eval()?, (div_u8(196u8, 153u8)).eval()?)).eval()?)).eval()
}





## ++u64 17602496914939539112u64
#![allow(unused_imports)]
#![allow(non_camel_case_types)]
#![allow(non_snake_case)]
#![allow(dead_code)]
#![allow(unsafe_op_in_unsafe_fn)]
#![cfg_attr(rustfmt, rustfmt::skip)]

mod codegen_tests;
pub mod api_helper;

use doodle::prelude::*;
use doodle::try_sub;

/// expected size: 16
/// trait-unready: multiple (2) decoders exist (d#{0, 1})
#[derive(Debug, Copy, Clone)]
pub struct test_arb2 {
a: u64,
b: u64
}

/// d#0
fn Decoder_test_arb2(input: &mut Parser<'_>) -> Result<test_arb2, ParseError> {
Decoder1(input)
}

/// d#1
fn Decoder1(input: &mut Parser<'_>) -> Result<test_arb2, ParseError> {
let a = (Decoder2(input))?;
let b = succ(a);
PResult::Ok(test_arb2 { a, b })
}

/// d#2
fn Decoder2(_input: &mut Parser<'_>) -> Result<u64, ParseError> {
(succ_u64(17602496914939539112u64)).eval()
}





## 172u8
#![allow(unused_imports)]
#![allow(non_camel_case_types)]
#![allow(non_snake_case)]
#![allow(dead_code)]
#![allow(unsafe_op_in_unsafe_fn)]
#![cfg_attr(rustfmt, rustfmt::skip)]

mod codegen_tests;
pub mod api_helper;

use doodle::prelude::*;
use doodle::try_sub;

/// expected size: 2
/// trait-unready: multiple (2) decoders exist (d#{0, 1})
#[derive(Debug, Copy, Clone)]
pub struct test_arb2 {
a: u8,
b: u8
}

/// d#0
fn Decoder_test_arb2(input: &mut Parser<'_>) -> Result<test_arb2, ParseError> {
Decoder1(input)
}

/// d#1
fn Decoder1(input: &mut Parser<'_>) -> Result<test_arb2, ParseError> {
let a = (Decoder2(input))?;
let b = succ(a);
PResult::Ok(test_arb2 { a, b })
}

/// d#2
fn Decoder2(_input: &mut Parser<'_>) -> Result<u8, ParseError> {
PResult::Ok(172u8)
}





## absu32 (--u32 4112560434u32)
#![allow(unused_imports)]
#![allow(non_camel_case_types)]
#![allow(non_snake_case)]
#![allow(dead_code)]
#![allow(unsafe_op_in_unsafe_fn)]
#![cfg_attr(rustfmt, rustfmt::skip)]

mod codegen_tests;
pub mod api_helper;

use doodle::prelude::*;
use doodle::try_sub;

/// expected size: 8
/// trait-unready: multiple (2) decoders exist (d#{0, 1})
#[derive(Debug, Copy, Clone)]
pub struct test_arb2 {
a: u32,
b: u32
}

/// d#0
fn Decoder_test_arb2(input: &mut Parser<'_>) -> Result<test_arb2, ParseError> {
Decoder1(input)
}

/// d#1
fn Decoder1(input: &mut Parser<'_>) -> Result<test_arb2, ParseError> {
let a = (Decoder2(input))?;
let b = succ(a);
PResult::Ok(test_arb2 { a, b })
}

/// d#2
fn Decoder2(_input: &mut Parser<'_>) -> Result<u32, ParseError> {
(abs_u32((pred_u32(4112560434u32)).eval()?)).eval()
}





## (195u8 /u8 131u8) *u8 ((--u8 13u8) %u8 178u8)
#![allow(unused_imports)]
#![allow(non_camel_case_types)]
#![allow(non_snake_case)]
#![allow(dead_code)]
#![allow(unsafe_op_in_unsafe_fn)]
#![cfg_attr(rustfmt, rustfmt::skip)]

mod codegen_tests;
pub mod api_helper;

use doodle::prelude::*;
use doodle::try_sub;

/// expected size: 2
/// trait-unready: multiple (2) decoders exist (d#{0, 1})
#[derive(Debug, Copy, Clone)]
pub struct test_arb2 {
a: u8,
b: u8
}

/// d#0
fn Decoder_test_arb2(input: &mut Parser<'_>) -> Result<test_arb2, ParseError> {
Decoder1(input)
}

/// d#1
fn Decoder1(input: &mut Parser<'_>) -> Result<test_arb2, ParseError> {
let a = (Decoder2(input))?;
let b = succ(a);
PResult::Ok(test_arb2 { a, b })
}

/// d#2
fn Decoder2(_input: &mut Parser<'_>) -> Result<u8, ParseError> {
(mul_u8((div_u8(195u8, 131u8)).eval()?, (rem_u8((pred_u8(13u8)).eval()?, 178u8)).eval()?)).eval()
}





## 179u8 +u8 55u8 /u8 12u8
#![allow(unused_imports)]
#![allow(non_camel_case_types)]
#![allow(non_snake_case)]
#![allow(dead_code)]
#![allow(unsafe_op_in_unsafe_fn)]
#![cfg_attr(rustfmt, rustfmt::skip)]

mod codegen_tests;
pub mod api_helper;

use doodle::prelude::*;
use doodle::try_sub;

/// expected size: 2
/// trait-unready: multiple (2) decoders exist (d#{0, 1})
#[derive(Debug, Copy, Clone)]
pub struct test_arb2 {
a: u8,
b: u8
}

/// d#0
fn Decoder_test_arb2(input: &mut Parser<'_>) -> Result<test_arb2, ParseError> {
Decoder1(input)
}

/// d#1
fn Decoder1(input: &mut Parser<'_>) -> Result<test_arb2, ParseError> {
let a = (Decoder2(input))?;
let b = succ(a);
PResult::Ok(test_arb2 { a, b })
}

/// d#2
fn Decoder2(_input: &mut Parser<'_>) -> Result<u8, ParseError> {
(add_u8(179u8, (div_u8(55u8, 12u8)).eval()?)).eval()
}





## absu8 (++u8 ++u8 229u8)
#![allow(unused_imports)]
#![allow(non_camel_case_types)]
#![allow(non_snake_case)]
#![allow(dead_code)]
#![allow(unsafe_op_in_unsafe_fn)]
#![cfg_attr(rustfmt, rustfmt::skip)]

mod codegen_tests;
pub mod api_helper;

use doodle::prelude::*;
use doodle::try_sub;

/// expected size: 2
/// trait-unready: multiple (2) decoders exist (d#{0, 1})
#[derive(Debug, Copy, Clone)]
pub struct test_arb2 {
a: u8,
b: u8
}

/// d#0
fn Decoder_test_arb2(input: &mut Parser<'_>) -> Result<test_arb2, ParseError> {
Decoder1(input)
}

/// d#1
fn Decoder1(input: &mut Parser<'_>) -> Result<test_arb2, ParseError> {
let a = (Decoder2(input))?;
let b = succ(a);
PResult::Ok(test_arb2 { a, b })
}

/// d#2
fn Decoder2(_input: &mut Parser<'_>) -> Result<u8, ParseError> {
(abs_u8((succ_u8((succ_u8(229u8)).eval()?)).eval()?)).eval()
}





## ++u8 absu8 114u8
#![allow(unused_imports)]
#![allow(non_camel_case_types)]
#![allow(non_snake_case)]
#![allow(dead_code)]
#![allow(unsafe_op_in_unsafe_fn)]
#![cfg_attr(rustfmt, rustfmt::skip)]

mod codegen_tests;
pub mod api_helper;

use doodle::prelude::*;
use doodle::try_sub;

/// expected size: 2
/// trait-unready: multiple (2) decoders exist (d#{0, 1})
#[derive(Debug, Copy, Clone)]
pub struct test_arb2 {
a: u8,
b: u8
}

/// d#0
fn Decoder_test_arb2(input: &mut Parser<'_>) -> Result<test_arb2, ParseError> {
Decoder1(input)
}

/// d#1
fn Decoder1(input: &mut Parser<'_>) -> Result<test_arb2, ParseError> {
let a = (Decoder2(input))?;
let b = succ(a);
PResult::Ok(test_arb2 { a, b })
}

/// d#2
fn Decoder2(_input: &mut Parser<'_>) -> Result<u8, ParseError> {
(succ_u8((abs_u8(114u8)).eval()?)).eval()
}





## 9705495633491658738u64
#![allow(unused_imports)]
#![allow(non_camel_case_types)]
#![allow(non_snake_case)]
#![allow(dead_code)]
#![allow(unsafe_op_in_unsafe_fn)]
#![cfg_attr(rustfmt, rustfmt::skip)]

mod codegen_tests;
pub mod api_helper;

use doodle::prelude::*;
use doodle::try_sub;

/// expected size: 16
/// trait-unready: multiple (2) decoders exist (d#{0, 1})
#[derive(Debug, Copy, Clone)]
pub struct test_arb2 {
a: u64,
b: u64
}

/// d#0
fn Decoder_test_arb2(input: &mut Parser<'_>) -> Result<test_arb2, ParseError> {
Decoder1(input)
}

/// d#1
fn Decoder1(input: &mut Parser<'_>) -> Result<test_arb2, ParseError> {
let a = (Decoder2(input))?;
let b = succ(a);
PResult::Ok(test_arb2 { a, b })
}

/// d#2
fn Decoder2(_input: &mut Parser<'_>) -> Result<u64, ParseError> {
PResult::Ok(9705495633491658738u64)
}





## --u8 73u8
#![allow(unused_imports)]
#![allow(non_camel_case_types)]
#![allow(non_snake_case)]
#![allow(dead_code)]
#![allow(unsafe_op_in_unsafe_fn)]
#![cfg_attr(rustfmt, rustfmt::skip)]

mod codegen_tests;
pub mod api_helper;

use doodle::prelude::*;
use doodle::try_sub;

/// expected size: 2
/// trait-unready: multiple (2) decoders exist (d#{0, 1})
#[derive(Debug, Copy, Clone)]
pub struct test_arb2 {
a: u8,
b: u8
}

/// d#0
fn Decoder_test_arb2(input: &mut Parser<'_>) -> Result<test_arb2, ParseError> {
Decoder1(input)
}

/// d#1
fn Decoder1(input: &mut Parser<'_>) -> Result<test_arb2, ParseError> {
let a = (Decoder2(input))?;
let b = succ(a);
PResult::Ok(test_arb2 { a, b })
}

/// d#2
fn Decoder2(_input: &mut Parser<'_>) -> Result<u8, ParseError> {
(pred_u8(73u8)).eval()
}





## absu64 absu64 8961367048521026883u64
#![allow(unused_imports)]
#![allow(non_camel_case_types)]
#![allow(non_snake_case)]
#![allow(dead_code)]
#![allow(unsafe_op_in_unsafe_fn)]
#![cfg_attr(rustfmt, rustfmt::skip)]

mod codegen_tests;
pub mod api_helper;

use doodle::prelude::*;
use doodle::try_sub;

/// expected size: 16
/// trait-unready: multiple (2) decoders exist (d#{0, 1})
#[derive(Debug, Copy, Clone)]
pub struct test_arb2 {
a: u64,
b: u64
}

/// d#0
fn Decoder_test_arb2(input: &mut Parser<'_>) -> Result<test_arb2, ParseError> {
Decoder1(input)
}

/// d#1
fn Decoder1(input: &mut Parser<'_>) -> Result<test_arb2, ParseError> {
let a = (Decoder2(input))?;
let b = succ(a);
PResult::Ok(test_arb2 { a, b })
}

/// d#2
fn Decoder2(_input: &mut Parser<'_>) -> Result<u64, ParseError> {
(abs_u64((abs_u64(8961367048521026883u64)).eval()?)).eval()
}





## --u8 absu8 194u8
#![allow(unused_imports)]
#![allow(non_camel_case_types)]
#![allow(non_snake_case)]
#![allow(dead_code)]
#![allow(unsafe_op_in_unsafe_fn)]
#![cfg_attr(rustfmt, rustfmt::skip)]

mod codegen_tests;
pub mod api_helper;

use doodle::prelude::*;
use doodle::try_sub;

/// expected size: 2
/// trait-unready: multiple (2) decoders exist (d#{0, 1})
#[derive(Debug, Copy, Clone)]
pub struct test_arb2 {
a: u8,
b: u8
}

/// d#0
fn Decoder_test_arb2(input: &mut Parser<'_>) -> Result<test_arb2, ParseError> {
Decoder1(input)
}

/// d#1
fn Decoder1(input: &mut Parser<'_>) -> Result<test_arb2, ParseError> {
let a = (Decoder2(input))?;
let b = succ(a);
PResult::Ok(test_arb2 { a, b })
}

/// d#2
fn Decoder2(_input: &mut Parser<'_>) -> Result<u8, ParseError> {
(pred_u8((abs_u8(194u8)).eval()?)).eval()
}





## absu8 (++u8 187u8)
#![allow(unused_imports)]
#![allow(non_camel_case_types)]
#![allow(non_snake_case)]
#![allow(dead_code)]
#![allow(unsafe_op_in_unsafe_fn)]
#![cfg_attr(rustfmt, rustfmt::skip)]

mod codegen_tests;
pub mod api_helper;

use doodle::prelude::*;
use doodle::try_sub;

/// expected size: 2
/// trait-unready: multiple (2) decoders exist (d#{0, 1})
#[derive(Debug, Copy, Clone)]
pub struct test_arb2 {
a: u8,
b: u8
}

/// d#0
fn Decoder_test_arb2(input: &mut Parser<'_>) -> Result<test_arb2, ParseError> {
Decoder1(input)
}

/// d#1
fn Decoder1(input: &mut Parser<'_>) -> Result<test_arb2, ParseError> {
let a = (Decoder2(input))?;
let b = succ(a);
PResult::Ok(test_arb2 { a, b })
}

/// d#2
fn Decoder2(_input: &mut Parser<'_>) -> Result<u8, ParseError> {
(abs_u8((succ_u8(187u8)).eval()?)).eval()
}





## 224u8
#![allow(unused_imports)]
#![allow(non_camel_case_types)]
#![allow(non_snake_case)]
#![allow(dead_code)]
#![allow(unsafe_op_in_unsafe_fn)]
#![cfg_attr(rustfmt, rustfmt::skip)]

mod codegen_tests;
pub mod api_helper;

use doodle::prelude::*;
use doodle::try_sub;

/// expected size: 2
/// trait-unready: multiple (2) decoders exist (d#{0, 1})
#[derive(Debug, Copy, Clone)]
pub struct test_arb2 {
a: u8,
b: u8
}

/// d#0
fn Decoder_test_arb2(input: &mut Parser<'_>) -> Result<test_arb2, ParseError> {
Decoder1(input)
}

/// d#1
fn Decoder1(input: &mut Parser<'_>) -> Result<test_arb2, ParseError> {
let a = (Decoder2(input))?;
let b = succ(a);
PResult::Ok(test_arb2 { a, b })
}

/// d#2
fn Decoder2(_input: &mut Parser<'_>) -> Result<u8, ParseError> {
PResult::Ok(224u8)
}





## absu8 143u8
#![allow(unused_imports)]
#![allow(non_camel_case_types)]
#![allow(non_snake_case)]
#![allow(dead_code)]
#![allow(unsafe_op_in_unsafe_fn)]
#![cfg_attr(rustfmt, rustfmt::skip)]

mod codegen_tests;
pub mod api_helper;

use doodle::prelude::*;
use doodle::try_sub;

/// expected size: 2
/// trait-unready: multiple (2) decoders exist (d#{0, 1})
#[derive(Debug, Copy, Clone)]
pub struct test_arb2 {
a: u8,
b: u8
}

/// d#0
fn Decoder_test_arb2(input: &mut Parser<'_>) -> Result<test_arb2, ParseError> {
Decoder1(input)
}

/// d#1
fn Decoder1(input: &mut Parser<'_>) -> Result<test_arb2, ParseError> {
let a = (Decoder2(input))?;
let b = succ(a);
PResult::Ok(test_arb2 { a, b })
}

/// d#2
fn Decoder2(_input: &mut Parser<'_>) -> Result<u8, ParseError> {
(abs_u8(143u8)).eval()
}





## absu8 (184u8 /u8 152u8)
#![allow(unused_imports)]
#![allow(non_camel_case_types)]
#![allow(non_snake_case)]
#![allow(dead_code)]
#![allow(unsafe_op_in_unsafe_fn)]
#![cfg_attr(rustfmt, rustfmt::skip)]

mod codegen_tests;
pub mod api_helper;

use doodle::prelude::*;
use doodle::try_sub;

/// expected size: 2
/// trait-unready: multiple (2) decoders exist (d#{0, 1})
#[derive(Debug, Copy, Clone)]
pub struct test_arb2 {
a: u8,
b: u8
}

/// d#0
fn Decoder_test_arb2(input: &mut Parser<'_>) -> Result<test_arb2, ParseError> {
Decoder1(input)
}

/// d#1
fn Decoder1(input: &mut Parser<'_>) -> Result<test_arb2, ParseError> {
let a = (Decoder2(input))?;
let b = succ(a);
PResult::Ok(test_arb2 { a, b })
}

/// d#2
fn Decoder2(_input: &mut Parser<'_>) -> Result<u8, ParseError> {
(abs_u8((div_u8(184u8, 152u8)).eval()?)).eval()
}





## (158u8 -u8 (--u8 58u8)) %u8 (--u8 130u8)
#![allow(unused_imports)]
#![allow(non_camel_case_types)]
#![allow(non_snake_case)]
#![allow(dead_code)]
#![allow(unsafe_op_in_unsafe_fn)]
#![cfg_attr(rustfmt, rustfmt::skip)]

mod codegen_tests;
pub mod api_helper;

use doodle::prelude::*;
use doodle::try_sub;

/// expected size: 2
/// trait-unready: multiple (2) decoders exist (d#{0, 1})
#[derive(Debug, Copy, Clone)]
pub struct test_arb2 {
a: u8,
b: u8
}

/// d#0
fn Decoder_test_arb2(input: &mut Parser<'_>) -> Result<test_arb2, ParseError> {
Decoder1(input)
}

/// d#1
fn Decoder1(input: &mut Parser<'_>) -> Result<test_arb2, ParseError> {
let a = (Decoder2(input))?;
let b = succ(a);
PResult::Ok(test_arb2 { a, b })
}

/// d#2
fn Decoder2(_input: &mut Parser<'_>) -> Result<u8, ParseError> {
(rem_u8((sub_u8(158u8, (pred_u8(58u8)).eval()?)).eval()?, (pred_u8(130u8)).eval()?)).eval()
}





## absu64 absu64 (--u64 16513704393856104502u64)
#![allow(unused_imports)]
#![allow(non_camel_case_types)]
#![allow(non_snake_case)]
#![allow(dead_code)]
#![allow(unsafe_op_in_unsafe_fn)]
#![cfg_attr(rustfmt, rustfmt::skip)]

mod codegen_tests;
pub mod api_helper;

use doodle::prelude::*;
use doodle::try_sub;

/// expected size: 16
/// trait-unready: multiple (2) decoders exist (d#{0, 1})
#[derive(Debug, Copy, Clone)]
pub struct test_arb2 {
a: u64,
b: u64
}

/// d#0
fn Decoder_test_arb2(input: &mut Parser<'_>) -> Result<test_arb2, ParseError> {
Decoder1(input)
}

/// d#1
fn Decoder1(input: &mut Parser<'_>) -> Result<test_arb2, ParseError> {
let a = (Decoder2(input))?;
let b = succ(a);
PResult::Ok(test_arb2 { a, b })
}

/// d#2
fn Decoder2(_input: &mut Parser<'_>) -> Result<u64, ParseError> {
(abs_u64((abs_u64((pred_u64(16513704393856104502u64)).eval()?)).eval()?)).eval()
}





## ++u8 ++u8 22u8
#![allow(unused_imports)]
#![allow(non_camel_case_types)]
#![allow(non_snake_case)]
#![allow(dead_code)]
#![allow(unsafe_op_in_unsafe_fn)]
#![cfg_attr(rustfmt, rustfmt::skip)]

mod codegen_tests;
pub mod api_helper;

use doodle::prelude::*;
use doodle::try_sub;

/// expected size: 2
/// trait-unready: multiple (2) decoders exist (d#{0, 1})
#[derive(Debug, Copy, Clone)]
pub struct test_arb2 {
a: u8,
b: u8
}

/// d#0
fn Decoder_test_arb2(input: &mut Parser<'_>) -> Result<test_arb2, ParseError> {
Decoder1(input)
}

/// d#1
fn Decoder1(input: &mut Parser<'_>) -> Result<test_arb2, ParseError> {
let a = (Decoder2(input))?;
let b = succ(a);
PResult::Ok(test_arb2 { a, b })
}

/// d#2
fn Decoder2(_input: &mut Parser<'_>) -> Result<u8, ParseError> {
(succ_u8((succ_u8(22u8)).eval()?)).eval()
}





## absu32 254658070u32
#![allow(unused_imports)]
#![allow(non_camel_case_types)]
#![allow(non_snake_case)]
#![allow(dead_code)]
#![allow(unsafe_op_in_unsafe_fn)]
#![cfg_attr(rustfmt, rustfmt::skip)]

mod codegen_tests;
pub mod api_helper;

use doodle::prelude::*;
use doodle::try_sub;

/// expected size: 8
/// trait-unready: multiple (2) decoders exist (d#{0, 1})
#[derive(Debug, Copy, Clone)]
pub struct test_arb2 {
a: u32,
b: u32
}

/// d#0
fn Decoder_test_arb2(input: &mut Parser<'_>) -> Result<test_arb2, ParseError> {
Decoder1(input)
}

/// d#1
fn Decoder1(input: &mut Parser<'_>) -> Result<test_arb2, ParseError> {
let a = (Decoder2(input))?;
let b = succ(a);
PResult::Ok(test_arb2 { a, b })
}

/// d#2
fn Decoder2(_input: &mut Parser<'_>) -> Result<u32, ParseError> {
(abs_u32(254658070u32)).eval()
}





## absu64 (++u64 994065834715131178u64)
#![allow(unused_imports)]
#![allow(non_camel_case_types)]
#![allow(non_snake_case)]
#![allow(dead_code)]
#![allow(unsafe_op_in_unsafe_fn)]
#![cfg_attr(rustfmt, rustfmt::skip)]

mod codegen_tests;
pub mod api_helper;

use doodle::prelude::*;
use doodle::try_sub;

/// expected size: 16
/// trait-unready: multiple (2) decoders exist (d#{0, 1})
#[derive(Debug, Copy, Clone)]
pub struct test_arb2 {
a: u64,
b: u64
}

/// d#0
fn Decoder_test_arb2(input: &mut Parser<'_>) -> Result<test_arb2, ParseError> {
Decoder1(input)
}

/// d#1
fn Decoder1(input: &mut Parser<'_>) -> Result<test_arb2, ParseError> {
let a = (Decoder2(input))?;
let b = succ(a);
PResult::Ok(test_arb2 { a, b })
}

/// d#2
fn Decoder2(_input: &mut Parser<'_>) -> Result<u64, ParseError> {
(abs_u64((succ_u64(994065834715131178u64)).eval()?)).eval()
}





## --u8 16u8
#![allow(unused_imports)]
#![allow(non_camel_case_types)]
#![allow(non_snake_case)]
#![allow(dead_code)]
#![allow(unsafe_op_in_unsafe_fn)]
#![cfg_attr(rustfmt, rustfmt::skip)]

mod codegen_tests;
pub mod api_helper;

use doodle::prelude::*;
use doodle::try_sub;

/// expected size: 2
/// trait-unready: multiple (2) decoders exist (d#{0, 1})
#[derive(Debug, Copy, Clone)]
pub struct test_arb2 {
a: u8,
b: u8
}

/// d#0
fn Decoder_test_arb2(input: &mut Parser<'_>) -> Result<test_arb2, ParseError> {
Decoder1(input)
}

/// d#1
fn Decoder1(input: &mut Parser<'_>) -> Result<test_arb2, ParseError> {
let a = (Decoder2(input))?;
let b = succ(a);
PResult::Ok(test_arb2 { a, b })
}

/// d#2
fn Decoder2(_input: &mut Parser<'_>) -> Result<u8, ParseError> {
(pred_u8(16u8)).eval()
}





## absu64 14170624530105160390u64
#![allow(unused_imports)]
#![allow(non_camel_case_types)]
#![allow(non_snake_case)]
#![allow(dead_code)]
#![allow(unsafe_op_in_unsafe_fn)]
#![cfg_attr(rustfmt, rustfmt::skip)]

mod codegen_tests;
pub mod api_helper;

use doodle::prelude::*;
use doodle::try_sub;

/// expected size: 16
/// trait-unready: multiple (2) decoders exist (d#{0, 1})
#[derive(Debug, Copy, Clone)]
pub struct test_arb2 {
a: u64,
b: u64
}

/// d#0
fn Decoder_test_arb2(input: &mut Parser<'_>) -> Result<test_arb2, ParseError> {
Decoder1(input)
}

/// d#1
fn Decoder1(input: &mut Parser<'_>) -> Result<test_arb2, ParseError> {
let a = (Decoder2(input))?;
let b = succ(a);
PResult::Ok(test_arb2 { a, b })
}

/// d#2
fn Decoder2(_input: &mut Parser<'_>) -> Result<u64, ParseError> {
(abs_u64(14170624530105160390u64)).eval()
}





## absu8 (230u8 %u8 121u8)
#![allow(unused_imports)]
#![allow(non_camel_case_types)]
#![allow(non_snake_case)]
#![allow(dead_code)]
#![allow(unsafe_op_in_unsafe_fn)]
#![cfg_attr(rustfmt, rustfmt::skip)]

mod codegen_tests;
pub mod api_helper;

use doodle::prelude::*;
use doodle::try_sub;

/// expected size: 2
/// trait-unready: multiple (2) decoders exist (d#{0, 1})
#[derive(Debug, Copy, Clone)]
pub struct test_arb2 {
a: u8,
b: u8
}

/// d#0
fn Decoder_test_arb2(input: &mut Parser<'_>) -> Result<test_arb2, ParseError> {
Decoder1(input)
}

/// d#1
fn Decoder1(input: &mut Parser<'_>) -> Result<test_arb2, ParseError> {
let a = (Decoder2(input))?;
let b = succ(a);
PResult::Ok(test_arb2 { a, b })
}

/// d#2
fn Decoder2(_input: &mut Parser<'_>) -> Result<u8, ParseError> {
(abs_u8((rem_u8(230u8, 121u8)).eval()?)).eval()
}





## 172u8 +u8 27u8
#![allow(unused_imports)]
#![allow(non_camel_case_types)]
#![allow(non_snake_case)]
#![allow(dead_code)]
#![allow(unsafe_op_in_unsafe_fn)]
#![cfg_attr(rustfmt, rustfmt::skip)]

mod codegen_tests;
pub mod api_helper;

use doodle::prelude::*;
use doodle::try_sub;

/// expected size: 2
/// trait-unready: multiple (2) decoders exist (d#{0, 1})
#[derive(Debug, Copy, Clone)]
pub struct test_arb2 {
a: u8,
b: u8
}

/// d#0
fn Decoder_test_arb2(input: &mut Parser<'_>) -> Result<test_arb2, ParseError> {
Decoder1(input)
}

/// d#1
fn Decoder1(input: &mut Parser<'_>) -> Result<test_arb2, ParseError> {
let a = (Decoder2(input))?;
let b = succ(a);
PResult::Ok(test_arb2 { a, b })
}

/// d#2
fn Decoder2(_input: &mut Parser<'_>) -> Result<u8, ParseError> {
(add_u8(172u8, 27u8)).eval()
}





## (--u8 43u8) /u8 (77u8 -u8 254u8 /u8 212u8) %u8 absu8 27u8
#![allow(unused_imports)]
#![allow(non_camel_case_types)]
#![allow(non_snake_case)]
#![allow(dead_code)]
#![allow(unsafe_op_in_unsafe_fn)]
#![cfg_attr(rustfmt, rustfmt::skip)]

mod codegen_tests;
pub mod api_helper;

use doodle::prelude::*;
use doodle::try_sub;

/// expected size: 2
/// trait-unready: multiple (2) decoders exist (d#{0, 1})
#[derive(Debug, Copy, Clone)]
pub struct test_arb2 {
a: u8,
b: u8
}

/// d#0
fn Decoder_test_arb2(input: &mut Parser<'_>) -> Result<test_arb2, ParseError> {
Decoder1(input)
}

/// d#1
fn Decoder1(input: &mut Parser<'_>) -> Result<test_arb2, ParseError> {
let a = (Decoder2(input))?;
let b = succ(a);
PResult::Ok(test_arb2 { a, b })
}

/// d#2
fn Decoder2(_input: &mut Parser<'_>) -> Result<u8, ParseError> {
(div_u8((pred_u8(43u8)).eval()?, (rem_u8((sub_u8(77u8, (div_u8(254u8, 212u8)).eval()?)).eval()?, (abs_u8(27u8)).eval()?)).eval()?)).eval()
}





## --u8 120u8 %u8 205u8
#![allow(unused_imports)]
#![allow(non_camel_case_types)]
#![allow(non_snake_case)]
#![allow(dead_code)]
#![allow(unsafe_op_in_unsafe_fn)]
#![cfg_attr(rustfmt, rustfmt::skip)]

mod codegen_tests;
pub mod api_helper;

use doodle::prelude::*;
use doodle::try_sub;

/// expected size: 2
/// trait-unready: multiple (2) decoders exist (d#{0, 1})
#[derive(Debug, Copy, Clone)]
pub struct test_arb2 {
a: u8,
b: u8
}

/// d#0
fn Decoder_test_arb2(input: &mut Parser<'_>) -> Result<test_arb2, ParseError> {
Decoder1(input)
}

/// d#1
fn Decoder1(input: &mut Parser<'_>) -> Result<test_arb2, ParseError> {
let a = (Decoder2(input))?;
let b = succ(a);
PResult::Ok(test_arb2 { a, b })
}

/// d#2
fn Decoder2(_input: &mut Parser<'_>) -> Result<u8, ParseError> {
(pred_u8((rem_u8(120u8, 205u8)).eval()?)).eval()
}





## --u64 --u64 --u64 ++u64 9788079346462690983u64
#![allow(unused_imports)]
#![allow(non_camel_case_types)]
#![allow(non_snake_case)]
#![allow(dead_code)]
#![allow(unsafe_op_in_unsafe_fn)]
#![cfg_attr(rustfmt, rustfmt::skip)]

mod codegen_tests;
pub mod api_helper;

use doodle::prelude::*;
use doodle::try_sub;

/// expected size: 16
/// trait-unready: multiple (2) decoders exist (d#{0, 1})
#[derive(Debug, Copy, Clone)]
pub struct test_arb2 {
a: u64,
b: u64
}

/// d#0
fn Decoder_test_arb2(input: &mut Parser<'_>) -> Result<test_arb2, ParseError> {
Decoder1(input)
}

/// d#1
fn Decoder1(input: &mut Parser<'_>) -> Result<test_arb2, ParseError> {
let a = (Decoder2(input))?;
let b = succ(a);
PResult::Ok(test_arb2 { a, b })
}

/// d#2
fn Decoder2(_input: &mut Parser<'_>) -> Result<u64, ParseError> {
(pred_u64((pred_u64((pred_u64((succ_u64(9788079346462690983u64)).eval()?)).eval()?)).eval()?)).eval()
}





## 121u8 /u8 166u8
#![allow(unused_imports)]
#![allow(non_camel_case_types)]
#![allow(non_snake_case)]
#![allow(dead_code)]
#![allow(unsafe_op_in_unsafe_fn)]
#![cfg_attr(rustfmt, rustfmt::skip)]

mod codegen_tests;
pub mod api_helper;

use doodle::prelude::*;
use doodle::try_sub;

/// expected size: 2
/// trait-unready: multiple (2) decoders exist (d#{0, 1})
#[derive(Debug, Copy, Clone)]
pub struct test_arb2 {
a: u8,
b: u8
}

/// d#0
fn Decoder_test_arb2(input: &mut Parser<'_>) -> Result<test_arb2, ParseError> {
Decoder1(input)
}

/// d#1
fn Decoder1(input: &mut Parser<'_>) -> Result<test_arb2, ParseError> {
let a = (Decoder2(input))?;
let b = succ(a);
PResult::Ok(test_arb2 { a, b })
}

/// d#2
fn Decoder2(_input: &mut Parser<'_>) -> Result<u8, ParseError> {
(div_u8(121u8, 166u8)).eval()
}





## absu16 absu16 51284u16
#![allow(unused_imports)]
#![allow(non_camel_case_types)]
#![allow(non_snake_case)]
#![allow(dead_code)]
#![allow(unsafe_op_in_unsafe_fn)]
#![cfg_attr(rustfmt, rustfmt::skip)]

mod codegen_tests;
pub mod api_helper;

use doodle::prelude::*;
use doodle::try_sub;

/// expected size: 4
/// trait-unready: multiple (2) decoders exist (d#{0, 1})
#[derive(Debug, Copy, Clone)]
pub struct test_arb2 {
a: u16,
b: u16
}

/// d#0
fn Decoder_test_arb2(input: &mut Parser<'_>) -> Result<test_arb2, ParseError> {
Decoder1(input)
}

/// d#1
fn Decoder1(input: &mut Parser<'_>) -> Result<test_arb2, ParseError> {
let a = (Decoder2(input))?;
let b = succ(a);
PResult::Ok(test_arb2 { a, b })
}

/// d#2
fn Decoder2(_input: &mut Parser<'_>) -> Result<u16, ParseError> {
(abs_u16((abs_u16(51284u16)).eval()?)).eval()
}





## ++u64 ++u64 absu64 10504526926809249635u64
#![allow(unused_imports)]
#![allow(non_camel_case_types)]
#![allow(non_snake_case)]
#![allow(dead_code)]
#![allow(unsafe_op_in_unsafe_fn)]
#![cfg_attr(rustfmt, rustfmt::skip)]

mod codegen_tests;
pub mod api_helper;

use doodle::prelude::*;
use doodle::try_sub;

/// expected size: 16
/// trait-unready: multiple (2) decoders exist (d#{0, 1})
#[derive(Debug, Copy, Clone)]
pub struct test_arb2 {
a: u64,
b: u64
}

/// d#0
fn Decoder_test_arb2(input: &mut Parser<'_>) -> Result<test_arb2, ParseError> {
Decoder1(input)
}

/// d#1
fn Decoder1(input: &mut Parser<'_>) -> Result<test_arb2, ParseError> {
let a = (Decoder2(input))?;
let b = succ(a);
PResult::Ok(test_arb2 { a, b })
}

/// d#2
fn Decoder2(_input: &mut Parser<'_>) -> Result<u64, ParseError> {
(succ_u64((succ_u64((abs_u64(10504526926809249635u64)).eval()?)).eval()?)).eval()
}





## ++u64 4789270891947801099u64
#![allow(unused_imports)]
#![allow(non_camel_case_types)]
#![allow(non_snake_case)]
#![allow(dead_code)]
#![allow(unsafe_op_in_unsafe_fn)]
#![cfg_attr(rustfmt, rustfmt::skip)]

mod codegen_tests;
pub mod api_helper;

use doodle::prelude::*;
use doodle::try_sub;

/// expected size: 16
/// trait-unready: multiple (2) decoders exist (d#{0, 1})
#[derive(Debug, Copy, Clone)]
pub struct test_arb2 {
a: u64,
b: u64
}

/// d#0
fn Decoder_test_arb2(input: &mut Parser<'_>) -> Result<test_arb2, ParseError> {
Decoder1(input)
}

/// d#1
fn Decoder1(input: &mut Parser<'_>) -> Result<test_arb2, ParseError> {
let a = (Decoder2(input))?;
let b = succ(a);
PResult::Ok(test_arb2 { a, b })
}

/// d#2
fn Decoder2(_input: &mut Parser<'_>) -> Result<u64, ParseError> {
(succ_u64(4789270891947801099u64)).eval()
}





## absu8 (++u8 124u8)
#![allow(unused_imports)]
#![allow(non_camel_case_types)]
#![allow(non_snake_case)]
#![allow(dead_code)]
#![allow(unsafe_op_in_unsafe_fn)]
#![cfg_attr(rustfmt, rustfmt::skip)]

mod codegen_tests;
pub mod api_helper;

use doodle::prelude::*;
use doodle::try_sub;

/// expected size: 2
/// trait-unready: multiple (2) decoders exist (d#{0, 1})
#[derive(Debug, Copy, Clone)]
pub struct test_arb2 {
a: u8,
b: u8
}

/// d#0
fn Decoder_test_arb2(input: &mut Parser<'_>) -> Result<test_arb2, ParseError> {
Decoder1(input)
}

/// d#1
fn Decoder1(input: &mut Parser<'_>) -> Result<test_arb2, ParseError> {
let a = (Decoder2(input))?;
let b = succ(a);
PResult::Ok(test_arb2 { a, b })
}

/// d#2
fn Decoder2(_input: &mut Parser<'_>) -> Result<u8, ParseError> {
(abs_u8((succ_u8(124u8)).eval()?)).eval()
}





## ++u32 ++u32 1833585543u32
#![allow(unused_imports)]
#![allow(non_camel_case_types)]
#![allow(non_snake_case)]
#![allow(dead_code)]
#![allow(unsafe_op_in_unsafe_fn)]
#![cfg_attr(rustfmt, rustfmt::skip)]

mod codegen_tests;
pub mod api_helper;

use doodle::prelude::*;
use doodle::try_sub;

/// expected size: 8
/// trait-unready: multiple (2) decoders exist (d#{0, 1})
#[derive(Debug, Copy, Clone)]
pub struct test_arb2 {
a: u32,
b: u32
}

/// d#0
fn Decoder_test_arb2(input: &mut Parser<'_>) -> Result<test_arb2, ParseError> {
Decoder1(input)
}

/// d#1
fn Decoder1(input: &mut Parser<'_>) -> Result<test_arb2, ParseError> {
let a = (Decoder2(input))?;
let b = succ(a);
PResult::Ok(test_arb2 { a, b })
}

/// d#2
fn Decoder2(_input: &mut Parser<'_>) -> Result<u32, ParseError> {
(succ_u32((succ_u32(1833585543u32)).eval()?)).eval()
}





## ++u8 ++u8 204u8
#![allow(unused_imports)]
#![allow(non_camel_case_types)]
#![allow(non_snake_case)]
#![allow(dead_code)]
#![allow(unsafe_op_in_unsafe_fn)]
#![cfg_attr(rustfmt, rustfmt::skip)]

mod codegen_tests;
pub mod api_helper;

use doodle::prelude::*;
use doodle::try_sub;

/// expected size: 2
/// trait-unready: multiple (2) decoders exist (d#{0, 1})
#[derive(Debug, Copy, Clone)]
pub struct test_arb2 {
a: u8,
b: u8
}

/// d#0
fn Decoder_test_arb2(input: &mut Parser<'_>) -> Result<test_arb2, ParseError> {
Decoder1(input)
}

/// d#1
fn Decoder1(input: &mut Parser<'_>) -> Result<test_arb2, ParseError> {
let a = (Decoder2(input))?;
let b = succ(a);
PResult::Ok(test_arb2 { a, b })
}

/// d#2
fn Decoder2(_input: &mut Parser<'_>) -> Result<u8, ParseError> {
(succ_u8((succ_u8(204u8)).eval()?)).eval()
}





## 110u8 +u8 (++u8 179u8) %u8 (--u8 13u8)
#![allow(unused_imports)]
#![allow(non_camel_case_types)]
#![allow(non_snake_case)]
#![allow(dead_code)]
#![allow(unsafe_op_in_unsafe_fn)]
#![cfg_attr(rustfmt, rustfmt::skip)]

mod codegen_tests;
pub mod api_helper;

use doodle::prelude::*;
use doodle::try_sub;

/// expected size: 2
/// trait-unready: multiple (2) decoders exist (d#{0, 1})
#[derive(Debug, Copy, Clone)]
pub struct test_arb2 {
a: u8,
b: u8
}

/// d#0
fn Decoder_test_arb2(input: &mut Parser<'_>) -> Result<test_arb2, ParseError> {
Decoder1(input)
}

/// d#1
fn Decoder1(input: &mut Parser<'_>) -> Result<test_arb2, ParseError> {
let a = (Decoder2(input))?;
let b = succ(a);
PResult::Ok(test_arb2 { a, b })
}

/// d#2
fn Decoder2(_input: &mut Parser<'_>) -> Result<u8, ParseError> {
(add_u8(110u8, (rem_u8((succ_u8(179u8)).eval()?, (pred_u8(13u8)).eval()?)).eval()?)).eval()
}





## ++u8 absu8 21u8
#![allow(unused_imports)]
#![allow(non_camel_case_types)]
#![allow(non_snake_case)]
#![allow(dead_code)]
#![allow(unsafe_op_in_unsafe_fn)]
#![cfg_attr(rustfmt, rustfmt::skip)]

mod codegen_tests;
pub mod api_helper;

use doodle::prelude::*;
use doodle::try_sub;

/// expected size: 2
/// trait-unready: multiple (2) decoders exist (d#{0, 1})
#[derive(Debug, Copy, Clone)]
pub struct test_arb2 {
a: u8,
b: u8
}

/// d#0
fn Decoder_test_arb2(input: &mut Parser<'_>) -> Result<test_arb2, ParseError> {
Decoder1(input)
}

/// d#1
fn Decoder1(input: &mut Parser<'_>) -> Result<test_arb2, ParseError> {
let a = (Decoder2(input))?;
let b = succ(a);
PResult::Ok(test_arb2 { a, b })
}

/// d#2
fn Decoder2(_input: &mut Parser<'_>) -> Result<u8, ParseError> {
(succ_u8((abs_u8(21u8)).eval()?)).eval()
}





## absu8 51u8 +u8 64u8
#![allow(unused_imports)]
#![allow(non_camel_case_types)]
#![allow(non_snake_case)]
#![allow(dead_code)]
#![allow(unsafe_op_in_unsafe_fn)]
#![cfg_attr(rustfmt, rustfmt::skip)]

mod codegen_tests;
pub mod api_helper;

use doodle::prelude::*;
use doodle::try_sub;

/// expected size: 2
/// trait-unready: multiple (2) decoders exist (d#{0, 1})
#[derive(Debug, Copy, Clone)]
pub struct test_arb2 {
a: u8,
b: u8
}

/// d#0
fn Decoder_test_arb2(input: &mut Parser<'_>) -> Result<test_arb2, ParseError> {
Decoder1(input)
}

/// d#1
fn Decoder1(input: &mut Parser<'_>) -> Result<test_arb2, ParseError> {
let a = (Decoder2(input))?;
let b = succ(a);
PResult::Ok(test_arb2 { a, b })
}

/// d#2
fn Decoder2(_input: &mut Parser<'_>) -> Result<u8, ParseError> {
(add_u8((abs_u8(51u8)).eval()?, 64u8)).eval()
}





## 2099221475u32
#![allow(unused_imports)]
#![allow(non_camel_case_types)]
#![allow(non_snake_case)]
#![allow(dead_code)]
#![allow(unsafe_op_in_unsafe_fn)]
#![cfg_attr(rustfmt, rustfmt::skip)]

mod codegen_tests;
pub mod api_helper;

use doodle::prelude::*;
use doodle::try_sub;

/// expected size: 8
/// trait-unready: multiple (2) decoders exist (d#{0, 1})
#[derive(Debug, Copy, Clone)]
pub struct test_arb2 {
a: u32,
b: u32
}

/// d#0
fn Decoder_test_arb2(input: &mut Parser<'_>) -> Result<test_arb2, ParseError> {
Decoder1(input)
}

/// d#1
fn Decoder1(input: &mut Parser<'_>) -> Result<test_arb2, ParseError> {
let a = (Decoder2(input))?;
let b = succ(a);
PResult::Ok(test_arb2 { a, b })
}

/// d#2
fn Decoder2(_input: &mut Parser<'_>) -> Result<u32, ParseError> {
PResult::Ok(2099221475u32)
}





## --u8 218u8
#![allow(unused_imports)]
#![allow(non_camel_case_types)]
#![allow(non_snake_case)]
#![allow(dead_code)]
#![allow(unsafe_op_in_unsafe_fn)]
#![cfg_attr(rustfmt, rustfmt::skip)]

mod codegen_tests;
pub mod api_helper;

use doodle::prelude::*;
use doodle::try_sub;

/// expected size: 2
/// trait-unready: multiple (2) decoders exist (d#{0, 1})
#[derive(Debug, Copy, Clone)]
pub struct test_arb2 {
a: u8,
b: u8
}

/// d#0
fn Decoder_test_arb2(input: &mut Parser<'_>) -> Result<test_arb2, ParseError> {
Decoder1(input)
}

/// d#1
fn Decoder1(input: &mut Parser<'_>) -> Result<test_arb2, ParseError> {
let a = (Decoder2(input))?;
let b = succ(a);
PResult::Ok(test_arb2 { a, b })
}

/// d#2
fn Decoder2(_input: &mut Parser<'_>) -> Result<u8, ParseError> {
(pred_u8(218u8)).eval()
}





## (--u8 --u8 8u8) %u8 (--u8 248u8)
#![allow(unused_imports)]
#![allow(non_camel_case_types)]
#![allow(non_snake_case)]
#![allow(dead_code)]
#![allow(unsafe_op_in_unsafe_fn)]
#![cfg_attr(rustfmt, rustfmt::skip)]

mod codegen_tests;
pub mod api_helper;

use doodle::prelude::*;
use doodle::try_sub;

/// expected size: 2
/// trait-unready: multiple (2) decoders exist (d#{0, 1})
#[derive(Debug, Copy, Clone)]
pub struct test_arb2 {
a: u8,
b: u8
}

/// d#0
fn Decoder_test_arb2(input: &mut Parser<'_>) -> Result<test_arb2, ParseError> {
Decoder1(input)
}

/// d#1
fn Decoder1(input: &mut Parser<'_>) -> Result<test_arb2, ParseError> {
let a = (Decoder2(input))?;
let b = succ(a);
PResult::Ok(test_arb2 { a, b })
}

/// d#2
fn Decoder2(_input: &mut Parser<'_>) -> Result<u8, ParseError> {
(rem_u8((pred_u8((pred_u8(8u8)).eval()?)).eval()?, (pred_u8(248u8)).eval()?)).eval()
}





## 23u8
#![allow(unused_imports)]
#![allow(non_camel_case_types)]
#![allow(non_snake_case)]
#![allow(dead_code)]
#![allow(unsafe_op_in_unsafe_fn)]
#![cfg_attr(rustfmt, rustfmt::skip)]

mod codegen_tests;
pub mod api_helper;

use doodle::prelude::*;
use doodle::try_sub;

/// expected size: 2
/// trait-unready: multiple (2) decoders exist (d#{0, 1})
#[derive(Debug, Copy, Clone)]
pub struct test_arb2 {
a: u8,
b: u8
}

/// d#0
fn Decoder_test_arb2(input: &mut Parser<'_>) -> Result<test_arb2, ParseError> {
Decoder1(input)
}

/// d#1
fn Decoder1(input: &mut Parser<'_>) -> Result<test_arb2, ParseError> {
let a = (Decoder2(input))?;
let b = succ(a);
PResult::Ok(test_arb2 { a, b })
}

/// d#2
fn Decoder2(_input: &mut Parser<'_>) -> Result<u8, ParseError> {
PResult::Ok(23u8)
}





## 44u8 /u8 245u8
#![allow(unused_imports)]
#![allow(non_camel_case_types)]
#![allow(non_snake_case)]
#![allow(dead_code)]
#![allow(unsafe_op_in_unsafe_fn)]
#![cfg_attr(rustfmt, rustfmt::skip)]

mod codegen_tests;
pub mod api_helper;

use doodle::prelude::*;
use doodle::try_sub;

/// expected size: 2
/// trait-unready: multiple (2) decoders exist (d#{0, 1})
#[derive(Debug, Copy, Clone)]
pub struct test_arb2 {
a: u8,
b: u8
}

/// d#0
fn Decoder_test_arb2(input: &mut Parser<'_>) -> Result<test_arb2, ParseError> {
Decoder1(input)
}

/// d#1
fn Decoder1(input: &mut Parser<'_>) -> Result<test_arb2, ParseError> {
let a = (Decoder2(input))?;
let b = succ(a);
PResult::Ok(test_arb2 { a, b })
}

/// d#2
fn Decoder2(_input: &mut Parser<'_>) -> Result<u8, ParseError> {
(div_u8(44u8, 245u8)).eval()
}





## (176u8 /u8 188u8 /u8 absu8 56u8 /u8 173u8) *u8 178u8
#![allow(unused_imports)]
#![allow(non_camel_case_types)]
#![allow(non_snake_case)]
#![allow(dead_code)]
#![allow(unsafe_op_in_unsafe_fn)]
#![cfg_attr(rustfmt, rustfmt::skip)]

mod codegen_tests;
pub mod api_helper;

use doodle::prelude::*;
use doodle::try_sub;

/// expected size: 2
/// trait-unready: multiple (2) decoders exist (d#{0, 1})
#[derive(Debug, Copy, Clone)]
pub struct test_arb2 {
a: u8,
b: u8
}

/// d#0
fn Decoder_test_arb2(input: &mut Parser<'_>) -> Result<test_arb2, ParseError> {
Decoder1(input)
}

/// d#1
fn Decoder1(input: &mut Parser<'_>) -> Result<test_arb2, ParseError> {
let a = (Decoder2(input))?;
let b = succ(a);
PResult::Ok(test_arb2 { a, b })
}

/// d#2
fn Decoder2(_input: &mut Parser<'_>) -> Result<u8, ParseError> {
(mul_u8((div_u8((div_u8((div_u8(176u8, 188u8)).eval()?, (abs_u8(56u8)).eval()?)).eval()?, 173u8)).eval()?, 178u8)).eval()
}





## --u8 absu8 186u8
#![allow(unused_imports)]
#![allow(non_camel_case_types)]
#![allow(non_snake_case)]
#![allow(dead_code)]
#![allow(unsafe_op_in_unsafe_fn)]
#![cfg_attr(rustfmt, rustfmt::skip)]

mod codegen_tests;
pub mod api_helper;

use doodle::prelude::*;
use doodle::try_sub;

/// expected size: 2
/// trait-unready: multiple (2) decoders exist (d#{0, 1})
#[derive(Debug, Copy, Clone)]
pub struct test_arb2 {
a: u8,
b: u8
}

/// d#0
fn Decoder_test_arb2(input: &mut Parser<'_>) -> Result<test_arb2, ParseError> {
Decoder1(input)
}

/// d#1
fn Decoder1(input: &mut Parser<'_>) -> Result<test_arb2, ParseError> {
let a = (Decoder2(input))?;
let b = succ(a);
PResult::Ok(test_arb2 { a, b })
}

/// d#2
fn Decoder2(_input: &mut Parser<'_>) -> Result<u8, ParseError> {
(pred_u8((abs_u8(186u8)).eval()?)).eval()
}





## absu32 absu32 absu32 1781969624u32
#![allow(unused_imports)]
#![allow(non_camel_case_types)]
#![allow(non_snake_case)]
#![allow(dead_code)]
#![allow(unsafe_op_in_unsafe_fn)]
#![cfg_attr(rustfmt, rustfmt::skip)]

mod codegen_tests;
pub mod api_helper;

use doodle::prelude::*;
use doodle::try_sub;

/// expected size: 8
/// trait-unready: multiple (2) decoders exist (d#{0, 1})
#[derive(Debug, Copy, Clone)]
pub struct test_arb2 {
a: u32,
b: u32
}

/// d#0
fn Decoder_test_arb2(input: &mut Parser<'_>) -> Result<test_arb2, ParseError> {
Decoder1(input)
}

/// d#1
fn Decoder1(input: &mut Parser<'_>) -> Result<test_arb2, ParseError> {
let a = (Decoder2(input))?;
let b = succ(a);
PResult::Ok(test_arb2 { a, b })
}

/// d#2
fn Decoder2(_input: &mut Parser<'_>) -> Result<u32, ParseError> {
(abs_u32((abs_u32((abs_u32(1781969624u32)).eval()?)).eval()?)).eval()
}





## absu32 (++u32 756998101u32)
#![allow(unused_imports)]
#![allow(non_camel_case_types)]
#![allow(non_snake_case)]
#![allow(dead_code)]
#![allow(unsafe_op_in_unsafe_fn)]
#![cfg_attr(rustfmt, rustfmt::skip)]

mod codegen_tests;
pub mod api_helper;

use doodle::prelude::*;
use doodle::try_sub;

/// expected size: 8
/// trait-unready: multiple (2) decoders exist (d#{0, 1})
#[derive(Debug, Copy, Clone)]
pub struct test_arb2 {
a: u32,
b: u32
}

/// d#0
fn Decoder_test_arb2(input: &mut Parser<'_>) -> Result<test_arb2, ParseError> {
Decoder1(input)
}

/// d#1
fn Decoder1(input: &mut Parser<'_>) -> Result<test_arb2, ParseError> {
let a = (Decoder2(input))?;
let b = succ(a);
PResult::Ok(test_arb2 { a, b })
}

/// d#2
fn Decoder2(_input: &mut Parser<'_>) -> Result<u32, ParseError> {
(abs_u32((succ_u32(756998101u32)).eval()?)).eval()
}





## --u8 --u8 11u8
#![allow(unused_imports)]
#![allow(non_camel_case_types)]
#![allow(non_snake_case)]
#![allow(dead_code)]
#![allow(unsafe_op_in_unsafe_fn)]
#![cfg_attr(rustfmt, rustfmt::skip)]

mod codegen_tests;
pub mod api_helper;

use doodle::prelude::*;
use doodle::try_sub;

/// expected size: 2
/// trait-unready: multiple (2) decoders exist (d#{0, 1})
#[derive(Debug, Copy, Clone)]
pub struct test_arb2 {
a: u8,
b: u8
}

/// d#0
fn Decoder_test_arb2(input: &mut Parser<'_>) -> Result<test_arb2, ParseError> {
Decoder1(input)
}

/// d#1
fn Decoder1(input: &mut Parser<'_>) -> Result<test_arb2, ParseError> {
let a = (Decoder2(input))?;
let b = succ(a);
PResult::Ok(test_arb2 { a, b })
}

/// d#2
fn Decoder2(_input: &mut Parser<'_>) -> Result<u8, ParseError> {
(pred_u8((pred_u8(11u8)).eval()?)).eval()
}





## --u8 absu8 205u8
#![allow(unused_imports)]
#![allow(non_camel_case_types)]
#![allow(non_snake_case)]
#![allow(dead_code)]
#![allow(unsafe_op_in_unsafe_fn)]
#![cfg_attr(rustfmt, rustfmt::skip)]

mod codegen_tests;
pub mod api_helper;

use doodle::prelude::*;
use doodle::try_sub;

/// expected size: 2
/// trait-unready: multiple (2) decoders exist (d#{0, 1})
#[derive(Debug, Copy, Clone)]
pub struct test_arb2 {
a: u8,
b: u8
}

/// d#0
fn Decoder_test_arb2(input: &mut Parser<'_>) -> Result<test_arb2, ParseError> {
Decoder1(input)
}

/// d#1
fn Decoder1(input: &mut Parser<'_>) -> Result<test_arb2, ParseError> {
let a = (Decoder2(input))?;
let b = succ(a);
PResult::Ok(test_arb2 { a, b })
}

/// d#2
fn Decoder2(_input: &mut Parser<'_>) -> Result<u8, ParseError> {
(pred_u8((abs_u8(205u8)).eval()?)).eval()
}





## absu8 absu8 159u8
#![allow(unused_imports)]
#![allow(non_camel_case_types)]
#![allow(non_snake_case)]
#![allow(dead_code)]
#![allow(unsafe_op_in_unsafe_fn)]
#![cfg_attr(rustfmt, rustfmt::skip)]

mod codegen_tests;
pub mod api_helper;

use doodle::prelude::*;
use doodle::try_sub;

/// expected size: 2
/// trait-unready: multiple (2) decoders exist (d#{0, 1})
#[derive(Debug, Copy, Clone)]
pub struct test_arb2 {
a: u8,
b: u8
}

/// d#0
fn Decoder_test_arb2(input: &mut Parser<'_>) -> Result<test_arb2, ParseError> {
Decoder1(input)
}

/// d#1
fn Decoder1(input: &mut Parser<'_>) -> Result<test_arb2, ParseError> {
let a = (Decoder2(input))?;
let b = succ(a);
PResult::Ok(test_arb2 { a, b })
}

/// d#2
fn Decoder2(_input: &mut Parser<'_>) -> Result<u8, ParseError> {
(abs_u8((abs_u8(159u8)).eval()?)).eval()
}





## absu64 absu64 17925125984398823894u64 /u64 (++u64 14915821635058353670u64)
#![allow(unused_imports)]
#![allow(non_camel_case_types)]
#![allow(non_snake_case)]
#![allow(dead_code)]
#![allow(unsafe_op_in_unsafe_fn)]
#![cfg_attr(rustfmt, rustfmt::skip)]

mod codegen_tests;
pub mod api_helper;

use doodle::prelude::*;
use doodle::try_sub;

/// expected size: 16
/// trait-unready: multiple (2) decoders exist (d#{0, 1})
#[derive(Debug, Copy, Clone)]
pub struct test_arb2 {
a: u64,
b: u64
}

/// d#0
fn Decoder_test_arb2(input: &mut Parser<'_>) -> Result<test_arb2, ParseError> {
Decoder1(input)
}

/// d#1
fn Decoder1(input: &mut Parser<'_>) -> Result<test_arb2, ParseError> {
let a = (Decoder2(input))?;
let b = succ(a);
PResult::Ok(test_arb2 { a, b })
}

/// d#2
fn Decoder2(_input: &mut Parser<'_>) -> Result<u64, ParseError> {
(div_u64((abs_u64((abs_u64(17925125984398823894u64)).eval()?)).eval()?, (succ_u64(14915821635058353670u64)).eval()?)).eval()
}





## ++u8 253u8
#![allow(unused_imports)]
#![allow(non_camel_case_types)]
#![allow(non_snake_case)]
#![allow(dead_code)]
#![allow(unsafe_op_in_unsafe_fn)]
#![cfg_attr(rustfmt, rustfmt::skip)]

mod codegen_tests;
pub mod api_helper;

use doodle::prelude::*;
use doodle::try_sub;

/// expected size: 2
/// trait-unready: multiple (2) decoders exist (d#{0, 1})
#[derive(Debug, Copy, Clone)]
pub struct test_arb2 {
a: u8,
b: u8
}

/// d#0
fn Decoder_test_arb2(input: &mut Parser<'_>) -> Result<test_arb2, ParseError> {
Decoder1(input)
}

/// d#1
fn Decoder1(input: &mut Parser<'_>) -> Result<test_arb2, ParseError> {
let a = (Decoder2(input))?;
let b = succ(a);
PResult::Ok(test_arb2 { a, b })
}

/// d#2
fn Decoder2(_input: &mut Parser<'_>) -> Result<u8, ParseError> {
(succ_u8(253u8)).eval()
}





## --u8 207u8
#![allow(unused_imports)]
#![allow(non_camel_case_types)]
#![allow(non_snake_case)]
#![allow(dead_code)]
#![allow(unsafe_op_in_unsafe_fn)]
#![cfg_attr(rustfmt, rustfmt::skip)]

mod codegen_tests;
pub mod api_helper;

use doodle::prelude::*;
use doodle::try_sub;

/// expected size: 2
/// trait-unready: multiple (2) decoders exist (d#{0, 1})
#[derive(Debug, Copy, Clone)]
pub struct test_arb2 {
a: u8,
b: u8
}

/// d#0
fn Decoder_test_arb2(input: &mut Parser<'_>) -> Result<test_arb2, ParseError> {
Decoder1(input)
}

/// d#1
fn Decoder1(input: &mut Parser<'_>) -> Result<test_arb2, ParseError> {
let a = (Decoder2(input))?;
let b = succ(a);
PResult::Ok(test_arb2 { a, b })
}

/// d#2
fn Decoder2(_input: &mut Parser<'_>) -> Result<u8, ParseError> {
(pred_u8(207u8)).eval()
}





## --u8 205u8 -u8 10u8
#![allow(unused_imports)]
#![allow(non_camel_case_types)]
#![allow(non_snake_case)]
#![allow(dead_code)]
#![allow(unsafe_op_in_unsafe_fn)]
#![cfg_attr(rustfmt, rustfmt::skip)]

mod codegen_tests;
pub mod api_helper;

use doodle::prelude::*;
use doodle::try_sub;

/// expected size: 2
/// trait-unready: multiple (2) decoders exist (d#{0, 1})
#[derive(Debug, Copy, Clone)]
pub struct test_arb2 {
a: u8,
b: u8
}

/// d#0
fn Decoder_test_arb2(input: &mut Parser<'_>) -> Result<test_arb2, ParseError> {
Decoder1(input)
}

/// d#1
fn Decoder1(input: &mut Parser<'_>) -> Result<test_arb2, ParseError> {
let a = (Decoder2(input))?;
let b = succ(a);
PResult::Ok(test_arb2 { a, b })
}

/// d#2
fn Decoder2(_input: &mut Parser<'_>) -> Result<u8, ParseError> {
(pred_u8((sub_u8(205u8, 10u8)).eval()?)).eval()
}





## ++u8 140u8 %u8 122u8
#![allow(unused_imports)]
#![allow(non_camel_case_types)]
#![allow(non_snake_case)]
#![allow(dead_code)]
#![allow(unsafe_op_in_unsafe_fn)]
#![cfg_attr(rustfmt, rustfmt::skip)]

mod codegen_tests;
pub mod api_helper;

use doodle::prelude::*;
use doodle::try_sub;

/// expected size: 2
/// trait-unready: multiple (2) decoders exist (d#{0, 1})
#[derive(Debug, Copy, Clone)]
pub struct test_arb2 {
a: u8,
b: u8
}

/// d#0
fn Decoder_test_arb2(input: &mut Parser<'_>) -> Result<test_arb2, ParseError> {
Decoder1(input)
}

/// d#1
fn Decoder1(input: &mut Parser<'_>) -> Result<test_arb2, ParseError> {
let a = (Decoder2(input))?;
let b = succ(a);
PResult::Ok(test_arb2 { a, b })
}

/// d#2
fn Decoder2(_input: &mut Parser<'_>) -> Result<u8, ParseError> {
(succ_u8((rem_u8(140u8, 122u8)).eval()?)).eval()
}





## --u16 --u16 --u16 57083u16
#![allow(unused_imports)]
#![allow(non_camel_case_types)]
#![allow(non_snake_case)]
#![allow(dead_code)]
#![allow(unsafe_op_in_unsafe_fn)]
#![cfg_attr(rustfmt, rustfmt::skip)]

mod codegen_tests;
pub mod api_helper;

use doodle::prelude::*;
use doodle::try_sub;

/// expected size: 4
/// trait-unready: multiple (2) decoders exist (d#{0, 1})
#[derive(Debug, Copy, Clone)]
pub struct test_arb2 {
a: u16,
b: u16
}

/// d#0
fn Decoder_test_arb2(input: &mut Parser<'_>) -> Result<test_arb2, ParseError> {
Decoder1(input)
}

/// d#1
fn Decoder1(input: &mut Parser<'_>) -> Result<test_arb2, ParseError> {
let a = (Decoder2(input))?;
let b = succ(a);
PResult::Ok(test_arb2 { a, b })
}

/// d#2
fn Decoder2(_input: &mut Parser<'_>) -> Result<u16, ParseError> {
(pred_u16((pred_u16((pred_u16(57083u16)).eval()?)).eval()?)).eval()
}





## (93u8 -u8 65u8) /u8 144u8
#![allow(unused_imports)]
#![allow(non_camel_case_types)]
#![allow(non_snake_case)]
#![allow(dead_code)]
#![allow(unsafe_op_in_unsafe_fn)]
#![cfg_attr(rustfmt, rustfmt::skip)]

mod codegen_tests;
pub mod api_helper;

use doodle::prelude::*;
use doodle::try_sub;

/// expected size: 2
/// trait-unready: multiple (2) decoders exist (d#{0, 1})
#[derive(Debug, Copy, Clone)]
pub struct test_arb2 {
a: u8,
b: u8
}

/// d#0
fn Decoder_test_arb2(input: &mut Parser<'_>) -> Result<test_arb2, ParseError> {
Decoder1(input)
}

/// d#1
fn Decoder1(input: &mut Parser<'_>) -> Result<test_arb2, ParseError> {
let a = (Decoder2(input))?;
let b = succ(a);
PResult::Ok(test_arb2 { a, b })
}

/// d#2
fn Decoder2(_input: &mut Parser<'_>) -> Result<u8, ParseError> {
(div_u8((sub_u8(93u8, 65u8)).eval()?, 144u8)).eval()
}





## 21u8
#![allow(unused_imports)]
#![allow(non_camel_case_types)]
#![allow(non_snake_case)]
#![allow(dead_code)]
#![allow(unsafe_op_in_unsafe_fn)]
#![cfg_attr(rustfmt, rustfmt::skip)]

mod codegen_tests;
pub mod api_helper;

use doodle::prelude::*;
use doodle::try_sub;

/// expected size: 2
/// trait-unready: multiple (2) decoders exist (d#{0, 1})
#[derive(Debug, Copy, Clone)]
pub struct test_arb2 {
a: u8,
b: u8
}

/// d#0
fn Decoder_test_arb2(input: &mut Parser<'_>) -> Result<test_arb2, ParseError> {
Decoder1(input)
}

/// d#1
fn Decoder1(input: &mut Parser<'_>) -> Result<test_arb2, ParseError> {
let a = (Decoder2(input))?;
let b = succ(a);
PResult::Ok(test_arb2 { a, b })
}

/// d#2
fn Decoder2(_input: &mut Parser<'_>) -> Result<u8, ParseError> {
PResult::Ok(21u8)
}





## --u64 absu64 absu64 2577181846267468633u64
#![allow(unused_imports)]
#![allow(non_camel_case_types)]
#![allow(non_snake_case)]
#![allow(dead_code)]
#![allow(unsafe_op_in_unsafe_fn)]
#![cfg_attr(rustfmt, rustfmt::skip)]

mod codegen_tests;
pub mod api_helper;

use doodle::prelude::*;
use doodle::try_sub;

/// expected size: 16
/// trait-unready: multiple (2) decoders exist (d#{0, 1})
#[derive(Debug, Copy, Clone)]
pub struct test_arb2 {
a: u64,
b: u64
}

/// d#0
fn Decoder_test_arb2(input: &mut Parser<'_>) -> Result<test_arb2, ParseError> {
Decoder1(input)
}

/// d#1
fn Decoder1(input: &mut Parser<'_>) -> Result<test_arb2, ParseError> {
let a = (Decoder2(input))?;
let b = succ(a);
PResult::Ok(test_arb2 { a, b })
}

/// d#2
fn Decoder2(_input: &mut Parser<'_>) -> Result<u64, ParseError> {
(pred_u64((abs_u64((abs_u64(2577181846267468633u64)).eval()?)).eval()?)).eval()
}





## --u8 221u8
#![allow(unused_imports)]
#![allow(non_camel_case_types)]
#![allow(non_snake_case)]
#![allow(dead_code)]
#![allow(unsafe_op_in_unsafe_fn)]
#![cfg_attr(rustfmt, rustfmt::skip)]

mod codegen_tests;
pub mod api_helper;

use doodle::prelude::*;
use doodle::try_sub;

/// expected size: 2
/// trait-unready: multiple (2) decoders exist (d#{0, 1})
#[derive(Debug, Copy, Clone)]
pub struct test_arb2 {
a: u8,
b: u8
}

/// d#0
fn Decoder_test_arb2(input: &mut Parser<'_>) -> Result<test_arb2, ParseError> {
Decoder1(input)
}

/// d#1
fn Decoder1(input: &mut Parser<'_>) -> Result<test_arb2, ParseError> {
let a = (Decoder2(input))?;
let b = succ(a);
PResult::Ok(test_arb2 { a, b })
}

/// d#2
fn Decoder2(_input: &mut Parser<'_>) -> Result<u8, ParseError> {
(pred_u8(221u8)).eval()
}





## absu16 2761u16
#![allow(unused_imports)]
#![allow(non_camel_case_types)]
#![allow(non_snake_case)]
#![allow(dead_code)]
#![allow(unsafe_op_in_unsafe_fn)]
#![cfg_attr(rustfmt, rustfmt::skip)]

mod codegen_tests;
pub mod api_helper;

use doodle::prelude::*;
use doodle::try_sub;

/// expected size: 4
/// trait-unready: multiple (2) decoders exist (d#{0, 1})
#[derive(Debug, Copy, Clone)]
pub struct test_arb2 {
a: u16,
b: u16
}

/// d#0
fn Decoder_test_arb2(input: &mut Parser<'_>) -> Result<test_arb2, ParseError> {
Decoder1(input)
}

/// d#1
fn Decoder1(input: &mut Parser<'_>) -> Result<test_arb2, ParseError> {
let a = (Decoder2(input))?;
let b = succ(a);
PResult::Ok(test_arb2 { a, b })
}

/// d#2
fn Decoder2(_input: &mut Parser<'_>) -> Result<u16, ParseError> {
(abs_u16(2761u16)).eval()
}





## --u8 absu8 13u8
#![allow(unused_imports)]
#![allow(non_camel_case_types)]
#![allow(non_snake_case)]
#![allow(dead_code)]
#![allow(unsafe_op_in_unsafe_fn)]
#![cfg_attr(rustfmt, rustfmt::skip)]

mod codegen_tests;
pub mod api_helper;

use doodle::prelude::*;
use doodle::try_sub;

/// expected size: 2
/// trait-unready: multiple (2) decoders exist (d#{0, 1})
#[derive(Debug, Copy, Clone)]
pub struct test_arb2 {
a: u8,
b: u8
}

/// d#0
fn Decoder_test_arb2(input: &mut Parser<'_>) -> Result<test_arb2, ParseError> {
Decoder1(input)
}

/// d#1
fn Decoder1(input: &mut Parser<'_>) -> Result<test_arb2, ParseError> {
let a = (Decoder2(input))?;
let b = succ(a);
PResult::Ok(test_arb2 { a, b })
}

/// d#2
fn Decoder2(_input: &mut Parser<'_>) -> Result<u8, ParseError> {
(pred_u8((abs_u8(13u8)).eval()?)).eval()
}





## 23u8 +u8 98u8 /u8 (--u8 207u8)
#![allow(unused_imports)]
#![allow(non_camel_case_types)]
#![allow(non_snake_case)]
#![allow(dead_code)]
#![allow(unsafe_op_in_unsafe_fn)]
#![cfg_attr(rustfmt, rustfmt::skip)]

mod codegen_tests;
pub mod api_helper;

use doodle::prelude::*;
use doodle::try_sub;

/// expected size: 2
/// trait-unready: multiple (2) decoders exist (d#{0, 1})
#[derive(Debug, Copy, Clone)]
pub struct test_arb2 {
a: u8,
b: u8
}

/// d#0
fn Decoder_test_arb2(input: &mut Parser<'_>) -> Result<test_arb2, ParseError> {
Decoder1(input)
}

/// d#1
fn Decoder1(input: &mut Parser<'_>) -> Result<test_arb2, ParseError> {
let a = (Decoder2(input))?;
let b = succ(a);
PResult::Ok(test_arb2 { a, b })
}

/// d#2
fn Decoder2(_input: &mut Parser<'_>) -> Result<u8, ParseError> {
(add_u8(23u8, (div_u8(98u8, (pred_u8(207u8)).eval()?)).eval()?)).eval()
}





## ++u16 ++u16 ++u16 8262u16
#![allow(unused_imports)]
#![allow(non_camel_case_types)]
#![allow(non_snake_case)]
#![allow(dead_code)]
#![allow(unsafe_op_in_unsafe_fn)]
#![cfg_attr(rustfmt, rustfmt::skip)]

mod codegen_tests;
pub mod api_helper;

use doodle::prelude::*;
use doodle::try_sub;

/// expected size: 4
/// trait-unready: multiple (2) decoders exist (d#{0, 1})
#[derive(Debug, Copy, Clone)]
pub struct test_arb2 {
a: u16,
b: u16
}

/// d#0
fn Decoder_test_arb2(input: &mut Parser<'_>) -> Result<test_arb2, ParseError> {
Decoder1(input)
}

/// d#1
fn Decoder1(input: &mut Parser<'_>) -> Result<test_arb2, ParseError> {
let a = (Decoder2(input))?;
let b = succ(a);
PResult::Ok(test_arb2 { a, b })
}

/// d#2
fn Decoder2(_input: &mut Parser<'_>) -> Result<u16, ParseError> {
(succ_u16((succ_u16((succ_u16(8262u16)).eval()?)).eval()?)).eval()
}





## --u64 14639999088829762734u64
#![allow(unused_imports)]
#![allow(non_camel_case_types)]
#![allow(non_snake_case)]
#![allow(dead_code)]
#![allow(unsafe_op_in_unsafe_fn)]
#![cfg_attr(rustfmt, rustfmt::skip)]

mod codegen_tests;
pub mod api_helper;

use doodle::prelude::*;
use doodle::try_sub;

/// expected size: 16
/// trait-unready: multiple (2) decoders exist (d#{0, 1})
#[derive(Debug, Copy, Clone)]
pub struct test_arb2 {
a: u64,
b: u64
}

/// d#0
fn Decoder_test_arb2(input: &mut Parser<'_>) -> Result<test_arb2, ParseError> {
Decoder1(input)
}

/// d#1
fn Decoder1(input: &mut Parser<'_>) -> Result<test_arb2, ParseError> {
let a = (Decoder2(input))?;
let b = succ(a);
PResult::Ok(test_arb2 { a, b })
}

/// d#2
fn Decoder2(_input: &mut Parser<'_>) -> Result<u64, ParseError> {
(pred_u64(14639999088829762734u64)).eval()
}





## absu16 19490u16
#![allow(unused_imports)]
#![allow(non_camel_case_types)]
#![allow(non_snake_case)]
#![allow(dead_code)]
#![allow(unsafe_op_in_unsafe_fn)]
#![cfg_attr(rustfmt, rustfmt::skip)]

mod codegen_tests;
pub mod api_helper;

use doodle::prelude::*;
use doodle::try_sub;

/// expected size: 4
/// trait-unready: multiple (2) decoders exist (d#{0, 1})
#[derive(Debug, Copy, Clone)]
pub struct test_arb2 {
a: u16,
b: u16
}

/// d#0
fn Decoder_test_arb2(input: &mut Parser<'_>) -> Result<test_arb2, ParseError> {
Decoder1(input)
}

/// d#1
fn Decoder1(input: &mut Parser<'_>) -> Result<test_arb2, ParseError> {
let a = (Decoder2(input))?;
let b = succ(a);
PResult::Ok(test_arb2 { a, b })
}

/// d#2
fn Decoder2(_input: &mut Parser<'_>) -> Result<u16, ParseError> {
(abs_u16(19490u16)).eval()
}





## --u16 --u16 absu16 53075u16
#![allow(unused_imports)]
#![allow(non_camel_case_types)]
#![allow(non_snake_case)]
#![allow(dead_code)]
#![allow(unsafe_op_in_unsafe_fn)]
#![cfg_attr(rustfmt, rustfmt::skip)]

mod codegen_tests;
pub mod api_helper;

use doodle::prelude::*;
use doodle::try_sub;

/// expected size: 4
/// trait-unready: multiple (2) decoders exist (d#{0, 1})
#[derive(Debug, Copy, Clone)]
pub struct test_arb2 {
a: u16,
b: u16
}

/// d#0
fn Decoder_test_arb2(input: &mut Parser<'_>) -> Result<test_arb2, ParseError> {
Decoder1(input)
}

/// d#1
fn Decoder1(input: &mut Parser<'_>) -> Result<test_arb2, ParseError> {
let a = (Decoder2(input))?;
let b = succ(a);
PResult::Ok(test_arb2 { a, b })
}

/// d#2
fn Decoder2(_input: &mut Parser<'_>) -> Result<u16, ParseError> {
(pred_u16((pred_u16((abs_u16(53075u16)).eval()?)).eval()?)).eval()
}





## absu8 (166u8 %u8 102u8)
#![allow(unused_imports)]
#![allow(non_camel_case_types)]
#![allow(non_snake_case)]
#![allow(dead_code)]
#![allow(unsafe_op_in_unsafe_fn)]
#![cfg_attr(rustfmt, rustfmt::skip)]

mod codegen_tests;
pub mod api_helper;

use doodle::prelude::*;
use doodle::try_sub;

/// expected size: 2
/// trait-unready: multiple (2) decoders exist (d#{0, 1})
#[derive(Debug, Copy, Clone)]
pub struct test_arb2 {
a: u8,
b: u8
}

/// d#0
fn Decoder_test_arb2(input: &mut Parser<'_>) -> Result<test_arb2, ParseError> {
Decoder1(input)
}

/// d#1
fn Decoder1(input: &mut Parser<'_>) -> Result<test_arb2, ParseError> {
let a = (Decoder2(input))?;
let b = succ(a);
PResult::Ok(test_arb2 { a, b })
}

/// d#2
fn Decoder2(_input: &mut Parser<'_>) -> Result<u8, ParseError> {
(abs_u8((rem_u8(166u8, 102u8)).eval()?)).eval()
}





## absu32 276408123u32
#![allow(unused_imports)]
#![allow(non_camel_case_types)]
#![allow(non_snake_case)]
#![allow(dead_code)]
#![allow(unsafe_op_in_unsafe_fn)]
#![cfg_attr(rustfmt, rustfmt::skip)]

mod codegen_tests;
pub mod api_helper;

use doodle::prelude::*;
use doodle::try_sub;

/// expected size: 8
/// trait-unready: multiple (2) decoders exist (d#{0, 1})
#[derive(Debug, Copy, Clone)]
pub struct test_arb2 {
a: u32,
b: u32
}

/// d#0
fn Decoder_test_arb2(input: &mut Parser<'_>) -> Result<test_arb2, ParseError> {
Decoder1(input)
}

/// d#1
fn Decoder1(input: &mut Parser<'_>) -> Result<test_arb2, ParseError> {
let a = (Decoder2(input))?;
let b = succ(a);
PResult::Ok(test_arb2 { a, b })
}

/// d#2
fn Decoder2(_input: &mut Parser<'_>) -> Result<u32, ParseError> {
(abs_u32(276408123u32)).eval()
}





## 147u8
#![allow(unused_imports)]
#![allow(non_camel_case_types)]
#![allow(non_snake_case)]
#![allow(dead_code)]
#![allow(unsafe_op_in_unsafe_fn)]
#![cfg_attr(rustfmt, rustfmt::skip)]

mod codegen_tests;
pub mod api_helper;

use doodle::prelude::*;
use doodle::try_sub;

/// expected size: 2
/// trait-unready: multiple (2) decoders exist (d#{0, 1})
#[derive(Debug, Copy, Clone)]
pub struct test_arb2 {
a: u8,
b: u8
}

/// d#0
fn Decoder_test_arb2(input: &mut Parser<'_>) -> Result<test_arb2, ParseError> {
Decoder1(input)
}

/// d#1
fn Decoder1(input: &mut Parser<'_>) -> Result<test_arb2, ParseError> {
let a = (Decoder2(input))?;
let b = succ(a);
PResult::Ok(test_arb2 { a, b })
}

/// d#2
fn Decoder2(_input: &mut Parser<'_>) -> Result<u8, ParseError> {
PResult::Ok(147u8)
}





## absu8 ((119u8 +u8 97u8 %u8 172u8) %u8 153u8)
#![allow(unused_imports)]
#![allow(non_camel_case_types)]
#![allow(non_snake_case)]
#![allow(dead_code)]
#![allow(unsafe_op_in_unsafe_fn)]
#![cfg_attr(rustfmt, rustfmt::skip)]

mod codegen_tests;
pub mod api_helper;

use doodle::prelude::*;
use doodle::try_sub;

/// expected size: 2
/// trait-unready: multiple (2) decoders exist (d#{0, 1})
#[derive(Debug, Copy, Clone)]
pub struct test_arb2 {
a: u8,
b: u8
}

/// d#0
fn Decoder_test_arb2(input: &mut Parser<'_>) -> Result<test_arb2, ParseError> {
Decoder1(input)
}

/// d#1
fn Decoder1(input: &mut Parser<'_>) -> Result<test_arb2, ParseError> {
let a = (Decoder2(input))?;
let b = succ(a);
PResult::Ok(test_arb2 { a, b })
}

/// d#2
fn Decoder2(_input: &mut Parser<'_>) -> Result<u8, ParseError> {
(abs_u8((rem_u8((add_u8(119u8, (rem_u8(97u8, 172u8)).eval()?)).eval()?, 153u8)).eval()?)).eval()
}





## absu64 absu64 absu64 11130734855043298496u64
#![allow(unused_imports)]
#![allow(non_camel_case_types)]
#![allow(non_snake_case)]
#![allow(dead_code)]
#![allow(unsafe_op_in_unsafe_fn)]
#![cfg_attr(rustfmt, rustfmt::skip)]

mod codegen_tests;
pub mod api_helper;

use doodle::prelude::*;
use doodle::try_sub;

/// expected size: 16
/// trait-unready: multiple (2) decoders exist (d#{0, 1})
#[derive(Debug, Copy, Clone)]
pub struct test_arb2 {
a: u64,
b: u64
}

/// d#0
fn Decoder_test_arb2(input: &mut Parser<'_>) -> Result<test_arb2, ParseError> {
Decoder1(input)
}

/// d#1
fn Decoder1(input: &mut Parser<'_>) -> Result<test_arb2, ParseError> {
let a = (Decoder2(input))?;
let b = succ(a);
PResult::Ok(test_arb2 { a, b })
}

/// d#2
fn Decoder2(_input: &mut Parser<'_>) -> Result<u64, ParseError> {
(abs_u64((abs_u64((abs_u64(11130734855043298496u64)).eval()?)).eval()?)).eval()
}





## absu64 absu64 (++u64 17523003689963801683u64)
#![allow(unused_imports)]
#![allow(non_camel_case_types)]
#![allow(non_snake_case)]
#![allow(dead_code)]
#![allow(unsafe_op_in_unsafe_fn)]
#![cfg_attr(rustfmt, rustfmt::skip)]

mod codegen_tests;
pub mod api_helper;

use doodle::prelude::*;
use doodle::try_sub;

/// expected size: 16
/// trait-unready: multiple (2) decoders exist (d#{0, 1})
#[derive(Debug, Copy, Clone)]
pub struct test_arb2 {
a: u64,
b: u64
}

/// d#0
fn Decoder_test_arb2(input: &mut Parser<'_>) -> Result<test_arb2, ParseError> {
Decoder1(input)
}

/// d#1
fn Decoder1(input: &mut Parser<'_>) -> Result<test_arb2, ParseError> {
let a = (Decoder2(input))?;
let b = succ(a);
PResult::Ok(test_arb2 { a, b })
}

/// d#2
fn Decoder2(_input: &mut Parser<'_>) -> Result<u64, ParseError> {
(abs_u64((abs_u64((succ_u64(17523003689963801683u64)).eval()?)).eval()?)).eval()
}





## absu16 absu16 7476u16
#![allow(unused_imports)]
#![allow(non_camel_case_types)]
#![allow(non_snake_case)]
#![allow(dead_code)]
#![allow(unsafe_op_in_unsafe_fn)]
#![cfg_attr(rustfmt, rustfmt::skip)]

mod codegen_tests;
pub mod api_helper;

use doodle::prelude::*;
use doodle::try_sub;

/// expected size: 4
/// trait-unready: multiple (2) decoders exist (d#{0, 1})
#[derive(Debug, Copy, Clone)]
pub struct test_arb2 {
a: u16,
b: u16
}

/// d#0
fn Decoder_test_arb2(input: &mut Parser<'_>) -> Result<test_arb2, ParseError> {
Decoder1(input)
}

/// d#1
fn Decoder1(input: &mut Parser<'_>) -> Result<test_arb2, ParseError> {
let a = (Decoder2(input))?;
let b = succ(a);
PResult::Ok(test_arb2 { a, b })
}

/// d#2
fn Decoder2(_input: &mut Parser<'_>) -> Result<u16, ParseError> {
(abs_u16((abs_u16(7476u16)).eval()?)).eval()
}





## absu16 (++u16 627u16)
#![allow(unused_imports)]
#![allow(non_camel_case_types)]
#![allow(non_snake_case)]
#![allow(dead_code)]
#![allow(unsafe_op_in_unsafe_fn)]
#![cfg_attr(rustfmt, rustfmt::skip)]

mod codegen_tests;
pub mod api_helper;

use doodle::prelude::*;
use doodle::try_sub;

/// expected size: 4
/// trait-unready: multiple (2) decoders exist (d#{0, 1})
#[derive(Debug, Copy, Clone)]
pub struct test_arb2 {
a: u16,
b: u16
}

/// d#0
fn Decoder_test_arb2(input: &mut Parser<'_>) -> Result<test_arb2, ParseError> {
Decoder1(input)
}

/// d#1
fn Decoder1(input: &mut Parser<'_>) -> Result<test_arb2, ParseError> {
let a = (Decoder2(input))?;
let b = succ(a);
PResult::Ok(test_arb2 { a, b })
}

/// d#2
fn Decoder2(_input: &mut Parser<'_>) -> Result<u16, ParseError> {
(abs_u16((succ_u16(627u16)).eval()?)).eval()
}





## absu32 (((++u32 3796048267u32) /u8 195300780u32) as u32)
#![allow(unused_imports)]
#![allow(non_camel_case_types)]
#![allow(non_snake_case)]
#![allow(dead_code)]
#![allow(unsafe_op_in_unsafe_fn)]
#![cfg_attr(rustfmt, rustfmt::skip)]

mod codegen_tests;
pub mod api_helper;

use doodle::prelude::*;
use doodle::try_sub;

/// expected size: 8
/// trait-unready: multiple (2) decoders exist (d#{0, 1})
#[derive(Debug, Copy, Clone)]
pub struct test_arb2 {
a: u32,
b: u32
}

/// d#0
fn Decoder_test_arb2(input: &mut Parser<'_>) -> Result<test_arb2, ParseError> {
Decoder1(input)
}

/// d#1
fn Decoder1(input: &mut Parser<'_>) -> Result<test_arb2, ParseError> {
let a = (Decoder2(input))?;
let b = succ(a);
PResult::Ok(test_arb2 { a, b })
}

/// d#2
fn Decoder2(_input: &mut Parser<'_>) -> Result<u32, ParseError> {
(abs_u32((cast_u8_u32((eval_fallback<u32, u32, u8>((succ_u32(3796048267u32)).eval()?, 195300780u32, r#"div_u32_u8"#, |x, y| BigInt::checked_div(x, y))).eval()?)).eval()?)).eval()
}





## 222u8 -u8 155u8
#![allow(unused_imports)]
#![allow(non_camel_case_types)]
#![allow(non_snake_case)]
#![allow(dead_code)]
#![allow(unsafe_op_in_unsafe_fn)]
#![cfg_attr(rustfmt, rustfmt::skip)]

mod codegen_tests;
pub mod api_helper;

use doodle::prelude::*;
use doodle::try_sub;

/// expected size: 2
/// trait-unready: multiple (2) decoders exist (d#{0, 1})
#[derive(Debug, Copy, Clone)]
pub struct test_arb2 {
a: u8,
b: u8
}

/// d#0
fn Decoder_test_arb2(input: &mut Parser<'_>) -> Result<test_arb2, ParseError> {
Decoder1(input)
}

/// d#1
fn Decoder1(input: &mut Parser<'_>) -> Result<test_arb2, ParseError> {
let a = (Decoder2(input))?;
let b = succ(a);
PResult::Ok(test_arb2 { a, b })
}

/// d#2
fn Decoder2(_input: &mut Parser<'_>) -> Result<u8, ParseError> {
(sub_u8(222u8, 155u8)).eval()
}





## absu32 absu32 absu32 (++u32 3719056413u32)
#![allow(unused_imports)]
#![allow(non_camel_case_types)]
#![allow(non_snake_case)]
#![allow(dead_code)]
#![allow(unsafe_op_in_unsafe_fn)]
#![cfg_attr(rustfmt, rustfmt::skip)]

mod codegen_tests;
pub mod api_helper;

use doodle::prelude::*;
use doodle::try_sub;

/// expected size: 8
/// trait-unready: multiple (2) decoders exist (d#{0, 1})
#[derive(Debug, Copy, Clone)]
pub struct test_arb2 {
a: u32,
b: u32
}

/// d#0
fn Decoder_test_arb2(input: &mut Parser<'_>) -> Result<test_arb2, ParseError> {
Decoder1(input)
}

/// d#1
fn Decoder1(input: &mut Parser<'_>) -> Result<test_arb2, ParseError> {
let a = (Decoder2(input))?;
let b = succ(a);
PResult::Ok(test_arb2 { a, b })
}

/// d#2
fn Decoder2(_input: &mut Parser<'_>) -> Result<u32, ParseError> {
(abs_u32((abs_u32((abs_u32((succ_u32(3719056413u32)).eval()?)).eval()?)).eval()?)).eval()
}





## absu16 (--u16 ++u16 38882u16)
#![allow(unused_imports)]
#![allow(non_camel_case_types)]
#![allow(non_snake_case)]
#![allow(dead_code)]
#![allow(unsafe_op_in_unsafe_fn)]
#![cfg_attr(rustfmt, rustfmt::skip)]

mod codegen_tests;
pub mod api_helper;

use doodle::prelude::*;
use doodle::try_sub;

/// expected size: 4
/// trait-unready: multiple (2) decoders exist (d#{0, 1})
#[derive(Debug, Copy, Clone)]
pub struct test_arb2 {
a: u16,
b: u16
}

/// d#0
fn Decoder_test_arb2(input: &mut Parser<'_>) -> Result<test_arb2, ParseError> {
Decoder1(input)
}

/// d#1
fn Decoder1(input: &mut Parser<'_>) -> Result<test_arb2, ParseError> {
let a = (Decoder2(input))?;
let b = succ(a);
PResult::Ok(test_arb2 { a, b })
}

/// d#2
fn Decoder2(_input: &mut Parser<'_>) -> Result<u16, ParseError> {
(abs_u16((pred_u16((succ_u16(38882u16)).eval()?)).eval()?)).eval()
}





## --u8 absu8 (--u8 236u8)
#![allow(unused_imports)]
#![allow(non_camel_case_types)]
#![allow(non_snake_case)]
#![allow(dead_code)]
#![allow(unsafe_op_in_unsafe_fn)]
#![cfg_attr(rustfmt, rustfmt::skip)]

mod codegen_tests;
pub mod api_helper;

use doodle::prelude::*;
use doodle::try_sub;

/// expected size: 2
/// trait-unready: multiple (2) decoders exist (d#{0, 1})
#[derive(Debug, Copy, Clone)]
pub struct test_arb2 {
a: u8,
b: u8
}

/// d#0
fn Decoder_test_arb2(input: &mut Parser<'_>) -> Result<test_arb2, ParseError> {
Decoder1(input)
}

/// d#1
fn Decoder1(input: &mut Parser<'_>) -> Result<test_arb2, ParseError> {
let a = (Decoder2(input))?;
let b = succ(a);
PResult::Ok(test_arb2 { a, b })
}

/// d#2
fn Decoder2(_input: &mut Parser<'_>) -> Result<u8, ParseError> {
(pred_u8((abs_u8((pred_u8(236u8)).eval()?)).eval()?)).eval()
}





## absu8 226u8
#![allow(unused_imports)]
#![allow(non_camel_case_types)]
#![allow(non_snake_case)]
#![allow(dead_code)]
#![allow(unsafe_op_in_unsafe_fn)]
#![cfg_attr(rustfmt, rustfmt::skip)]

mod codegen_tests;
pub mod api_helper;

use doodle::prelude::*;
use doodle::try_sub;

/// expected size: 2
/// trait-unready: multiple (2) decoders exist (d#{0, 1})
#[derive(Debug, Copy, Clone)]
pub struct test_arb2 {
a: u8,
b: u8
}

/// d#0
fn Decoder_test_arb2(input: &mut Parser<'_>) -> Result<test_arb2, ParseError> {
Decoder1(input)
}

/// d#1
fn Decoder1(input: &mut Parser<'_>) -> Result<test_arb2, ParseError> {
let a = (Decoder2(input))?;
let b = succ(a);
PResult::Ok(test_arb2 { a, b })
}

/// d#2
fn Decoder2(_input: &mut Parser<'_>) -> Result<u8, ParseError> {
(abs_u8(226u8)).eval()
}





## 127u8 %u8 249u8
#![allow(unused_imports)]
#![allow(non_camel_case_types)]
#![allow(non_snake_case)]
#![allow(dead_code)]
#![allow(unsafe_op_in_unsafe_fn)]
#![cfg_attr(rustfmt, rustfmt::skip)]

mod codegen_tests;
pub mod api_helper;

use doodle::prelude::*;
use doodle::try_sub;

/// expected size: 2
/// trait-unready: multiple (2) decoders exist (d#{0, 1})
#[derive(Debug, Copy, Clone)]
pub struct test_arb2 {
a: u8,
b: u8
}

/// d#0
fn Decoder_test_arb2(input: &mut Parser<'_>) -> Result<test_arb2, ParseError> {
Decoder1(input)
}

/// d#1
fn Decoder1(input: &mut Parser<'_>) -> Result<test_arb2, ParseError> {
let a = (Decoder2(input))?;
let b = succ(a);
PResult::Ok(test_arb2 { a, b })
}

/// d#2
fn Decoder2(_input: &mut Parser<'_>) -> Result<u8, ParseError> {
(rem_u8(127u8, 249u8)).eval()
}





## ++u32 absu32 2743464194u32
#![allow(unused_imports)]
#![allow(non_camel_case_types)]
#![allow(non_snake_case)]
#![allow(dead_code)]
#![allow(unsafe_op_in_unsafe_fn)]
#![cfg_attr(rustfmt, rustfmt::skip)]

mod codegen_tests;
pub mod api_helper;

use doodle::prelude::*;
use doodle::try_sub;

/// expected size: 8
/// trait-unready: multiple (2) decoders exist (d#{0, 1})
#[derive(Debug, Copy, Clone)]
pub struct test_arb2 {
a: u32,
b: u32
}

/// d#0
fn Decoder_test_arb2(input: &mut Parser<'_>) -> Result<test_arb2, ParseError> {
Decoder1(input)
}

/// d#1
fn Decoder1(input: &mut Parser<'_>) -> Result<test_arb2, ParseError> {
let a = (Decoder2(input))?;
let b = succ(a);
PResult::Ok(test_arb2 { a, b })
}

/// d#2
fn Decoder2(_input: &mut Parser<'_>) -> Result<u32, ParseError> {
(succ_u32((abs_u32(2743464194u32)).eval()?)).eval()
}





## 63008u16
#![allow(unused_imports)]
#![allow(non_camel_case_types)]
#![allow(non_snake_case)]
#![allow(dead_code)]
#![allow(unsafe_op_in_unsafe_fn)]
#![cfg_attr(rustfmt, rustfmt::skip)]

mod codegen_tests;
pub mod api_helper;

use doodle::prelude::*;
use doodle::try_sub;

/// expected size: 4
/// trait-unready: multiple (2) decoders exist (d#{0, 1})
#[derive(Debug, Copy, Clone)]
pub struct test_arb2 {
a: u16,
b: u16
}

/// d#0
fn Decoder_test_arb2(input: &mut Parser<'_>) -> Result<test_arb2, ParseError> {
Decoder1(input)
}

/// d#1
fn Decoder1(input: &mut Parser<'_>) -> Result<test_arb2, ParseError> {
let a = (Decoder2(input))?;
let b = succ(a);
PResult::Ok(test_arb2 { a, b })
}

/// d#2
fn Decoder2(_input: &mut Parser<'_>) -> Result<u16, ParseError> {
PResult::Ok(63008u16)
}





## ++u8 absu8 148u8
#![allow(unused_imports)]
#![allow(non_camel_case_types)]
#![allow(non_snake_case)]
#![allow(dead_code)]
#![allow(unsafe_op_in_unsafe_fn)]
#![cfg_attr(rustfmt, rustfmt::skip)]

mod codegen_tests;
pub mod api_helper;

use doodle::prelude::*;
use doodle::try_sub;

/// expected size: 2
/// trait-unready: multiple (2) decoders exist (d#{0, 1})
#[derive(Debug, Copy, Clone)]
pub struct test_arb2 {
a: u8,
b: u8
}

/// d#0
fn Decoder_test_arb2(input: &mut Parser<'_>) -> Result<test_arb2, ParseError> {
Decoder1(input)
}

/// d#1
fn Decoder1(input: &mut Parser<'_>) -> Result<test_arb2, ParseError> {
let a = (Decoder2(input))?;
let b = succ(a);
PResult::Ok(test_arb2 { a, b })
}

/// d#2
fn Decoder2(_input: &mut Parser<'_>) -> Result<u8, ParseError> {
(succ_u8((abs_u8(148u8)).eval()?)).eval()
}





## 76u8 *u8 absu8 (absu8 11u8 /u8 104u8)
#![allow(unused_imports)]
#![allow(non_camel_case_types)]
#![allow(non_snake_case)]
#![allow(dead_code)]
#![allow(unsafe_op_in_unsafe_fn)]
#![cfg_attr(rustfmt, rustfmt::skip)]

mod codegen_tests;
pub mod api_helper;

use doodle::prelude::*;
use doodle::try_sub;

/// expected size: 2
/// trait-unready: multiple (2) decoders exist (d#{0, 1})
#[derive(Debug, Copy, Clone)]
pub struct test_arb2 {
a: u8,
b: u8
}

/// d#0
fn Decoder_test_arb2(input: &mut Parser<'_>) -> Result<test_arb2, ParseError> {
Decoder1(input)
}

/// d#1
fn Decoder1(input: &mut Parser<'_>) -> Result<test_arb2, ParseError> {
let a = (Decoder2(input))?;
let b = succ(a);
PResult::Ok(test_arb2 { a, b })
}

/// d#2
fn Decoder2(_input: &mut Parser<'_>) -> Result<u8, ParseError> {
(mul_u8(76u8, (abs_u8((div_u8((abs_u8(11u8)).eval()?, 104u8)).eval()?)).eval()?)).eval()
}





## absu8 117u8
#![allow(unused_imports)]
#![allow(non_camel_case_types)]
#![allow(non_snake_case)]
#![allow(dead_code)]
#![allow(unsafe_op_in_unsafe_fn)]
#![cfg_attr(rustfmt, rustfmt::skip)]

mod codegen_tests;
pub mod api_helper;

use doodle::prelude::*;
use doodle::try_sub;

/// expected size: 2
/// trait-unready: multiple (2) decoders exist (d#{0, 1})
#[derive(Debug, Copy, Clone)]
pub struct test_arb2 {
a: u8,
b: u8
}

/// d#0
fn Decoder_test_arb2(input: &mut Parser<'_>) -> Result<test_arb2, ParseError> {
Decoder1(input)
}

/// d#1
fn Decoder1(input: &mut Parser<'_>) -> Result<test_arb2, ParseError> {
let a = (Decoder2(input))?;
let b = succ(a);
PResult::Ok(test_arb2 { a, b })
}

/// d#2
fn Decoder2(_input: &mut Parser<'_>) -> Result<u8, ParseError> {
(abs_u8(117u8)).eval()
}





## absu8 132u8
#![allow(unused_imports)]
#![allow(non_camel_case_types)]
#![allow(non_snake_case)]
#![allow(dead_code)]
#![allow(unsafe_op_in_unsafe_fn)]
#![cfg_attr(rustfmt, rustfmt::skip)]

mod codegen_tests;
pub mod api_helper;

use doodle::prelude::*;
use doodle::try_sub;

/// expected size: 2
/// trait-unready: multiple (2) decoders exist (d#{0, 1})
#[derive(Debug, Copy, Clone)]
pub struct test_arb2 {
a: u8,
b: u8
}

/// d#0
fn Decoder_test_arb2(input: &mut Parser<'_>) -> Result<test_arb2, ParseError> {
Decoder1(input)
}

/// d#1
fn Decoder1(input: &mut Parser<'_>) -> Result<test_arb2, ParseError> {
let a = (Decoder2(input))?;
let b = succ(a);
PResult::Ok(test_arb2 { a, b })
}

/// d#2
fn Decoder2(_input: &mut Parser<'_>) -> Result<u8, ParseError> {
(abs_u8(132u8)).eval()
}





## ++u64 ++u64 228852894634422244u64
#![allow(unused_imports)]
#![allow(non_camel_case_types)]
#![allow(non_snake_case)]
#![allow(dead_code)]
#![allow(unsafe_op_in_unsafe_fn)]
#![cfg_attr(rustfmt, rustfmt::skip)]

mod codegen_tests;
pub mod api_helper;

use doodle::prelude::*;
use doodle::try_sub;

/// expected size: 16
/// trait-unready: multiple (2) decoders exist (d#{0, 1})
#[derive(Debug, Copy, Clone)]
pub struct test_arb2 {
a: u64,
b: u64
}

/// d#0
fn Decoder_test_arb2(input: &mut Parser<'_>) -> Result<test_arb2, ParseError> {
Decoder1(input)
}

/// d#1
fn Decoder1(input: &mut Parser<'_>) -> Result<test_arb2, ParseError> {
let a = (Decoder2(input))?;
let b = succ(a);
PResult::Ok(test_arb2 { a, b })
}

/// d#2
fn Decoder2(_input: &mut Parser<'_>) -> Result<u64, ParseError> {
(succ_u64((succ_u64(228852894634422244u64)).eval()?)).eval()
}





## absu32 (--u32 1931817388u32)
#![allow(unused_imports)]
#![allow(non_camel_case_types)]
#![allow(non_snake_case)]
#![allow(dead_code)]
#![allow(unsafe_op_in_unsafe_fn)]
#![cfg_attr(rustfmt, rustfmt::skip)]

mod codegen_tests;
pub mod api_helper;

use doodle::prelude::*;
use doodle::try_sub;

/// expected size: 8
/// trait-unready: multiple (2) decoders exist (d#{0, 1})
#[derive(Debug, Copy, Clone)]
pub struct test_arb2 {
a: u32,
b: u32
}

/// d#0
fn Decoder_test_arb2(input: &mut Parser<'_>) -> Result<test_arb2, ParseError> {
Decoder1(input)
}

/// d#1
fn Decoder1(input: &mut Parser<'_>) -> Result<test_arb2, ParseError> {
let a = (Decoder2(input))?;
let b = succ(a);
PResult::Ok(test_arb2 { a, b })
}

/// d#2
fn Decoder2(_input: &mut Parser<'_>) -> Result<u32, ParseError> {
(abs_u32((pred_u32(1931817388u32)).eval()?)).eval()
}





## absu8 absu8 237u8
#![allow(unused_imports)]
#![allow(non_camel_case_types)]
#![allow(non_snake_case)]
#![allow(dead_code)]
#![allow(unsafe_op_in_unsafe_fn)]
#![cfg_attr(rustfmt, rustfmt::skip)]

mod codegen_tests;
pub mod api_helper;

use doodle::prelude::*;
use doodle::try_sub;

/// expected size: 2
/// trait-unready: multiple (2) decoders exist (d#{0, 1})
#[derive(Debug, Copy, Clone)]
pub struct test_arb2 {
a: u8,
b: u8
}

/// d#0
fn Decoder_test_arb2(input: &mut Parser<'_>) -> Result<test_arb2, ParseError> {
Decoder1(input)
}

/// d#1
fn Decoder1(input: &mut Parser<'_>) -> Result<test_arb2, ParseError> {
let a = (Decoder2(input))?;
let b = succ(a);
PResult::Ok(test_arb2 { a, b })
}

/// d#2
fn Decoder2(_input: &mut Parser<'_>) -> Result<u8, ParseError> {
(abs_u8((abs_u8(237u8)).eval()?)).eval()
}





## absu16 48980u16
#![allow(unused_imports)]
#![allow(non_camel_case_types)]
#![allow(non_snake_case)]
#![allow(dead_code)]
#![allow(unsafe_op_in_unsafe_fn)]
#![cfg_attr(rustfmt, rustfmt::skip)]

mod codegen_tests;
pub mod api_helper;

use doodle::prelude::*;
use doodle::try_sub;

/// expected size: 4
/// trait-unready: multiple (2) decoders exist (d#{0, 1})
#[derive(Debug, Copy, Clone)]
pub struct test_arb2 {
a: u16,
b: u16
}

/// d#0
fn Decoder_test_arb2(input: &mut Parser<'_>) -> Result<test_arb2, ParseError> {
Decoder1(input)
}

/// d#1
fn Decoder1(input: &mut Parser<'_>) -> Result<test_arb2, ParseError> {
let a = (Decoder2(input))?;
let b = succ(a);
PResult::Ok(test_arb2 { a, b })
}

/// d#2
fn Decoder2(_input: &mut Parser<'_>) -> Result<u16, ParseError> {
(abs_u16(48980u16)).eval()
}





## --u32 1860303032u32
#![allow(unused_imports)]
#![allow(non_camel_case_types)]
#![allow(non_snake_case)]
#![allow(dead_code)]
#![allow(unsafe_op_in_unsafe_fn)]
#![cfg_attr(rustfmt, rustfmt::skip)]

mod codegen_tests;
pub mod api_helper;

use doodle::prelude::*;
use doodle::try_sub;

/// expected size: 8
/// trait-unready: multiple (2) decoders exist (d#{0, 1})
#[derive(Debug, Copy, Clone)]
pub struct test_arb2 {
a: u32,
b: u32
}

/// d#0
fn Decoder_test_arb2(input: &mut Parser<'_>) -> Result<test_arb2, ParseError> {
Decoder1(input)
}

/// d#1
fn Decoder1(input: &mut Parser<'_>) -> Result<test_arb2, ParseError> {
let a = (Decoder2(input))?;
let b = succ(a);
PResult::Ok(test_arb2 { a, b })
}

/// d#2
fn Decoder2(_input: &mut Parser<'_>) -> Result<u32, ParseError> {
(pred_u32(1860303032u32)).eval()
}





## absu8 absu8 109u8
#![allow(unused_imports)]
#![allow(non_camel_case_types)]
#![allow(non_snake_case)]
#![allow(dead_code)]
#![allow(unsafe_op_in_unsafe_fn)]
#![cfg_attr(rustfmt, rustfmt::skip)]

mod codegen_tests;
pub mod api_helper;

use doodle::prelude::*;
use doodle::try_sub;

/// expected size: 2
/// trait-unready: multiple (2) decoders exist (d#{0, 1})
#[derive(Debug, Copy, Clone)]
pub struct test_arb2 {
a: u8,
b: u8
}

/// d#0
fn Decoder_test_arb2(input: &mut Parser<'_>) -> Result<test_arb2, ParseError> {
Decoder1(input)
}

/// d#1
fn Decoder1(input: &mut Parser<'_>) -> Result<test_arb2, ParseError> {
let a = (Decoder2(input))?;
let b = succ(a);
PResult::Ok(test_arb2 { a, b })
}

/// d#2
fn Decoder2(_input: &mut Parser<'_>) -> Result<u8, ParseError> {
(abs_u8((abs_u8(109u8)).eval()?)).eval()
}





## absu16 absu16 65524u16
#![allow(unused_imports)]
#![allow(non_camel_case_types)]
#![allow(non_snake_case)]
#![allow(dead_code)]
#![allow(unsafe_op_in_unsafe_fn)]
#![cfg_attr(rustfmt, rustfmt::skip)]

mod codegen_tests;
pub mod api_helper;

use doodle::prelude::*;
use doodle::try_sub;

/// expected size: 4
/// trait-unready: multiple (2) decoders exist (d#{0, 1})
#[derive(Debug, Copy, Clone)]
pub struct test_arb2 {
a: u16,
b: u16
}

/// d#0
fn Decoder_test_arb2(input: &mut Parser<'_>) -> Result<test_arb2, ParseError> {
Decoder1(input)
}

/// d#1
fn Decoder1(input: &mut Parser<'_>) -> Result<test_arb2, ParseError> {
let a = (Decoder2(input))?;
let b = succ(a);
PResult::Ok(test_arb2 { a, b })
}

/// d#2
fn Decoder2(_input: &mut Parser<'_>) -> Result<u16, ParseError> {
(abs_u16((abs_u16(65524u16)).eval()?)).eval()
}





## absu32 (--u32 absu32 4117073244u32)
#![allow(unused_imports)]
#![allow(non_camel_case_types)]
#![allow(non_snake_case)]
#![allow(dead_code)]
#![allow(unsafe_op_in_unsafe_fn)]
#![cfg_attr(rustfmt, rustfmt::skip)]

mod codegen_tests;
pub mod api_helper;

use doodle::prelude::*;
use doodle::try_sub;

/// expected size: 8
/// trait-unready: multiple (2) decoders exist (d#{0, 1})
#[derive(Debug, Copy, Clone)]
pub struct test_arb2 {
a: u32,
b: u32
}

/// d#0
fn Decoder_test_arb2(input: &mut Parser<'_>) -> Result<test_arb2, ParseError> {
Decoder1(input)
}

/// d#1
fn Decoder1(input: &mut Parser<'_>) -> Result<test_arb2, ParseError> {
let a = (Decoder2(input))?;
let b = succ(a);
PResult::Ok(test_arb2 { a, b })
}

/// d#2
fn Decoder2(_input: &mut Parser<'_>) -> Result<u32, ParseError> {
(abs_u32((pred_u32((abs_u32(4117073244u32)).eval()?)).eval()?)).eval()
}





## absu8 213u8 /u8 190u8
#![allow(unused_imports)]
#![allow(non_camel_case_types)]
#![allow(non_snake_case)]
#![allow(dead_code)]
#![allow(unsafe_op_in_unsafe_fn)]
#![cfg_attr(rustfmt, rustfmt::skip)]

mod codegen_tests;
pub mod api_helper;

use doodle::prelude::*;
use doodle::try_sub;

/// expected size: 2
/// trait-unready: multiple (2) decoders exist (d#{0, 1})
#[derive(Debug, Copy, Clone)]
pub struct test_arb2 {
a: u8,
b: u8
}

/// d#0
fn Decoder_test_arb2(input: &mut Parser<'_>) -> Result<test_arb2, ParseError> {
Decoder1(input)
}

/// d#1
fn Decoder1(input: &mut Parser<'_>) -> Result<test_arb2, ParseError> {
let a = (Decoder2(input))?;
let b = succ(a);
PResult::Ok(test_arb2 { a, b })
}

/// d#2
fn Decoder2(_input: &mut Parser<'_>) -> Result<u8, ParseError> {
(div_u8((abs_u8(213u8)).eval()?, 190u8)).eval()
}





## --u16 (++u16 absu16 3691u16) -u16 2046u16
#![allow(unused_imports)]
#![allow(non_camel_case_types)]
#![allow(non_snake_case)]
#![allow(dead_code)]
#![allow(unsafe_op_in_unsafe_fn)]
#![cfg_attr(rustfmt, rustfmt::skip)]

mod codegen_tests;
pub mod api_helper;

use doodle::prelude::*;
use doodle::try_sub;

/// expected size: 4
/// trait-unready: multiple (2) decoders exist (d#{0, 1})
#[derive(Debug, Copy, Clone)]
pub struct test_arb2 {
a: u16,
b: u16
}

/// d#0
fn Decoder_test_arb2(input: &mut Parser<'_>) -> Result<test_arb2, ParseError> {
Decoder1(input)
}

/// d#1
fn Decoder1(input: &mut Parser<'_>) -> Result<test_arb2, ParseError> {
let a = (Decoder2(input))?;
let b = succ(a);
PResult::Ok(test_arb2 { a, b })
}

/// d#2
fn Decoder2(_input: &mut Parser<'_>) -> Result<u16, ParseError> {
(pred_u16((sub_u16((succ_u16((abs_u16(3691u16)).eval()?)).eval()?, 2046u16)).eval()?)).eval()
}





## absu64 absu64 14328409402894604527u64
#![allow(unused_imports)]
#![allow(non_camel_case_types)]
#![allow(non_snake_case)]
#![allow(dead_code)]
#![allow(unsafe_op_in_unsafe_fn)]
#![cfg_attr(rustfmt, rustfmt::skip)]

mod codegen_tests;
pub mod api_helper;

use doodle::prelude::*;
use doodle::try_sub;

/// expected size: 16
/// trait-unready: multiple (2) decoders exist (d#{0, 1})
#[derive(Debug, Copy, Clone)]
pub struct test_arb2 {
a: u64,
b: u64
}

/// d#0
fn Decoder_test_arb2(input: &mut Parser<'_>) -> Result<test_arb2, ParseError> {
Decoder1(input)
}

/// d#1
fn Decoder1(input: &mut Parser<'_>) -> Result<test_arb2, ParseError> {
let a = (Decoder2(input))?;
let b = succ(a);
PResult::Ok(test_arb2 { a, b })
}

/// d#2
fn Decoder2(_input: &mut Parser<'_>) -> Result<u64, ParseError> {
(abs_u64((abs_u64(14328409402894604527u64)).eval()?)).eval()
}





## absu16 58448u16
#![allow(unused_imports)]
#![allow(non_camel_case_types)]
#![allow(non_snake_case)]
#![allow(dead_code)]
#![allow(unsafe_op_in_unsafe_fn)]
#![cfg_attr(rustfmt, rustfmt::skip)]

mod codegen_tests;
pub mod api_helper;

use doodle::prelude::*;
use doodle::try_sub;

/// expected size: 4
/// trait-unready: multiple (2) decoders exist (d#{0, 1})
#[derive(Debug, Copy, Clone)]
pub struct test_arb2 {
a: u16,
b: u16
}

/// d#0
fn Decoder_test_arb2(input: &mut Parser<'_>) -> Result<test_arb2, ParseError> {
Decoder1(input)
}

/// d#1
fn Decoder1(input: &mut Parser<'_>) -> Result<test_arb2, ParseError> {
let a = (Decoder2(input))?;
let b = succ(a);
PResult::Ok(test_arb2 { a, b })
}

/// d#2
fn Decoder2(_input: &mut Parser<'_>) -> Result<u16, ParseError> {
(abs_u16(58448u16)).eval()
}





## absu64 (++u64 17260263449863833135u64)
#![allow(unused_imports)]
#![allow(non_camel_case_types)]
#![allow(non_snake_case)]
#![allow(dead_code)]
#![allow(unsafe_op_in_unsafe_fn)]
#![cfg_attr(rustfmt, rustfmt::skip)]

mod codegen_tests;
pub mod api_helper;

use doodle::prelude::*;
use doodle::try_sub;

/// expected size: 16
/// trait-unready: multiple (2) decoders exist (d#{0, 1})
#[derive(Debug, Copy, Clone)]
pub struct test_arb2 {
a: u64,
b: u64
}

/// d#0
fn Decoder_test_arb2(input: &mut Parser<'_>) -> Result<test_arb2, ParseError> {
Decoder1(input)
}

/// d#1
fn Decoder1(input: &mut Parser<'_>) -> Result<test_arb2, ParseError> {
let a = (Decoder2(input))?;
let b = succ(a);
PResult::Ok(test_arb2 { a, b })
}

/// d#2
fn Decoder2(_input: &mut Parser<'_>) -> Result<u64, ParseError> {
(abs_u64((succ_u64(17260263449863833135u64)).eval()?)).eval()
}





## absu8 (--u8 ++u8 236u8)
#![allow(unused_imports)]
#![allow(non_camel_case_types)]
#![allow(non_snake_case)]
#![allow(dead_code)]
#![allow(unsafe_op_in_unsafe_fn)]
#![cfg_attr(rustfmt, rustfmt::skip)]

mod codegen_tests;
pub mod api_helper;

use doodle::prelude::*;
use doodle::try_sub;

/// expected size: 2
/// trait-unready: multiple (2) decoders exist (d#{0, 1})
#[derive(Debug, Copy, Clone)]
pub struct test_arb2 {
a: u8,
b: u8
}

/// d#0
fn Decoder_test_arb2(input: &mut Parser<'_>) -> Result<test_arb2, ParseError> {
Decoder1(input)
}

/// d#1
fn Decoder1(input: &mut Parser<'_>) -> Result<test_arb2, ParseError> {
let a = (Decoder2(input))?;
let b = succ(a);
PResult::Ok(test_arb2 { a, b })
}

/// d#2
fn Decoder2(_input: &mut Parser<'_>) -> Result<u8, ParseError> {
(abs_u8((pred_u8((succ_u8(236u8)).eval()?)).eval()?)).eval()
}





## --u16 55246u16
#![allow(unused_imports)]
#![allow(non_camel_case_types)]
#![allow(non_snake_case)]
#![allow(dead_code)]
#![allow(unsafe_op_in_unsafe_fn)]
#![cfg_attr(rustfmt, rustfmt::skip)]

mod codegen_tests;
pub mod api_helper;

use doodle::prelude::*;
use doodle::try_sub;

/// expected size: 4
/// trait-unready: multiple (2) decoders exist (d#{0, 1})
#[derive(Debug, Copy, Clone)]
pub struct test_arb2 {
a: u16,
b: u16
}

/// d#0
fn Decoder_test_arb2(input: &mut Parser<'_>) -> Result<test_arb2, ParseError> {
Decoder1(input)
}

/// d#1
fn Decoder1(input: &mut Parser<'_>) -> Result<test_arb2, ParseError> {
let a = (Decoder2(input))?;
let b = succ(a);
PResult::Ok(test_arb2 { a, b })
}

/// d#2
fn Decoder2(_input: &mut Parser<'_>) -> Result<u16, ParseError> {
(pred_u16(55246u16)).eval()
}





## absu16 (--u16 29081u16)
#![allow(unused_imports)]
#![allow(non_camel_case_types)]
#![allow(non_snake_case)]
#![allow(dead_code)]
#![allow(unsafe_op_in_unsafe_fn)]
#![cfg_attr(rustfmt, rustfmt::skip)]

mod codegen_tests;
pub mod api_helper;

use doodle::prelude::*;
use doodle::try_sub;

/// expected size: 4
/// trait-unready: multiple (2) decoders exist (d#{0, 1})
#[derive(Debug, Copy, Clone)]
pub struct test_arb2 {
a: u16,
b: u16
}

/// d#0
fn Decoder_test_arb2(input: &mut Parser<'_>) -> Result<test_arb2, ParseError> {
Decoder1(input)
}

/// d#1
fn Decoder1(input: &mut Parser<'_>) -> Result<test_arb2, ParseError> {
let a = (Decoder2(input))?;
let b = succ(a);
PResult::Ok(test_arb2 { a, b })
}

/// d#2
fn Decoder2(_input: &mut Parser<'_>) -> Result<u16, ParseError> {
(abs_u16((pred_u16(29081u16)).eval()?)).eval()
}





## (++u8 17u8) %u8 (236u8 -u8 189u8 %u8 34u8)
#![allow(unused_imports)]
#![allow(non_camel_case_types)]
#![allow(non_snake_case)]
#![allow(dead_code)]
#![allow(unsafe_op_in_unsafe_fn)]
#![cfg_attr(rustfmt, rustfmt::skip)]

mod codegen_tests;
pub mod api_helper;

use doodle::prelude::*;
use doodle::try_sub;

/// expected size: 2
/// trait-unready: multiple (2) decoders exist (d#{0, 1})
#[derive(Debug, Copy, Clone)]
pub struct test_arb2 {
a: u8,
b: u8
}

/// d#0
fn Decoder_test_arb2(input: &mut Parser<'_>) -> Result<test_arb2, ParseError> {
Decoder1(input)
}

/// d#1
fn Decoder1(input: &mut Parser<'_>) -> Result<test_arb2, ParseError> {
let a = (Decoder2(input))?;
let b = succ(a);
PResult::Ok(test_arb2 { a, b })
}

/// d#2
fn Decoder2(_input: &mut Parser<'_>) -> Result<u8, ParseError> {
(rem_u8((succ_u8(17u8)).eval()?, (sub_u8(236u8, (rem_u8(189u8, 34u8)).eval()?)).eval()?)).eval()
}





## ++u8 absu8 138u8
#![allow(unused_imports)]
#![allow(non_camel_case_types)]
#![allow(non_snake_case)]
#![allow(dead_code)]
#![allow(unsafe_op_in_unsafe_fn)]
#![cfg_attr(rustfmt, rustfmt::skip)]

mod codegen_tests;
pub mod api_helper;

use doodle::prelude::*;
use doodle::try_sub;

/// expected size: 2
/// trait-unready: multiple (2) decoders exist (d#{0, 1})
#[derive(Debug, Copy, Clone)]
pub struct test_arb2 {
a: u8,
b: u8
}

/// d#0
fn Decoder_test_arb2(input: &mut Parser<'_>) -> Result<test_arb2, ParseError> {
Decoder1(input)
}

/// d#1
fn Decoder1(input: &mut Parser<'_>) -> Result<test_arb2, ParseError> {
let a = (Decoder2(input))?;
let b = succ(a);
PResult::Ok(test_arb2 { a, b })
}

/// d#2
fn Decoder2(_input: &mut Parser<'_>) -> Result<u8, ParseError> {
(succ_u8((abs_u8(138u8)).eval()?)).eval()
}





## (++u16 5726u16) -u16 (++u16 63577u16) /u16 absu16 19732u16
#![allow(unused_imports)]
#![allow(non_camel_case_types)]
#![allow(non_snake_case)]
#![allow(dead_code)]
#![allow(unsafe_op_in_unsafe_fn)]
#![cfg_attr(rustfmt, rustfmt::skip)]

mod codegen_tests;
pub mod api_helper;

use doodle::prelude::*;
use doodle::try_sub;

/// expected size: 4
/// trait-unready: multiple (2) decoders exist (d#{0, 1})
#[derive(Debug, Copy, Clone)]
pub struct test_arb2 {
a: u16,
b: u16
}

/// d#0
fn Decoder_test_arb2(input: &mut Parser<'_>) -> Result<test_arb2, ParseError> {
Decoder1(input)
}

/// d#1
fn Decoder1(input: &mut Parser<'_>) -> Result<test_arb2, ParseError> {
let a = (Decoder2(input))?;
let b = succ(a);
PResult::Ok(test_arb2 { a, b })
}

/// d#2
fn Decoder2(_input: &mut Parser<'_>) -> Result<u16, ParseError> {
(sub_u16((succ_u16(5726u16)).eval()?, (div_u16((succ_u16(63577u16)).eval()?, (abs_u16(19732u16)).eval()?)).eval()?)).eval()
}





## --u8 107u8
#![allow(unused_imports)]
#![allow(non_camel_case_types)]
#![allow(non_snake_case)]
#![allow(dead_code)]
#![allow(unsafe_op_in_unsafe_fn)]
#![cfg_attr(rustfmt, rustfmt::skip)]

mod codegen_tests;
pub mod api_helper;

use doodle::prelude::*;
use doodle::try_sub;

/// expected size: 2
/// trait-unready: multiple (2) decoders exist (d#{0, 1})
#[derive(Debug, Copy, Clone)]
pub struct test_arb2 {
a: u8,
b: u8
}

/// d#0
fn Decoder_test_arb2(input: &mut Parser<'_>) -> Result<test_arb2, ParseError> {
Decoder1(input)
}

/// d#1
fn Decoder1(input: &mut Parser<'_>) -> Result<test_arb2, ParseError> {
let a = (Decoder2(input))?;
let b = succ(a);
PResult::Ok(test_arb2 { a, b })
}

/// d#2
fn Decoder2(_input: &mut Parser<'_>) -> Result<u8, ParseError> {
(pred_u8(107u8)).eval()
}





## ++u8 absu8 82u8
#![allow(unused_imports)]
#![allow(non_camel_case_types)]
#![allow(non_snake_case)]
#![allow(dead_code)]
#![allow(unsafe_op_in_unsafe_fn)]
#![cfg_attr(rustfmt, rustfmt::skip)]

mod codegen_tests;
pub mod api_helper;

use doodle::prelude::*;
use doodle::try_sub;

/// expected size: 2
/// trait-unready: multiple (2) decoders exist (d#{0, 1})
#[derive(Debug, Copy, Clone)]
pub struct test_arb2 {
a: u8,
b: u8
}

/// d#0
fn Decoder_test_arb2(input: &mut Parser<'_>) -> Result<test_arb2, ParseError> {
Decoder1(input)
}

/// d#1
fn Decoder1(input: &mut Parser<'_>) -> Result<test_arb2, ParseError> {
let a = (Decoder2(input))?;
let b = succ(a);
PResult::Ok(test_arb2 { a, b })
}

/// d#2
fn Decoder2(_input: &mut Parser<'_>) -> Result<u8, ParseError> {
(succ_u8((abs_u8(82u8)).eval()?)).eval()
}





## 129u8 /u8 189u8
#![allow(unused_imports)]
#![allow(non_camel_case_types)]
#![allow(non_snake_case)]
#![allow(dead_code)]
#![allow(unsafe_op_in_unsafe_fn)]
#![cfg_attr(rustfmt, rustfmt::skip)]

mod codegen_tests;
pub mod api_helper;

use doodle::prelude::*;
use doodle::try_sub;

/// expected size: 2
/// trait-unready: multiple (2) decoders exist (d#{0, 1})
#[derive(Debug, Copy, Clone)]
pub struct test_arb2 {
a: u8,
b: u8
}

/// d#0
fn Decoder_test_arb2(input: &mut Parser<'_>) -> Result<test_arb2, ParseError> {
Decoder1(input)
}

/// d#1
fn Decoder1(input: &mut Parser<'_>) -> Result<test_arb2, ParseError> {
let a = (Decoder2(input))?;
let b = succ(a);
PResult::Ok(test_arb2 { a, b })
}

/// d#2
fn Decoder2(_input: &mut Parser<'_>) -> Result<u8, ParseError> {
(div_u8(129u8, 189u8)).eval()
}





## 28u8
#![allow(unused_imports)]
#![allow(non_camel_case_types)]
#![allow(non_snake_case)]
#![allow(dead_code)]
#![allow(unsafe_op_in_unsafe_fn)]
#![cfg_attr(rustfmt, rustfmt::skip)]

mod codegen_tests;
pub mod api_helper;

use doodle::prelude::*;
use doodle::try_sub;

/// expected size: 2
/// trait-unready: multiple (2) decoders exist (d#{0, 1})
#[derive(Debug, Copy, Clone)]
pub struct test_arb2 {
a: u8,
b: u8
}

/// d#0
fn Decoder_test_arb2(input: &mut Parser<'_>) -> Result<test_arb2, ParseError> {
Decoder1(input)
}

/// d#1
fn Decoder1(input: &mut Parser<'_>) -> Result<test_arb2, ParseError> {
let a = (Decoder2(input))?;
let b = succ(a);
PResult::Ok(test_arb2 { a, b })
}

/// d#2
fn Decoder2(_input: &mut Parser<'_>) -> Result<u8, ParseError> {
PResult::Ok(28u8)
}





## ((214u8 /u8 189u8) *u8 238u8) %u8 absu8 absu8 117u8
#![allow(unused_imports)]
#![allow(non_camel_case_types)]
#![allow(non_snake_case)]
#![allow(dead_code)]
#![allow(unsafe_op_in_unsafe_fn)]
#![cfg_attr(rustfmt, rustfmt::skip)]

mod codegen_tests;
pub mod api_helper;

use doodle::prelude::*;
use doodle::try_sub;

/// expected size: 2
/// trait-unready: multiple (2) decoders exist (d#{0, 1})
#[derive(Debug, Copy, Clone)]
pub struct test_arb2 {
a: u8,
b: u8
}

/// d#0
fn Decoder_test_arb2(input: &mut Parser<'_>) -> Result<test_arb2, ParseError> {
Decoder1(input)
}

/// d#1
fn Decoder1(input: &mut Parser<'_>) -> Result<test_arb2, ParseError> {
let a = (Decoder2(input))?;
let b = succ(a);
PResult::Ok(test_arb2 { a, b })
}

/// d#2
fn Decoder2(_input: &mut Parser<'_>) -> Result<u8, ParseError> {
(rem_u8((mul_u8((div_u8(214u8, 189u8)).eval()?, 238u8)).eval()?, (abs_u8((abs_u8(117u8)).eval()?)).eval()?)).eval()
}





## absu8 absu8 170u8
#![allow(unused_imports)]
#![allow(non_camel_case_types)]
#![allow(non_snake_case)]
#![allow(dead_code)]
#![allow(unsafe_op_in_unsafe_fn)]
#![cfg_attr(rustfmt, rustfmt::skip)]

mod codegen_tests;
pub mod api_helper;

use doodle::prelude::*;
use doodle::try_sub;

/// expected size: 2
/// trait-unready: multiple (2) decoders exist (d#{0, 1})
#[derive(Debug, Copy, Clone)]
pub struct test_arb2 {
a: u8,
b: u8
}

/// d#0
fn Decoder_test_arb2(input: &mut Parser<'_>) -> Result<test_arb2, ParseError> {
Decoder1(input)
}

/// d#1
fn Decoder1(input: &mut Parser<'_>) -> Result<test_arb2, ParseError> {
let a = (Decoder2(input))?;
let b = succ(a);
PResult::Ok(test_arb2 { a, b })
}

/// d#2
fn Decoder2(_input: &mut Parser<'_>) -> Result<u8, ParseError> {
(abs_u8((abs_u8(170u8)).eval()?)).eval()
}





## 202u8 %u8 169u8
#![allow(unused_imports)]
#![allow(non_camel_case_types)]
#![allow(non_snake_case)]
#![allow(dead_code)]
#![allow(unsafe_op_in_unsafe_fn)]
#![cfg_attr(rustfmt, rustfmt::skip)]

mod codegen_tests;
pub mod api_helper;

use doodle::prelude::*;
use doodle::try_sub;

/// expected size: 2
/// trait-unready: multiple (2) decoders exist (d#{0, 1})
#[derive(Debug, Copy, Clone)]
pub struct test_arb2 {
a: u8,
b: u8
}

/// d#0
fn Decoder_test_arb2(input: &mut Parser<'_>) -> Result<test_arb2, ParseError> {
Decoder1(input)
}

/// d#1
fn Decoder1(input: &mut Parser<'_>) -> Result<test_arb2, ParseError> {
let a = (Decoder2(input))?;
let b = succ(a);
PResult::Ok(test_arb2 { a, b })
}

/// d#2
fn Decoder2(_input: &mut Parser<'_>) -> Result<u8, ParseError> {
(rem_u8(202u8, 169u8)).eval()
}





## absu8 absu8 251u8 *u8 (246u8 /u8 168u8)
#![allow(unused_imports)]
#![allow(non_camel_case_types)]
#![allow(non_snake_case)]
#![allow(dead_code)]
#![allow(unsafe_op_in_unsafe_fn)]
#![cfg_attr(rustfmt, rustfmt::skip)]

mod codegen_tests;
pub mod api_helper;

use doodle::prelude::*;
use doodle::try_sub;

/// expected size: 2
/// trait-unready: multiple (2) decoders exist (d#{0, 1})
#[derive(Debug, Copy, Clone)]
pub struct test_arb2 {
a: u8,
b: u8
}

/// d#0
fn Decoder_test_arb2(input: &mut Parser<'_>) -> Result<test_arb2, ParseError> {
Decoder1(input)
}

/// d#1
fn Decoder1(input: &mut Parser<'_>) -> Result<test_arb2, ParseError> {
let a = (Decoder2(input))?;
let b = succ(a);
PResult::Ok(test_arb2 { a, b })
}

/// d#2
fn Decoder2(_input: &mut Parser<'_>) -> Result<u8, ParseError> {
(mul_u8((abs_u8((abs_u8(251u8)).eval()?)).eval()?, (div_u8(246u8, 168u8)).eval()?)).eval()
}





## --u16 ++u16 35315u16
#![allow(unused_imports)]
#![allow(non_camel_case_types)]
#![allow(non_snake_case)]
#![allow(dead_code)]
#![allow(unsafe_op_in_unsafe_fn)]
#![cfg_attr(rustfmt, rustfmt::skip)]

mod codegen_tests;
pub mod api_helper;

use doodle::prelude::*;
use doodle::try_sub;

/// expected size: 4
/// trait-unready: multiple (2) decoders exist (d#{0, 1})
#[derive(Debug, Copy, Clone)]
pub struct test_arb2 {
a: u16,
b: u16
}

/// d#0
fn Decoder_test_arb2(input: &mut Parser<'_>) -> Result<test_arb2, ParseError> {
Decoder1(input)
}

/// d#1
fn Decoder1(input: &mut Parser<'_>) -> Result<test_arb2, ParseError> {
let a = (Decoder2(input))?;
let b = succ(a);
PResult::Ok(test_arb2 { a, b })
}

/// d#2
fn Decoder2(_input: &mut Parser<'_>) -> Result<u16, ParseError> {
(pred_u16((succ_u16(35315u16)).eval()?)).eval()
}





## 218u8 %u8 absu8 181u8
#![allow(unused_imports)]
#![allow(non_camel_case_types)]
#![allow(non_snake_case)]
#![allow(dead_code)]
#![allow(unsafe_op_in_unsafe_fn)]
#![cfg_attr(rustfmt, rustfmt::skip)]

mod codegen_tests;
pub mod api_helper;

use doodle::prelude::*;
use doodle::try_sub;

/// expected size: 2
/// trait-unready: multiple (2) decoders exist (d#{0, 1})
#[derive(Debug, Copy, Clone)]
pub struct test_arb2 {
a: u8,
b: u8
}

/// d#0
fn Decoder_test_arb2(input: &mut Parser<'_>) -> Result<test_arb2, ParseError> {
Decoder1(input)
}

/// d#1
fn Decoder1(input: &mut Parser<'_>) -> Result<test_arb2, ParseError> {
let a = (Decoder2(input))?;
let b = succ(a);
PResult::Ok(test_arb2 { a, b })
}

/// d#2
fn Decoder2(_input: &mut Parser<'_>) -> Result<u8, ParseError> {
(rem_u8(218u8, (abs_u8(181u8)).eval()?)).eval()
}





## absu32 632887499u32
#![allow(unused_imports)]
#![allow(non_camel_case_types)]
#![allow(non_snake_case)]
#![allow(dead_code)]
#![allow(unsafe_op_in_unsafe_fn)]
#![cfg_attr(rustfmt, rustfmt::skip)]

mod codegen_tests;
pub mod api_helper;

use doodle::prelude::*;
use doodle::try_sub;

/// expected size: 8
/// trait-unready: multiple (2) decoders exist (d#{0, 1})
#[derive(Debug, Copy, Clone)]
pub struct test_arb2 {
a: u32,
b: u32
}

/// d#0
fn Decoder_test_arb2(input: &mut Parser<'_>) -> Result<test_arb2, ParseError> {
Decoder1(input)
}

/// d#1
fn Decoder1(input: &mut Parser<'_>) -> Result<test_arb2, ParseError> {
let a = (Decoder2(input))?;
let b = succ(a);
PResult::Ok(test_arb2 { a, b })
}

/// d#2
fn Decoder2(_input: &mut Parser<'_>) -> Result<u32, ParseError> {
(abs_u32(632887499u32)).eval()
}





## ++u16 absu16 54797u16
#![allow(unused_imports)]
#![allow(non_camel_case_types)]
#![allow(non_snake_case)]
#![allow(dead_code)]
#![allow(unsafe_op_in_unsafe_fn)]
#![cfg_attr(rustfmt, rustfmt::skip)]

mod codegen_tests;
pub mod api_helper;

use doodle::prelude::*;
use doodle::try_sub;

/// expected size: 4
/// trait-unready: multiple (2) decoders exist (d#{0, 1})
#[derive(Debug, Copy, Clone)]
pub struct test_arb2 {
a: u16,
b: u16
}

/// d#0
fn Decoder_test_arb2(input: &mut Parser<'_>) -> Result<test_arb2, ParseError> {
Decoder1(input)
}

/// d#1
fn Decoder1(input: &mut Parser<'_>) -> Result<test_arb2, ParseError> {
let a = (Decoder2(input))?;
let b = succ(a);
PResult::Ok(test_arb2 { a, b })
}

/// d#2
fn Decoder2(_input: &mut Parser<'_>) -> Result<u16, ParseError> {
(succ_u16((abs_u16(54797u16)).eval()?)).eval()
}





## --u64 --u64 absu64 absu64 12754791666427838327u64
#![allow(unused_imports)]
#![allow(non_camel_case_types)]
#![allow(non_snake_case)]
#![allow(dead_code)]
#![allow(unsafe_op_in_unsafe_fn)]
#![cfg_attr(rustfmt, rustfmt::skip)]

mod codegen_tests;
pub mod api_helper;

use doodle::prelude::*;
use doodle::try_sub;

/// expected size: 16
/// trait-unready: multiple (2) decoders exist (d#{0, 1})
#[derive(Debug, Copy, Clone)]
pub struct test_arb2 {
a: u64,
b: u64
}

/// d#0
fn Decoder_test_arb2(input: &mut Parser<'_>) -> Result<test_arb2, ParseError> {
Decoder1(input)
}

/// d#1
fn Decoder1(input: &mut Parser<'_>) -> Result<test_arb2, ParseError> {
let a = (Decoder2(input))?;
let b = succ(a);
PResult::Ok(test_arb2 { a, b })
}

/// d#2
fn Decoder2(_input: &mut Parser<'_>) -> Result<u64, ParseError> {
(pred_u64((pred_u64((abs_u64((abs_u64(12754791666427838327u64)).eval()?)).eval()?)).eval()?)).eval()
}





## 71u8
#![allow(unused_imports)]
#![allow(non_camel_case_types)]
#![allow(non_snake_case)]
#![allow(dead_code)]
#![allow(unsafe_op_in_unsafe_fn)]
#![cfg_attr(rustfmt, rustfmt::skip)]

mod codegen_tests;
pub mod api_helper;

use doodle::prelude::*;
use doodle::try_sub;

/// expected size: 2
/// trait-unready: multiple (2) decoders exist (d#{0, 1})
#[derive(Debug, Copy, Clone)]
pub struct test_arb2 {
a: u8,
b: u8
}

/// d#0
fn Decoder_test_arb2(input: &mut Parser<'_>) -> Result<test_arb2, ParseError> {
Decoder1(input)
}

/// d#1
fn Decoder1(input: &mut Parser<'_>) -> Result<test_arb2, ParseError> {
let a = (Decoder2(input))?;
let b = succ(a);
PResult::Ok(test_arb2 { a, b })
}

/// d#2
fn Decoder2(_input: &mut Parser<'_>) -> Result<u8, ParseError> {
PResult::Ok(71u8)
}





## ++u32 absu32 absu32 3665673727u32
#![allow(unused_imports)]
#![allow(non_camel_case_types)]
#![allow(non_snake_case)]
#![allow(dead_code)]
#![allow(unsafe_op_in_unsafe_fn)]
#![cfg_attr(rustfmt, rustfmt::skip)]

mod codegen_tests;
pub mod api_helper;

use doodle::prelude::*;
use doodle::try_sub;

/// expected size: 8
/// trait-unready: multiple (2) decoders exist (d#{0, 1})
#[derive(Debug, Copy, Clone)]
pub struct test_arb2 {
a: u32,
b: u32
}

/// d#0
fn Decoder_test_arb2(input: &mut Parser<'_>) -> Result<test_arb2, ParseError> {
Decoder1(input)
}

/// d#1
fn Decoder1(input: &mut Parser<'_>) -> Result<test_arb2, ParseError> {
let a = (Decoder2(input))?;
let b = succ(a);
PResult::Ok(test_arb2 { a, b })
}

/// d#2
fn Decoder2(_input: &mut Parser<'_>) -> Result<u32, ParseError> {
(succ_u32((abs_u32((abs_u32(3665673727u32)).eval()?)).eval()?)).eval()
}





## ++u16 37718u16
#![allow(unused_imports)]
#![allow(non_camel_case_types)]
#![allow(non_snake_case)]
#![allow(dead_code)]
#![allow(unsafe_op_in_unsafe_fn)]
#![cfg_attr(rustfmt, rustfmt::skip)]

mod codegen_tests;
pub mod api_helper;

use doodle::prelude::*;
use doodle::try_sub;

/// expected size: 4
/// trait-unready: multiple (2) decoders exist (d#{0, 1})
#[derive(Debug, Copy, Clone)]
pub struct test_arb2 {
a: u16,
b: u16
}

/// d#0
fn Decoder_test_arb2(input: &mut Parser<'_>) -> Result<test_arb2, ParseError> {
Decoder1(input)
}

/// d#1
fn Decoder1(input: &mut Parser<'_>) -> Result<test_arb2, ParseError> {
let a = (Decoder2(input))?;
let b = succ(a);
PResult::Ok(test_arb2 { a, b })
}

/// d#2
fn Decoder2(_input: &mut Parser<'_>) -> Result<u16, ParseError> {
(succ_u16(37718u16)).eval()
}





## absu32 2675237225u32
#![allow(unused_imports)]
#![allow(non_camel_case_types)]
#![allow(non_snake_case)]
#![allow(dead_code)]
#![allow(unsafe_op_in_unsafe_fn)]
#![cfg_attr(rustfmt, rustfmt::skip)]

mod codegen_tests;
pub mod api_helper;

use doodle::prelude::*;
use doodle::try_sub;

/// expected size: 8
/// trait-unready: multiple (2) decoders exist (d#{0, 1})
#[derive(Debug, Copy, Clone)]
pub struct test_arb2 {
a: u32,
b: u32
}

/// d#0
fn Decoder_test_arb2(input: &mut Parser<'_>) -> Result<test_arb2, ParseError> {
Decoder1(input)
}

/// d#1
fn Decoder1(input: &mut Parser<'_>) -> Result<test_arb2, ParseError> {
let a = (Decoder2(input))?;
let b = succ(a);
PResult::Ok(test_arb2 { a, b })
}

/// d#2
fn Decoder2(_input: &mut Parser<'_>) -> Result<u32, ParseError> {
(abs_u32(2675237225u32)).eval()
}





## --u8 absu8 45u8
#![allow(unused_imports)]
#![allow(non_camel_case_types)]
#![allow(non_snake_case)]
#![allow(dead_code)]
#![allow(unsafe_op_in_unsafe_fn)]
#![cfg_attr(rustfmt, rustfmt::skip)]

mod codegen_tests;
pub mod api_helper;

use doodle::prelude::*;
use doodle::try_sub;

/// expected size: 2
/// trait-unready: multiple (2) decoders exist (d#{0, 1})
#[derive(Debug, Copy, Clone)]
pub struct test_arb2 {
a: u8,
b: u8
}

/// d#0
fn Decoder_test_arb2(input: &mut Parser<'_>) -> Result<test_arb2, ParseError> {
Decoder1(input)
}

/// d#1
fn Decoder1(input: &mut Parser<'_>) -> Result<test_arb2, ParseError> {
let a = (Decoder2(input))?;
let b = succ(a);
PResult::Ok(test_arb2 { a, b })
}

/// d#2
fn Decoder2(_input: &mut Parser<'_>) -> Result<u8, ParseError> {
(pred_u8((abs_u8(45u8)).eval()?)).eval()
}





## ++u8 ++u8 190u8 +u8 6u8
#![allow(unused_imports)]
#![allow(non_camel_case_types)]
#![allow(non_snake_case)]
#![allow(dead_code)]
#![allow(unsafe_op_in_unsafe_fn)]
#![cfg_attr(rustfmt, rustfmt::skip)]

mod codegen_tests;
pub mod api_helper;

use doodle::prelude::*;
use doodle::try_sub;

/// expected size: 2
/// trait-unready: multiple (2) decoders exist (d#{0, 1})
#[derive(Debug, Copy, Clone)]
pub struct test_arb2 {
a: u8,
b: u8
}

/// d#0
fn Decoder_test_arb2(input: &mut Parser<'_>) -> Result<test_arb2, ParseError> {
Decoder1(input)
}

/// d#1
fn Decoder1(input: &mut Parser<'_>) -> Result<test_arb2, ParseError> {
let a = (Decoder2(input))?;
let b = succ(a);
PResult::Ok(test_arb2 { a, b })
}

/// d#2
fn Decoder2(_input: &mut Parser<'_>) -> Result<u8, ParseError> {
(succ_u8((succ_u8((add_u8(190u8, 6u8)).eval()?)).eval()?)).eval()
}





## 32u8 %u8 absu8 24u8
#![allow(unused_imports)]
#![allow(non_camel_case_types)]
#![allow(non_snake_case)]
#![allow(dead_code)]
#![allow(unsafe_op_in_unsafe_fn)]
#![cfg_attr(rustfmt, rustfmt::skip)]

mod codegen_tests;
pub mod api_helper;

use doodle::prelude::*;
use doodle::try_sub;

/// expected size: 2
/// trait-unready: multiple (2) decoders exist (d#{0, 1})
#[derive(Debug, Copy, Clone)]
pub struct test_arb2 {
a: u8,
b: u8
}

/// d#0
fn Decoder_test_arb2(input: &mut Parser<'_>) -> Result<test_arb2, ParseError> {
Decoder1(input)
}

/// d#1
fn Decoder1(input: &mut Parser<'_>) -> Result<test_arb2, ParseError> {
let a = (Decoder2(input))?;
let b = succ(a);
PResult::Ok(test_arb2 { a, b })
}

/// d#2
fn Decoder2(_input: &mut Parser<'_>) -> Result<u8, ParseError> {
(rem_u8(32u8, (abs_u8(24u8)).eval()?)).eval()
}





## --u16 absu16 32730u16
#![allow(unused_imports)]
#![allow(non_camel_case_types)]
#![allow(non_snake_case)]
#![allow(dead_code)]
#![allow(unsafe_op_in_unsafe_fn)]
#![cfg_attr(rustfmt, rustfmt::skip)]

mod codegen_tests;
pub mod api_helper;

use doodle::prelude::*;
use doodle::try_sub;

/// expected size: 4
/// trait-unready: multiple (2) decoders exist (d#{0, 1})
#[derive(Debug, Copy, Clone)]
pub struct test_arb2 {
a: u16,
b: u16
}

/// d#0
fn Decoder_test_arb2(input: &mut Parser<'_>) -> Result<test_arb2, ParseError> {
Decoder1(input)
}

/// d#1
fn Decoder1(input: &mut Parser<'_>) -> Result<test_arb2, ParseError> {
let a = (Decoder2(input))?;
let b = succ(a);
PResult::Ok(test_arb2 { a, b })
}

/// d#2
fn Decoder2(_input: &mut Parser<'_>) -> Result<u16, ParseError> {
(pred_u16((abs_u16(32730u16)).eval()?)).eval()
}





## absu64 (++u64 14219134934418576168u64)
#![allow(unused_imports)]
#![allow(non_camel_case_types)]
#![allow(non_snake_case)]
#![allow(dead_code)]
#![allow(unsafe_op_in_unsafe_fn)]
#![cfg_attr(rustfmt, rustfmt::skip)]

mod codegen_tests;
pub mod api_helper;

use doodle::prelude::*;
use doodle::try_sub;

/// expected size: 16
/// trait-unready: multiple (2) decoders exist (d#{0, 1})
#[derive(Debug, Copy, Clone)]
pub struct test_arb2 {
a: u64,
b: u64
}

/// d#0
fn Decoder_test_arb2(input: &mut Parser<'_>) -> Result<test_arb2, ParseError> {
Decoder1(input)
}

/// d#1
fn Decoder1(input: &mut Parser<'_>) -> Result<test_arb2, ParseError> {
let a = (Decoder2(input))?;
let b = succ(a);
PResult::Ok(test_arb2 { a, b })
}

/// d#2
fn Decoder2(_input: &mut Parser<'_>) -> Result<u64, ParseError> {
(abs_u64((succ_u64(14219134934418576168u64)).eval()?)).eval()
}





## ++u8 ++u8 179u8
#![allow(unused_imports)]
#![allow(non_camel_case_types)]
#![allow(non_snake_case)]
#![allow(dead_code)]
#![allow(unsafe_op_in_unsafe_fn)]
#![cfg_attr(rustfmt, rustfmt::skip)]

mod codegen_tests;
pub mod api_helper;

use doodle::prelude::*;
use doodle::try_sub;

/// expected size: 2
/// trait-unready: multiple (2) decoders exist (d#{0, 1})
#[derive(Debug, Copy, Clone)]
pub struct test_arb2 {
a: u8,
b: u8
}

/// d#0
fn Decoder_test_arb2(input: &mut Parser<'_>) -> Result<test_arb2, ParseError> {
Decoder1(input)
}

/// d#1
fn Decoder1(input: &mut Parser<'_>) -> Result<test_arb2, ParseError> {
let a = (Decoder2(input))?;
let b = succ(a);
PResult::Ok(test_arb2 { a, b })
}

/// d#2
fn Decoder2(_input: &mut Parser<'_>) -> Result<u8, ParseError> {
(succ_u8((succ_u8(179u8)).eval()?)).eval()
}





## ++u8 20u8
#![allow(unused_imports)]
#![allow(non_camel_case_types)]
#![allow(non_snake_case)]
#![allow(dead_code)]
#![allow(unsafe_op_in_unsafe_fn)]
#![cfg_attr(rustfmt, rustfmt::skip)]

mod codegen_tests;
pub mod api_helper;

use doodle::prelude::*;
use doodle::try_sub;

/// expected size: 2
/// trait-unready: multiple (2) decoders exist (d#{0, 1})
#[derive(Debug, Copy, Clone)]
pub struct test_arb2 {
a: u8,
b: u8
}

/// d#0
fn Decoder_test_arb2(input: &mut Parser<'_>) -> Result<test_arb2, ParseError> {
Decoder1(input)
}

/// d#1
fn Decoder1(input: &mut Parser<'_>) -> Result<test_arb2, ParseError> {
let a = (Decoder2(input))?;
let b = succ(a);
PResult::Ok(test_arb2 { a, b })
}

/// d#2
fn Decoder2(_input: &mut Parser<'_>) -> Result<u8, ParseError> {
(succ_u8(20u8)).eval()
}





## --u8 6u8 /u8 (--u8 218u8) +u8 126u8
#![allow(unused_imports)]
#![allow(non_camel_case_types)]
#![allow(non_snake_case)]
#![allow(dead_code)]
#![allow(unsafe_op_in_unsafe_fn)]
#![cfg_attr(rustfmt, rustfmt::skip)]

mod codegen_tests;
pub mod api_helper;

use doodle::prelude::*;
use doodle::try_sub;

/// expected size: 2
/// trait-unready: multiple (2) decoders exist (d#{0, 1})
#[derive(Debug, Copy, Clone)]
pub struct test_arb2 {
a: u8,
b: u8
}

/// d#0
fn Decoder_test_arb2(input: &mut Parser<'_>) -> Result<test_arb2, ParseError> {
Decoder1(input)
}

/// d#1
fn Decoder1(input: &mut Parser<'_>) -> Result<test_arb2, ParseError> {
let a = (Decoder2(input))?;
let b = succ(a);
PResult::Ok(test_arb2 { a, b })
}

/// d#2
fn Decoder2(_input: &mut Parser<'_>) -> Result<u8, ParseError> {
(pred_u8((add_u8((div_u8(6u8, (pred_u8(218u8)).eval()?)).eval()?, 126u8)).eval()?)).eval()
}





## 33796u16
#![allow(unused_imports)]
#![allow(non_camel_case_types)]
#![allow(non_snake_case)]
#![allow(dead_code)]
#![allow(unsafe_op_in_unsafe_fn)]
#![cfg_attr(rustfmt, rustfmt::skip)]

mod codegen_tests;
pub mod api_helper;

use doodle::prelude::*;
use doodle::try_sub;

/// expected size: 4
/// trait-unready: multiple (2) decoders exist (d#{0, 1})
#[derive(Debug, Copy, Clone)]
pub struct test_arb2 {
a: u16,
b: u16
}

/// d#0
fn Decoder_test_arb2(input: &mut Parser<'_>) -> Result<test_arb2, ParseError> {
Decoder1(input)
}

/// d#1
fn Decoder1(input: &mut Parser<'_>) -> Result<test_arb2, ParseError> {
let a = (Decoder2(input))?;
let b = succ(a);
PResult::Ok(test_arb2 { a, b })
}

/// d#2
fn Decoder2(_input: &mut Parser<'_>) -> Result<u16, ParseError> {
PResult::Ok(33796u16)
}





## absu32 absu32 195487786u32
#![allow(unused_imports)]
#![allow(non_camel_case_types)]
#![allow(non_snake_case)]
#![allow(dead_code)]
#![allow(unsafe_op_in_unsafe_fn)]
#![cfg_attr(rustfmt, rustfmt::skip)]

mod codegen_tests;
pub mod api_helper;

use doodle::prelude::*;
use doodle::try_sub;

/// expected size: 8
/// trait-unready: multiple (2) decoders exist (d#{0, 1})
#[derive(Debug, Copy, Clone)]
pub struct test_arb2 {
a: u32,
b: u32
}

/// d#0
fn Decoder_test_arb2(input: &mut Parser<'_>) -> Result<test_arb2, ParseError> {
Decoder1(input)
}

/// d#1
fn Decoder1(input: &mut Parser<'_>) -> Result<test_arb2, ParseError> {
let a = (Decoder2(input))?;
let b = succ(a);
PResult::Ok(test_arb2 { a, b })
}

/// d#2
fn Decoder2(_input: &mut Parser<'_>) -> Result<u32, ParseError> {
(abs_u32((abs_u32(195487786u32)).eval()?)).eval()
}





## ++u16 absu16 absu16 8411u16
#![allow(unused_imports)]
#![allow(non_camel_case_types)]
#![allow(non_snake_case)]
#![allow(dead_code)]
#![allow(unsafe_op_in_unsafe_fn)]
#![cfg_attr(rustfmt, rustfmt::skip)]

mod codegen_tests;
pub mod api_helper;

use doodle::prelude::*;
use doodle::try_sub;

/// expected size: 4
/// trait-unready: multiple (2) decoders exist (d#{0, 1})
#[derive(Debug, Copy, Clone)]
pub struct test_arb2 {
a: u16,
b: u16
}

/// d#0
fn Decoder_test_arb2(input: &mut Parser<'_>) -> Result<test_arb2, ParseError> {
Decoder1(input)
}

/// d#1
fn Decoder1(input: &mut Parser<'_>) -> Result<test_arb2, ParseError> {
let a = (Decoder2(input))?;
let b = succ(a);
PResult::Ok(test_arb2 { a, b })
}

/// d#2
fn Decoder2(_input: &mut Parser<'_>) -> Result<u16, ParseError> {
(succ_u16((abs_u16((abs_u16(8411u16)).eval()?)).eval()?)).eval()
}





## ++u8 absu8 228u8
#![allow(unused_imports)]
#![allow(non_camel_case_types)]
#![allow(non_snake_case)]
#![allow(dead_code)]
#![allow(unsafe_op_in_unsafe_fn)]
#![cfg_attr(rustfmt, rustfmt::skip)]

mod codegen_tests;
pub mod api_helper;

use doodle::prelude::*;
use doodle::try_sub;

/// expected size: 2
/// trait-unready: multiple (2) decoders exist (d#{0, 1})
#[derive(Debug, Copy, Clone)]
pub struct test_arb2 {
a: u8,
b: u8
}

/// d#0
fn Decoder_test_arb2(input: &mut Parser<'_>) -> Result<test_arb2, ParseError> {
Decoder1(input)
}

/// d#1
fn Decoder1(input: &mut Parser<'_>) -> Result<test_arb2, ParseError> {
let a = (Decoder2(input))?;
let b = succ(a);
PResult::Ok(test_arb2 { a, b })
}

/// d#2
fn Decoder2(_input: &mut Parser<'_>) -> Result<u8, ParseError> {
(succ_u8((abs_u8(228u8)).eval()?)).eval()
}





## absu8 (254u8 -u8 212u8)
#![allow(unused_imports)]
#![allow(non_camel_case_types)]
#![allow(non_snake_case)]
#![allow(dead_code)]
#![allow(unsafe_op_in_unsafe_fn)]
#![cfg_attr(rustfmt, rustfmt::skip)]

mod codegen_tests;
pub mod api_helper;

use doodle::prelude::*;
use doodle::try_sub;

/// expected size: 2
/// trait-unready: multiple (2) decoders exist (d#{0, 1})
#[derive(Debug, Copy, Clone)]
pub struct test_arb2 {
a: u8,
b: u8
}

/// d#0
fn Decoder_test_arb2(input: &mut Parser<'_>) -> Result<test_arb2, ParseError> {
Decoder1(input)
}

/// d#1
fn Decoder1(input: &mut Parser<'_>) -> Result<test_arb2, ParseError> {
let a = (Decoder2(input))?;
let b = succ(a);
PResult::Ok(test_arb2 { a, b })
}

/// d#2
fn Decoder2(_input: &mut Parser<'_>) -> Result<u8, ParseError> {
(abs_u8((sub_u8(254u8, 212u8)).eval()?)).eval()
}





## absu16 absu16 18804u16
#![allow(unused_imports)]
#![allow(non_camel_case_types)]
#![allow(non_snake_case)]
#![allow(dead_code)]
#![allow(unsafe_op_in_unsafe_fn)]
#![cfg_attr(rustfmt, rustfmt::skip)]

mod codegen_tests;
pub mod api_helper;

use doodle::prelude::*;
use doodle::try_sub;

/// expected size: 4
/// trait-unready: multiple (2) decoders exist (d#{0, 1})
#[derive(Debug, Copy, Clone)]
pub struct test_arb2 {
a: u16,
b: u16
}

/// d#0
fn Decoder_test_arb2(input: &mut Parser<'_>) -> Result<test_arb2, ParseError> {
Decoder1(input)
}

/// d#1
fn Decoder1(input: &mut Parser<'_>) -> Result<test_arb2, ParseError> {
let a = (Decoder2(input))?;
let b = succ(a);
PResult::Ok(test_arb2 { a, b })
}

/// d#2
fn Decoder2(_input: &mut Parser<'_>) -> Result<u16, ParseError> {
(abs_u16((abs_u16(18804u16)).eval()?)).eval()
}





## absu16 53792u16
#![allow(unused_imports)]
#![allow(non_camel_case_types)]
#![allow(non_snake_case)]
#![allow(dead_code)]
#![allow(unsafe_op_in_unsafe_fn)]
#![cfg_attr(rustfmt, rustfmt::skip)]

mod codegen_tests;
pub mod api_helper;

use doodle::prelude::*;
use doodle::try_sub;

/// expected size: 4
/// trait-unready: multiple (2) decoders exist (d#{0, 1})
#[derive(Debug, Copy, Clone)]
pub struct test_arb2 {
a: u16,
b: u16
}

/// d#0
fn Decoder_test_arb2(input: &mut Parser<'_>) -> Result<test_arb2, ParseError> {
Decoder1(input)
}

/// d#1
fn Decoder1(input: &mut Parser<'_>) -> Result<test_arb2, ParseError> {
let a = (Decoder2(input))?;
let b = succ(a);
PResult::Ok(test_arb2 { a, b })
}

/// d#2
fn Decoder2(_input: &mut Parser<'_>) -> Result<u16, ParseError> {
(abs_u16(53792u16)).eval()
}





## 2864479312u32
#![allow(unused_imports)]
#![allow(non_camel_case_types)]
#![allow(non_snake_case)]
#![allow(dead_code)]
#![allow(unsafe_op_in_unsafe_fn)]
#![cfg_attr(rustfmt, rustfmt::skip)]

mod codegen_tests;
pub mod api_helper;

use doodle::prelude::*;
use doodle::try_sub;

/// expected size: 8
/// trait-unready: multiple (2) decoders exist (d#{0, 1})
#[derive(Debug, Copy, Clone)]
pub struct test_arb2 {
a: u32,
b: u32
}

/// d#0
fn Decoder_test_arb2(input: &mut Parser<'_>) -> Result<test_arb2, ParseError> {
Decoder1(input)
}

/// d#1
fn Decoder1(input: &mut Parser<'_>) -> Result<test_arb2, ParseError> {
let a = (Decoder2(input))?;
let b = succ(a);
PResult::Ok(test_arb2 { a, b })
}

/// d#2
fn Decoder2(_input: &mut Parser<'_>) -> Result<u32, ParseError> {
PResult::Ok(2864479312u32)
}





## 94u8
#![allow(unused_imports)]
#![allow(non_camel_case_types)]
#![allow(non_snake_case)]
#![allow(dead_code)]
#![allow(unsafe_op_in_unsafe_fn)]
#![cfg_attr(rustfmt, rustfmt::skip)]

mod codegen_tests;
pub mod api_helper;

use doodle::prelude::*;
use doodle::try_sub;

/// expected size: 2
/// trait-unready: multiple (2) decoders exist (d#{0, 1})
#[derive(Debug, Copy, Clone)]
pub struct test_arb2 {
a: u8,
b: u8
}

/// d#0
fn Decoder_test_arb2(input: &mut Parser<'_>) -> Result<test_arb2, ParseError> {
Decoder1(input)
}

/// d#1
fn Decoder1(input: &mut Parser<'_>) -> Result<test_arb2, ParseError> {
let a = (Decoder2(input))?;
let b = succ(a);
PResult::Ok(test_arb2 { a, b })
}

/// d#2
fn Decoder2(_input: &mut Parser<'_>) -> Result<u8, ParseError> {
PResult::Ok(94u8)
}





## 100u8 -u8 (++u8 90u8)
#![allow(unused_imports)]
#![allow(non_camel_case_types)]
#![allow(non_snake_case)]
#![allow(dead_code)]
#![allow(unsafe_op_in_unsafe_fn)]
#![cfg_attr(rustfmt, rustfmt::skip)]

mod codegen_tests;
pub mod api_helper;

use doodle::prelude::*;
use doodle::try_sub;

/// expected size: 2
/// trait-unready: multiple (2) decoders exist (d#{0, 1})
#[derive(Debug, Copy, Clone)]
pub struct test_arb2 {
a: u8,
b: u8
}

/// d#0
fn Decoder_test_arb2(input: &mut Parser<'_>) -> Result<test_arb2, ParseError> {
Decoder1(input)
}

/// d#1
fn Decoder1(input: &mut Parser<'_>) -> Result<test_arb2, ParseError> {
let a = (Decoder2(input))?;
let b = succ(a);
PResult::Ok(test_arb2 { a, b })
}

/// d#2
fn Decoder2(_input: &mut Parser<'_>) -> Result<u8, ParseError> {
(sub_u8(100u8, (succ_u8(90u8)).eval()?)).eval()
}





## absu8 (--u8 179u8)
#![allow(unused_imports)]
#![allow(non_camel_case_types)]
#![allow(non_snake_case)]
#![allow(dead_code)]
#![allow(unsafe_op_in_unsafe_fn)]
#![cfg_attr(rustfmt, rustfmt::skip)]

mod codegen_tests;
pub mod api_helper;

use doodle::prelude::*;
use doodle::try_sub;

/// expected size: 2
/// trait-unready: multiple (2) decoders exist (d#{0, 1})
#[derive(Debug, Copy, Clone)]
pub struct test_arb2 {
a: u8,
b: u8
}

/// d#0
fn Decoder_test_arb2(input: &mut Parser<'_>) -> Result<test_arb2, ParseError> {
Decoder1(input)
}

/// d#1
fn Decoder1(input: &mut Parser<'_>) -> Result<test_arb2, ParseError> {
let a = (Decoder2(input))?;
let b = succ(a);
PResult::Ok(test_arb2 { a, b })
}

/// d#2
fn Decoder2(_input: &mut Parser<'_>) -> Result<u8, ParseError> {
(abs_u8((pred_u8(179u8)).eval()?)).eval()
}





## absu8 162u8
#![allow(unused_imports)]
#![allow(non_camel_case_types)]
#![allow(non_snake_case)]
#![allow(dead_code)]
#![allow(unsafe_op_in_unsafe_fn)]
#![cfg_attr(rustfmt, rustfmt::skip)]

mod codegen_tests;
pub mod api_helper;

use doodle::prelude::*;
use doodle::try_sub;

/// expected size: 2
/// trait-unready: multiple (2) decoders exist (d#{0, 1})
#[derive(Debug, Copy, Clone)]
pub struct test_arb2 {
a: u8,
b: u8
}

/// d#0
fn Decoder_test_arb2(input: &mut Parser<'_>) -> Result<test_arb2, ParseError> {
Decoder1(input)
}

/// d#1
fn Decoder1(input: &mut Parser<'_>) -> Result<test_arb2, ParseError> {
let a = (Decoder2(input))?;
let b = succ(a);
PResult::Ok(test_arb2 { a, b })
}

/// d#2
fn Decoder2(_input: &mut Parser<'_>) -> Result<u8, ParseError> {
(abs_u8(162u8)).eval()
}





## absu32 absu32 absu32 3909386437u32
#![allow(unused_imports)]
#![allow(non_camel_case_types)]
#![allow(non_snake_case)]
#![allow(dead_code)]
#![allow(unsafe_op_in_unsafe_fn)]
#![cfg_attr(rustfmt, rustfmt::skip)]

mod codegen_tests;
pub mod api_helper;

use doodle::prelude::*;
use doodle::try_sub;

/// expected size: 8
/// trait-unready: multiple (2) decoders exist (d#{0, 1})
#[derive(Debug, Copy, Clone)]
pub struct test_arb2 {
a: u32,
b: u32
}

/// d#0
fn Decoder_test_arb2(input: &mut Parser<'_>) -> Result<test_arb2, ParseError> {
Decoder1(input)
}

/// d#1
fn Decoder1(input: &mut Parser<'_>) -> Result<test_arb2, ParseError> {
let a = (Decoder2(input))?;
let b = succ(a);
PResult::Ok(test_arb2 { a, b })
}

/// d#2
fn Decoder2(_input: &mut Parser<'_>) -> Result<u32, ParseError> {
(abs_u32((abs_u32((abs_u32(3909386437u32)).eval()?)).eval()?)).eval()
}





## absu8 (33u8 /u8 36u8)
#![allow(unused_imports)]
#![allow(non_camel_case_types)]
#![allow(non_snake_case)]
#![allow(dead_code)]
#![allow(unsafe_op_in_unsafe_fn)]
#![cfg_attr(rustfmt, rustfmt::skip)]

mod codegen_tests;
pub mod api_helper;

use doodle::prelude::*;
use doodle::try_sub;

/// expected size: 2
/// trait-unready: multiple (2) decoders exist (d#{0, 1})
#[derive(Debug, Copy, Clone)]
pub struct test_arb2 {
a: u8,
b: u8
}

/// d#0
fn Decoder_test_arb2(input: &mut Parser<'_>) -> Result<test_arb2, ParseError> {
Decoder1(input)
}

/// d#1
fn Decoder1(input: &mut Parser<'_>) -> Result<test_arb2, ParseError> {
let a = (Decoder2(input))?;
let b = succ(a);
PResult::Ok(test_arb2 { a, b })
}

/// d#2
fn Decoder2(_input: &mut Parser<'_>) -> Result<u8, ParseError> {
(abs_u8((div_u8(33u8, 36u8)).eval()?)).eval()
}





## ++u8 --u8 78u8
#![allow(unused_imports)]
#![allow(non_camel_case_types)]
#![allow(non_snake_case)]
#![allow(dead_code)]
#![allow(unsafe_op_in_unsafe_fn)]
#![cfg_attr(rustfmt, rustfmt::skip)]

mod codegen_tests;
pub mod api_helper;

use doodle::prelude::*;
use doodle::try_sub;

/// expected size: 2
/// trait-unready: multiple (2) decoders exist (d#{0, 1})
#[derive(Debug, Copy, Clone)]
pub struct test_arb2 {
a: u8,
b: u8
}

/// d#0
fn Decoder_test_arb2(input: &mut Parser<'_>) -> Result<test_arb2, ParseError> {
Decoder1(input)
}

/// d#1
fn Decoder1(input: &mut Parser<'_>) -> Result<test_arb2, ParseError> {
let a = (Decoder2(input))?;
let b = succ(a);
PResult::Ok(test_arb2 { a, b })
}

/// d#2
fn Decoder2(_input: &mut Parser<'_>) -> Result<u8, ParseError> {
(succ_u8((pred_u8(78u8)).eval()?)).eval()
}





## absu8 187u8
#![allow(unused_imports)]
#![allow(non_camel_case_types)]
#![allow(non_snake_case)]
#![allow(dead_code)]
#![allow(unsafe_op_in_unsafe_fn)]
#![cfg_attr(rustfmt, rustfmt::skip)]

mod codegen_tests;
pub mod api_helper;

use doodle::prelude::*;
use doodle::try_sub;

/// expected size: 2
/// trait-unready: multiple (2) decoders exist (d#{0, 1})
#[derive(Debug, Copy, Clone)]
pub struct test_arb2 {
a: u8,
b: u8
}

/// d#0
fn Decoder_test_arb2(input: &mut Parser<'_>) -> Result<test_arb2, ParseError> {
Decoder1(input)
}

/// d#1
fn Decoder1(input: &mut Parser<'_>) -> Result<test_arb2, ParseError> {
let a = (Decoder2(input))?;
let b = succ(a);
PResult::Ok(test_arb2 { a, b })
}

/// d#2
fn Decoder2(_input: &mut Parser<'_>) -> Result<u8, ParseError> {
(abs_u8(187u8)).eval()
}





## --u8 --u8 absu8 251u8
#![allow(unused_imports)]
#![allow(non_camel_case_types)]
#![allow(non_snake_case)]
#![allow(dead_code)]
#![allow(unsafe_op_in_unsafe_fn)]
#![cfg_attr(rustfmt, rustfmt::skip)]

mod codegen_tests;
pub mod api_helper;

use doodle::prelude::*;
use doodle::try_sub;

/// expected size: 2
/// trait-unready: multiple (2) decoders exist (d#{0, 1})
#[derive(Debug, Copy, Clone)]
pub struct test_arb2 {
a: u8,
b: u8
}

/// d#0
fn Decoder_test_arb2(input: &mut Parser<'_>) -> Result<test_arb2, ParseError> {
Decoder1(input)
}

/// d#1
fn Decoder1(input: &mut Parser<'_>) -> Result<test_arb2, ParseError> {
let a = (Decoder2(input))?;
let b = succ(a);
PResult::Ok(test_arb2 { a, b })
}

/// d#2
fn Decoder2(_input: &mut Parser<'_>) -> Result<u8, ParseError> {
(pred_u8((pred_u8((abs_u8(251u8)).eval()?)).eval()?)).eval()
}





## --u8 absu8 193u8
#![allow(unused_imports)]
#![allow(non_camel_case_types)]
#![allow(non_snake_case)]
#![allow(dead_code)]
#![allow(unsafe_op_in_unsafe_fn)]
#![cfg_attr(rustfmt, rustfmt::skip)]

mod codegen_tests;
pub mod api_helper;

use doodle::prelude::*;
use doodle::try_sub;

/// expected size: 2
/// trait-unready: multiple (2) decoders exist (d#{0, 1})
#[derive(Debug, Copy, Clone)]
pub struct test_arb2 {
a: u8,
b: u8
}

/// d#0
fn Decoder_test_arb2(input: &mut Parser<'_>) -> Result<test_arb2, ParseError> {
Decoder1(input)
}

/// d#1
fn Decoder1(input: &mut Parser<'_>) -> Result<test_arb2, ParseError> {
let a = (Decoder2(input))?;
let b = succ(a);
PResult::Ok(test_arb2 { a, b })
}

/// d#2
fn Decoder2(_input: &mut Parser<'_>) -> Result<u8, ParseError> {
(pred_u8((abs_u8(193u8)).eval()?)).eval()
}





## absu8 201u8
#![allow(unused_imports)]
#![allow(non_camel_case_types)]
#![allow(non_snake_case)]
#![allow(dead_code)]
#![allow(unsafe_op_in_unsafe_fn)]
#![cfg_attr(rustfmt, rustfmt::skip)]

mod codegen_tests;
pub mod api_helper;

use doodle::prelude::*;
use doodle::try_sub;

/// expected size: 2
/// trait-unready: multiple (2) decoders exist (d#{0, 1})
#[derive(Debug, Copy, Clone)]
pub struct test_arb2 {
a: u8,
b: u8
}

/// d#0
fn Decoder_test_arb2(input: &mut Parser<'_>) -> Result<test_arb2, ParseError> {
Decoder1(input)
}

/// d#1
fn Decoder1(input: &mut Parser<'_>) -> Result<test_arb2, ParseError> {
let a = (Decoder2(input))?;
let b = succ(a);
PResult::Ok(test_arb2 { a, b })
}

/// d#2
fn Decoder2(_input: &mut Parser<'_>) -> Result<u8, ParseError> {
(abs_u8(201u8)).eval()
}





## absu32 1270002413u32
#![allow(unused_imports)]
#![allow(non_camel_case_types)]
#![allow(non_snake_case)]
#![allow(dead_code)]
#![allow(unsafe_op_in_unsafe_fn)]
#![cfg_attr(rustfmt, rustfmt::skip)]

mod codegen_tests;
pub mod api_helper;

use doodle::prelude::*;
use doodle::try_sub;

/// expected size: 8
/// trait-unready: multiple (2) decoders exist (d#{0, 1})
#[derive(Debug, Copy, Clone)]
pub struct test_arb2 {
a: u32,
b: u32
}

/// d#0
fn Decoder_test_arb2(input: &mut Parser<'_>) -> Result<test_arb2, ParseError> {
Decoder1(input)
}

/// d#1
fn Decoder1(input: &mut Parser<'_>) -> Result<test_arb2, ParseError> {
let a = (Decoder2(input))?;
let b = succ(a);
PResult::Ok(test_arb2 { a, b })
}

/// d#2
fn Decoder2(_input: &mut Parser<'_>) -> Result<u32, ParseError> {
(abs_u32(1270002413u32)).eval()
}





## absu8 (--u8 173u8 /u8 91u8)
#![allow(unused_imports)]
#![allow(non_camel_case_types)]
#![allow(non_snake_case)]
#![allow(dead_code)]
#![allow(unsafe_op_in_unsafe_fn)]
#![cfg_attr(rustfmt, rustfmt::skip)]

mod codegen_tests;
pub mod api_helper;

use doodle::prelude::*;
use doodle::try_sub;

/// expected size: 2
/// trait-unready: multiple (2) decoders exist (d#{0, 1})
#[derive(Debug, Copy, Clone)]
pub struct test_arb2 {
a: u8,
b: u8
}

/// d#0
fn Decoder_test_arb2(input: &mut Parser<'_>) -> Result<test_arb2, ParseError> {
Decoder1(input)
}

/// d#1
fn Decoder1(input: &mut Parser<'_>) -> Result<test_arb2, ParseError> {
let a = (Decoder2(input))?;
let b = succ(a);
PResult::Ok(test_arb2 { a, b })
}

/// d#2
fn Decoder2(_input: &mut Parser<'_>) -> Result<u8, ParseError> {
(abs_u8((pred_u8((div_u8(173u8, 91u8)).eval()?)).eval()?)).eval()
}





## ++u8 96u8 /u8 (++u8 190u8)
#![allow(unused_imports)]
#![allow(non_camel_case_types)]
#![allow(non_snake_case)]
#![allow(dead_code)]
#![allow(unsafe_op_in_unsafe_fn)]
#![cfg_attr(rustfmt, rustfmt::skip)]

mod codegen_tests;
pub mod api_helper;

use doodle::prelude::*;
use doodle::try_sub;

/// expected size: 2
/// trait-unready: multiple (2) decoders exist (d#{0, 1})
#[derive(Debug, Copy, Clone)]
pub struct test_arb2 {
a: u8,
b: u8
}

/// d#0
fn Decoder_test_arb2(input: &mut Parser<'_>) -> Result<test_arb2, ParseError> {
Decoder1(input)
}

/// d#1
fn Decoder1(input: &mut Parser<'_>) -> Result<test_arb2, ParseError> {
let a = (Decoder2(input))?;
let b = succ(a);
PResult::Ok(test_arb2 { a, b })
}

/// d#2
fn Decoder2(_input: &mut Parser<'_>) -> Result<u8, ParseError> {
(succ_u8((div_u8(96u8, (succ_u8(190u8)).eval()?)).eval()?)).eval()
}





## ++u64 --u64 ++u64 15329141664634913953u64
#![allow(unused_imports)]
#![allow(non_camel_case_types)]
#![allow(non_snake_case)]
#![allow(dead_code)]
#![allow(unsafe_op_in_unsafe_fn)]
#![cfg_attr(rustfmt, rustfmt::skip)]

mod codegen_tests;
pub mod api_helper;

use doodle::prelude::*;
use doodle::try_sub;

/// expected size: 16
/// trait-unready: multiple (2) decoders exist (d#{0, 1})
#[derive(Debug, Copy, Clone)]
pub struct test_arb2 {
a: u64,
b: u64
}

/// d#0
fn Decoder_test_arb2(input: &mut Parser<'_>) -> Result<test_arb2, ParseError> {
Decoder1(input)
}

/// d#1
fn Decoder1(input: &mut Parser<'_>) -> Result<test_arb2, ParseError> {
let a = (Decoder2(input))?;
let b = succ(a);
PResult::Ok(test_arb2 { a, b })
}

/// d#2
fn Decoder2(_input: &mut Parser<'_>) -> Result<u64, ParseError> {
(succ_u64((pred_u64((succ_u64(15329141664634913953u64)).eval()?)).eval()?)).eval()
}





## absu32 2290555464u32
#![allow(unused_imports)]
#![allow(non_camel_case_types)]
#![allow(non_snake_case)]
#![allow(dead_code)]
#![allow(unsafe_op_in_unsafe_fn)]
#![cfg_attr(rustfmt, rustfmt::skip)]

mod codegen_tests;
pub mod api_helper;

use doodle::prelude::*;
use doodle::try_sub;

/// expected size: 8
/// trait-unready: multiple (2) decoders exist (d#{0, 1})
#[derive(Debug, Copy, Clone)]
pub struct test_arb2 {
a: u32,
b: u32
}

/// d#0
fn Decoder_test_arb2(input: &mut Parser<'_>) -> Result<test_arb2, ParseError> {
Decoder1(input)
}

/// d#1
fn Decoder1(input: &mut Parser<'_>) -> Result<test_arb2, ParseError> {
let a = (Decoder2(input))?;
let b = succ(a);
PResult::Ok(test_arb2 { a, b })
}

/// d#2
fn Decoder2(_input: &mut Parser<'_>) -> Result<u32, ParseError> {
(abs_u32(2290555464u32)).eval()
}





## (--u16 (x as u8 +u8 13774u16) as u16) +u16 30634u8 as u8
#![allow(unused_imports)]
#![allow(non_camel_case_types)]
#![allow(non_snake_case)]
#![allow(dead_code)]
#![allow(unsafe_op_in_unsafe_fn)]
#![cfg_attr(rustfmt, rustfmt::skip)]

mod codegen_tests;
pub mod api_helper;

use doodle::prelude::*;
use doodle::try_sub;

/// expected size: 4
/// trait-unready: multiple (2) decoders exist (d#{0, 1})
#[derive(Debug, Copy, Clone)]
pub struct test_arb_var {
x: u8,
tree: u16
}

/// d#0
fn Decoder_test_arb_var(input: &mut Parser<'_>) -> Result<test_arb_var, ParseError> {
Decoder1(input)
}

/// d#1
fn Decoder1(input: &mut Parser<'_>) -> Result<test_arb_var, ParseError> {
let x = input.read_byte()?;
let tree = (add_u16_u8_u16((pred_u16((cast_u8_u16((eval_fallback<u8, u16, u8>(x, 13774u16, r#"add_u8_u16_u8"#, |x, y| BigInt::checked_add(x, y))).eval()?)).eval()?)).eval()?, 30634u8)).eval()?;
PResult::Ok(test_arb_var { x, tree })
}





## x as u16
#![allow(unused_imports)]
#![allow(non_camel_case_types)]
#![allow(non_snake_case)]
#![allow(dead_code)]
#![allow(unsafe_op_in_unsafe_fn)]
#![cfg_attr(rustfmt, rustfmt::skip)]

mod codegen_tests;
pub mod api_helper;

use doodle::prelude::*;
use doodle::try_sub;

/// expected size: 4
/// trait-unready: multiple (2) decoders exist (d#{0, 1})
#[derive(Debug, Copy, Clone)]
pub struct test_arb_var {
x: u8,
tree: u16
}

/// d#0
fn Decoder_test_arb_var(input: &mut Parser<'_>) -> Result<test_arb_var, ParseError> {
Decoder1(input)
}

/// d#1
fn Decoder1(input: &mut Parser<'_>) -> Result<test_arb_var, ParseError> {
let x = input.read_byte()?;
let tree = (cast_u8_u16(x)).eval()?;
PResult::Ok(test_arb_var { x, tree })
}





## absi64 ((--i8 x as i64) *i64 (--i16 x as i64))
#![allow(unused_imports)]
#![allow(non_camel_case_types)]
#![allow(non_snake_case)]
#![allow(dead_code)]
#![allow(unsafe_op_in_unsafe_fn)]
#![cfg_attr(rustfmt, rustfmt::skip)]

mod codegen_tests;
pub mod api_helper;

use doodle::prelude::*;
use doodle::try_sub;

/// expected size: 16
/// trait-unready: multiple (2) decoders exist (d#{0, 1})
#[derive(Debug, Copy, Clone)]
pub struct test_arb_var {
x: u8,
tree: i64
}

/// d#0
fn Decoder_test_arb_var(input: &mut Parser<'_>) -> Result<test_arb_var, ParseError> {
Decoder1(input)
}

/// d#1
fn Decoder1(input: &mut Parser<'_>) -> Result<test_arb_var, ParseError> {
let x = input.read_byte()?;
let tree = (abs_i64((mul_i8_i16_i64((eval_unary_fallback<i64, i8>((cast_u8_i64(x)).eval()?, r#"pred_i64_i8"#, |x| Numeric::pred(x))).eval()?, (eval_unary_fallback<i64, i16>((cast_u8_i64(x)).eval()?, r#"pred_i64_i16"#, |x| Numeric::pred(x))).eval()?)).eval()?)).eval()?;
PResult::Ok(test_arb_var { x, tree })
}





## 314952897u8 as i8 /i16 858566886u16 +i32 ~u8 (x as u8 as i32)
#![allow(unused_imports)]
#![allow(non_camel_case_types)]
#![allow(non_snake_case)]
#![allow(dead_code)]
#![allow(unsafe_op_in_unsafe_fn)]
#![cfg_attr(rustfmt, rustfmt::skip)]

mod codegen_tests;
pub mod api_helper;

use doodle::prelude::*;
use doodle::try_sub;

/// expected size: 8
/// trait-unready: multiple (2) decoders exist (d#{0, 1})
#[derive(Debug, Copy, Clone)]
pub struct test_arb_var {
x: u8,
tree: i32
}

/// d#0
fn Decoder_test_arb_var(input: &mut Parser<'_>) -> Result<test_arb_var, ParseError> {
Decoder1(input)
}

/// d#1
fn Decoder1(input: &mut Parser<'_>) -> Result<test_arb_var, ParseError> {
let x = input.read_byte()?;
let tree = (add_i16_u8_i32((eval_fallback<i8, u16, i16>((cast_u8_i8(314952897u8)).eval()?, 858566886u16, r#"div_i8_u16_i16"#, |x, y| BigInt::checked_div(x, y))).eval()?, (eval_unary_fallback<i32, u8>((cast_u8_i32(x)).eval()?, r#"neg_i32_u8"#, |x| Neg::neg(x))).eval()?)).eval()?;
PResult::Ok(test_arb_var { x, tree })
}





## --u64 absu64 ((x as u64 +u8 x as u16) as u64)
#![allow(unused_imports)]
#![allow(non_camel_case_types)]
#![allow(non_snake_case)]
#![allow(dead_code)]
#![allow(unsafe_op_in_unsafe_fn)]
#![cfg_attr(rustfmt, rustfmt::skip)]

mod codegen_tests;
pub mod api_helper;

use doodle::prelude::*;
use doodle::try_sub;

/// expected size: 16
/// trait-unready: multiple (2) decoders exist (d#{0, 1})
#[derive(Debug, Copy, Clone)]
pub struct test_arb_var {
x: u8,
tree: u64
}

/// d#0
fn Decoder_test_arb_var(input: &mut Parser<'_>) -> Result<test_arb_var, ParseError> {
Decoder1(input)
}

/// d#1
fn Decoder1(input: &mut Parser<'_>) -> Result<test_arb_var, ParseError> {
let x = input.read_byte()?;
let tree = (pred_u64((abs_u64((cast_u8_u64((eval_fallback<u64, u16, u8>((cast_u8_u64(x)).eval()?, (cast_u8_u16(x)).eval()?, r#"add_u64_u16_u8"#, |x, y| BigInt::checked_add(x, y))).eval()?)).eval()?)).eval()?)).eval()?;
PResult::Ok(test_arb_var { x, tree })
}





## (++i16 x as i16 +i64 309208837275691236u8 as i8) as i64
#![allow(unused_imports)]
#![allow(non_camel_case_types)]
#![allow(non_snake_case)]
#![allow(dead_code)]
#![allow(unsafe_op_in_unsafe_fn)]
#![cfg_attr(rustfmt, rustfmt::skip)]

mod codegen_tests;
pub mod api_helper;

use doodle::prelude::*;
use doodle::try_sub;

/// expected size: 16
/// trait-unready: multiple (2) decoders exist (d#{0, 1})
#[derive(Debug, Copy, Clone)]
pub struct test_arb_var {
x: u8,
tree: i64
}

/// d#0
fn Decoder_test_arb_var(input: &mut Parser<'_>) -> Result<test_arb_var, ParseError> {
Decoder1(input)
}

/// d#1
fn Decoder1(input: &mut Parser<'_>) -> Result<test_arb_var, ParseError> {
let x = input.read_byte()?;
let tree = (cast_i16_i64((eval_unary_fallback<i64, i16>((add_i16_i8_i64((cast_u8_i16(x)).eval()?, (cast_u8_i8(309208837275691236u8)).eval()?)).eval()?, r#"succ_i64_i16"#, |x| Numeric::succ(x))).eval()?)).eval()?;
PResult::Ok(test_arb_var { x, tree })
}





## (++u16 x as u32 as i64) +i64 4244679833609825106u16 as i16 as i16
#![allow(unused_imports)]
#![allow(non_camel_case_types)]
#![allow(non_snake_case)]
#![allow(dead_code)]
#![allow(unsafe_op_in_unsafe_fn)]
#![cfg_attr(rustfmt, rustfmt::skip)]

mod codegen_tests;
pub mod api_helper;

use doodle::prelude::*;
use doodle::try_sub;

/// expected size: 16
/// trait-unready: multiple (2) decoders exist (d#{0, 1})
#[derive(Debug, Copy, Clone)]
pub struct test_arb_var {
x: u8,
tree: i64
}

/// d#0
fn Decoder_test_arb_var(input: &mut Parser<'_>) -> Result<test_arb_var, ParseError> {
Decoder1(input)
}

/// d#1
fn Decoder1(input: &mut Parser<'_>) -> Result<test_arb_var, ParseError> {
let x = input.read_byte()?;
let tree = (add_u16_i16_i64((eval_unary_fallback<i64, u16>((cast_u32_i64((cast_u8_u32(x)).eval()?)).eval()?, r#"succ_i64_u16"#, |x| Numeric::succ(x))).eval()?, (cast_u16_i16(4244679833609825106u16)).eval()?)).eval()?;
PResult::Ok(test_arb_var { x, tree })
}





## absu8 (100u8 %u8 x)
#![allow(unused_imports)]
#![allow(non_camel_case_types)]
#![allow(non_snake_case)]
#![allow(dead_code)]
#![allow(unsafe_op_in_unsafe_fn)]
#![cfg_attr(rustfmt, rustfmt::skip)]

mod codegen_tests;
pub mod api_helper;

use doodle::prelude::*;
use doodle::try_sub;

/// expected size: 2
/// trait-unready: multiple (2) decoders exist (d#{0, 1})
#[derive(Debug, Copy, Clone)]
pub struct test_arb_var {
x: u8,
tree: u8
}

/// d#0
fn Decoder_test_arb_var(input: &mut Parser<'_>) -> Result<test_arb_var, ParseError> {
Decoder1(input)
}

/// d#1
fn Decoder1(input: &mut Parser<'_>) -> Result<test_arb_var, ParseError> {
let x = input.read_byte()?;
let tree = (abs_u8((rem_u8(100u8, x)).eval()?)).eval()?;
PResult::Ok(test_arb_var { x, tree })
}





## absu8 (x %u8 (absu8 199u8 *u8 x)) *u8 (123u8 -u8 8u8)
#![allow(unused_imports)]
#![allow(non_camel_case_types)]
#![allow(non_snake_case)]
#![allow(dead_code)]
#![allow(unsafe_op_in_unsafe_fn)]
#![cfg_attr(rustfmt, rustfmt::skip)]

mod codegen_tests;
pub mod api_helper;

use doodle::prelude::*;
use doodle::try_sub;

/// expected size: 2
/// trait-unready: multiple (2) decoders exist (d#{0, 1})
#[derive(Debug, Copy, Clone)]
pub struct test_arb_var {
x: u8,
tree: u8
}

/// d#0
fn Decoder_test_arb_var(input: &mut Parser<'_>) -> Result<test_arb_var, ParseError> {
Decoder1(input)
}

/// d#1
fn Decoder1(input: &mut Parser<'_>) -> Result<test_arb_var, ParseError> {
let x = input.read_byte()?;
let tree = (mul_u8((abs_u8((rem_u8(x, (mul_u8((abs_u8(199u8)).eval()?, x)).eval()?)).eval()?)).eval()?, (sub_u8(123u8, 8u8)).eval()?)).eval()?;
PResult::Ok(test_arb_var { x, tree })
}





## x *u8 x
#![allow(unused_imports)]
#![allow(non_camel_case_types)]
#![allow(non_snake_case)]
#![allow(dead_code)]
#![allow(unsafe_op_in_unsafe_fn)]
#![cfg_attr(rustfmt, rustfmt::skip)]

mod codegen_tests;
pub mod api_helper;

use doodle::prelude::*;
use doodle::try_sub;

/// expected size: 2
/// trait-unready: multiple (2) decoders exist (d#{0, 1})
#[derive(Debug, Copy, Clone)]
pub struct test_arb_var {
x: u8,
tree: u8
}

/// d#0
fn Decoder_test_arb_var(input: &mut Parser<'_>) -> Result<test_arb_var, ParseError> {
Decoder1(input)
}

/// d#1
fn Decoder1(input: &mut Parser<'_>) -> Result<test_arb_var, ParseError> {
let x = input.read_byte()?;
let tree = (mul_u8(x, x)).eval()?;
PResult::Ok(test_arb_var { x, tree })
}





## --i8 x as i8
#![allow(unused_imports)]
#![allow(non_camel_case_types)]
#![allow(non_snake_case)]
#![allow(dead_code)]
#![allow(unsafe_op_in_unsafe_fn)]
#![cfg_attr(rustfmt, rustfmt::skip)]

mod codegen_tests;
pub mod api_helper;

use doodle::prelude::*;
use doodle::try_sub;

/// expected size: 2
/// trait-unready: multiple (2) decoders exist (d#{0, 1})
#[derive(Debug, Copy, Clone)]
pub struct test_arb_var {
x: u8,
tree: i8
}

/// d#0
fn Decoder_test_arb_var(input: &mut Parser<'_>) -> Result<test_arb_var, ParseError> {
Decoder1(input)
}

/// d#1
fn Decoder1(input: &mut Parser<'_>) -> Result<test_arb_var, ParseError> {
let x = input.read_byte()?;
let tree = (pred_i8((cast_u8_i8(x)).eval()?)).eval()?;
PResult::Ok(test_arb_var { x, tree })
}





## x as u16 as u32 /u32 (--u8 983273751u8 as u32)
#![allow(unused_imports)]
#![allow(non_camel_case_types)]
#![allow(non_snake_case)]
#![allow(dead_code)]
#![allow(unsafe_op_in_unsafe_fn)]
#![cfg_attr(rustfmt, rustfmt::skip)]

mod codegen_tests;
pub mod api_helper;

use doodle::prelude::*;
use doodle::try_sub;

/// expected size: 8
/// trait-unready: multiple (2) decoders exist (d#{0, 1})
#[derive(Debug, Copy, Clone)]
pub struct test_arb_var {
x: u8,
tree: u32
}

/// d#0
fn Decoder_test_arb_var(input: &mut Parser<'_>) -> Result<test_arb_var, ParseError> {
Decoder1(input)
}

/// d#1
fn Decoder1(input: &mut Parser<'_>) -> Result<test_arb_var, ParseError> {
let x = input.read_byte()?;
let tree = (div_u32_u8_u32((cast_u16_u32((cast_u8_u16(x)).eval()?)).eval()?, (eval_unary_fallback<u32, u8>((cast_u8_u32(983273751u8)).eval()?, r#"pred_u32_u8"#, |x| Numeric::pred(x))).eval()?)).eval()?;
PResult::Ok(test_arb_var { x, tree })
}





## ~i8 (x as i16) as i16
#![allow(unused_imports)]
#![allow(non_camel_case_types)]
#![allow(non_snake_case)]
#![allow(dead_code)]
#![allow(unsafe_op_in_unsafe_fn)]
#![cfg_attr(rustfmt, rustfmt::skip)]

mod codegen_tests;
pub mod api_helper;

use doodle::prelude::*;
use doodle::try_sub;

/// expected size: 4
/// trait-unready: multiple (2) decoders exist (d#{0, 1})
#[derive(Debug, Copy, Clone)]
pub struct test_arb_var {
x: u8,
tree: i16
}

/// d#0
fn Decoder_test_arb_var(input: &mut Parser<'_>) -> Result<test_arb_var, ParseError> {
Decoder1(input)
}

/// d#1
fn Decoder1(input: &mut Parser<'_>) -> Result<test_arb_var, ParseError> {
let x = input.read_byte()?;
let tree = (cast_i8_i16((eval_unary_fallback<i16, i8>((cast_u8_i16(x)).eval()?, r#"neg_i16_i8"#, |x| Neg::neg(x))).eval()?)).eval()?;
PResult::Ok(test_arb_var { x, tree })
}





## (x as u32 *u16 x as u32) as u16 as u64
#![allow(unused_imports)]
#![allow(non_camel_case_types)]
#![allow(non_snake_case)]
#![allow(dead_code)]
#![allow(unsafe_op_in_unsafe_fn)]
#![cfg_attr(rustfmt, rustfmt::skip)]

mod codegen_tests;
pub mod api_helper;

use doodle::prelude::*;
use doodle::try_sub;

/// expected size: 16
/// trait-unready: multiple (2) decoders exist (d#{0, 1})
#[derive(Debug, Copy, Clone)]
pub struct test_arb_var {
x: u8,
tree: u64
}

/// d#0
fn Decoder_test_arb_var(input: &mut Parser<'_>) -> Result<test_arb_var, ParseError> {
Decoder1(input)
}

/// d#1
fn Decoder1(input: &mut Parser<'_>) -> Result<test_arb_var, ParseError> {
let x = input.read_byte()?;
let tree = (cast_u16_u64((eval_fallback<u32, u32, u16>((cast_u8_u32(x)).eval()?, (cast_u8_u32(x)).eval()?, r#"mul_u32_u16"#, |x, y| BigInt::checked_mul(x, y))).eval()?)).eval()?;
PResult::Ok(test_arb_var { x, tree })
}





## absu8 x
#![allow(unused_imports)]
#![allow(non_camel_case_types)]
#![allow(non_snake_case)]
#![allow(dead_code)]
#![allow(unsafe_op_in_unsafe_fn)]
#![cfg_attr(rustfmt, rustfmt::skip)]

mod codegen_tests;
pub mod api_helper;

use doodle::prelude::*;
use doodle::try_sub;

/// expected size: 2
/// trait-unready: multiple (2) decoders exist (d#{0, 1})
#[derive(Debug, Copy, Clone)]
pub struct test_arb_var {
x: u8,
tree: u8
}

/// d#0
fn Decoder_test_arb_var(input: &mut Parser<'_>) -> Result<test_arb_var, ParseError> {
Decoder1(input)
}

/// d#1
fn Decoder1(input: &mut Parser<'_>) -> Result<test_arb_var, ParseError> {
let x = input.read_byte()?;
let tree = (abs_u8(x)).eval()?;
PResult::Ok(test_arb_var { x, tree })
}





## (++u16 ++u64 x as u8 /u64 x as u16) as u64
#![allow(unused_imports)]
#![allow(non_camel_case_types)]
#![allow(non_snake_case)]
#![allow(dead_code)]
#![allow(unsafe_op_in_unsafe_fn)]
#![cfg_attr(rustfmt, rustfmt::skip)]

mod codegen_tests;
pub mod api_helper;

use doodle::prelude::*;
use doodle::try_sub;

/// expected size: 16
/// trait-unready: multiple (2) decoders exist (d#{0, 1})
#[derive(Debug, Copy, Clone)]
pub struct test_arb_var {
x: u8,
tree: u64
}

/// d#0
fn Decoder_test_arb_var(input: &mut Parser<'_>) -> Result<test_arb_var, ParseError> {
Decoder1(input)
}

/// d#1
fn Decoder1(input: &mut Parser<'_>) -> Result<test_arb_var, ParseError> {
let x = input.read_byte()?;
let tree = (cast_u16_u64((eval_unary_fallback<u64, u16>((succ_u64((div_u8_u16_u64(x, (cast_u8_u16(x)).eval()?)).eval()?)).eval()?, r#"succ_u64_u16"#, |x| Numeric::succ(x))).eval()?)).eval()?;
PResult::Ok(test_arb_var { x, tree })
}





## (++u8 25994u16) as u16 *u16 (x as u16 %u8 x as u8 -u8 absu16 45537u16)
#![allow(unused_imports)]
#![allow(non_camel_case_types)]
#![allow(non_snake_case)]
#![allow(dead_code)]
#![allow(unsafe_op_in_unsafe_fn)]
#![cfg_attr(rustfmt, rustfmt::skip)]

mod codegen_tests;
pub mod api_helper;

use doodle::prelude::*;
use doodle::try_sub;

/// expected size: 4
/// trait-unready: multiple (2) decoders exist (d#{0, 1})
#[derive(Debug, Copy, Clone)]
pub struct test_arb_var {
x: u8,
tree: u16
}

/// d#0
fn Decoder_test_arb_var(input: &mut Parser<'_>) -> Result<test_arb_var, ParseError> {
Decoder1(input)
}

/// d#1
fn Decoder1(input: &mut Parser<'_>) -> Result<test_arb_var, ParseError> {
let x = input.read_byte()?;
let tree = (mul_u16_u8_u16((cast_u8_u16((eval_unary_fallback<u16, u8>(25994u16, r#"succ_u16_u8"#, |x| Numeric::succ(x))).eval()?)).eval()?, (eval_fallback<u8, u16, u8>((eval_fallback<u16, u8, u8>((cast_u8_u16(x)).eval()?, x, r#"rem_u16_u8_u8"#, |x, y| BigInt::checked_rem(x, y))).eval()?, (abs_u16(45537u16)).eval()?, r#"sub_u8_u16_u8"#, |x, y| BigInt::checked_sub(x, y))).eval()?)).eval()?;
PResult::Ok(test_arb_var { x, tree })
}





## x as u16 %u16 65260u8 %u16 x as u16
#![allow(unused_imports)]
#![allow(non_camel_case_types)]
#![allow(non_snake_case)]
#![allow(dead_code)]
#![allow(unsafe_op_in_unsafe_fn)]
#![cfg_attr(rustfmt, rustfmt::skip)]

mod codegen_tests;
pub mod api_helper;

use doodle::prelude::*;
use doodle::try_sub;

/// expected size: 4
/// trait-unready: multiple (2) decoders exist (d#{0, 1})
#[derive(Debug, Copy, Clone)]
pub struct test_arb_var {
x: u8,
tree: u16
}

/// d#0
fn Decoder_test_arb_var(input: &mut Parser<'_>) -> Result<test_arb_var, ParseError> {
Decoder1(input)
}

/// d#1
fn Decoder1(input: &mut Parser<'_>) -> Result<test_arb_var, ParseError> {
let x = input.read_byte()?;
let tree = (rem_u16((cast_u8_u16(x)).eval()?, (rem_u8_u16_u16(65260u8, (cast_u8_u16(x)).eval()?)).eval()?)).eval()?;
PResult::Ok(test_arb_var { x, tree })
}





## absu32 (1493241988u8 as u16 +u32 x as u8 -u32 2423557139u32) %u32 (++u32 2929781263u16 as u32)
#![allow(unused_imports)]
#![allow(non_camel_case_types)]
#![allow(non_snake_case)]
#![allow(dead_code)]
#![allow(unsafe_op_in_unsafe_fn)]
#![cfg_attr(rustfmt, rustfmt::skip)]

mod codegen_tests;
pub mod api_helper;

use doodle::prelude::*;
use doodle::try_sub;

/// expected size: 8
/// trait-unready: multiple (2) decoders exist (d#{0, 1})
#[derive(Debug, Copy, Clone)]
pub struct test_arb_var {
x: u8,
tree: u32
}

/// d#0
fn Decoder_test_arb_var(input: &mut Parser<'_>) -> Result<test_arb_var, ParseError> {
Decoder1(input)
}

/// d#1
fn Decoder1(input: &mut Parser<'_>) -> Result<test_arb_var, ParseError> {
let x = input.read_byte()?;
let tree = (rem_u32((abs_u32((sub_u32((add_u16_u8_u32((cast_u8_u16(1493241988u8)).eval()?, x)).eval()?, 2423557139u32)).eval()?)).eval()?, (succ_u32((cast_u16_u32(2929781263u16)).eval()?)).eval()?)).eval()?;
PResult::Ok(test_arb_var { x, tree })
}





## absu8 (++u8 x %u8 (--u8 x))
#![allow(unused_imports)]
#![allow(non_camel_case_types)]
#![allow(non_snake_case)]
#![allow(dead_code)]
#![allow(unsafe_op_in_unsafe_fn)]
#![cfg_attr(rustfmt, rustfmt::skip)]

mod codegen_tests;
pub mod api_helper;

use doodle::prelude::*;
use doodle::try_sub;

/// expected size: 2
/// trait-unready: multiple (2) decoders exist (d#{0, 1})
#[derive(Debug, Copy, Clone)]
pub struct test_arb_var {
x: u8,
tree: u8
}

/// d#0
fn Decoder_test_arb_var(input: &mut Parser<'_>) -> Result<test_arb_var, ParseError> {
Decoder1(input)
}

/// d#1
fn Decoder1(input: &mut Parser<'_>) -> Result<test_arb_var, ParseError> {
let x = input.read_byte()?;
let tree = (abs_u8((succ_u8((rem_u8(x, (pred_u8(x)).eval()?)).eval()?)).eval()?)).eval()?;
PResult::Ok(test_arb_var { x, tree })
}





## --u64 (++u16 absu64 (12248954290220903358u8 -u64 x as u16)) as u64
#![allow(unused_imports)]
#![allow(non_camel_case_types)]
#![allow(non_snake_case)]
#![allow(dead_code)]
#![allow(unsafe_op_in_unsafe_fn)]
#![cfg_attr(rustfmt, rustfmt::skip)]

mod codegen_tests;
pub mod api_helper;

use doodle::prelude::*;
use doodle::try_sub;

/// expected size: 16
/// trait-unready: multiple (2) decoders exist (d#{0, 1})
#[derive(Debug, Copy, Clone)]
pub struct test_arb_var {
x: u8,
tree: u64
}

/// d#0
fn Decoder_test_arb_var(input: &mut Parser<'_>) -> Result<test_arb_var, ParseError> {
Decoder1(input)
}

/// d#1
fn Decoder1(input: &mut Parser<'_>) -> Result<test_arb_var, ParseError> {
let x = input.read_byte()?;
let tree = (pred_u64((cast_u16_u64((eval_unary_fallback<u64, u16>((abs_u64((sub_u8_u16_u64(12248954290220903358u8, (cast_u8_u16(x)).eval()?)).eval()?)).eval()?, r#"succ_u64_u16"#, |x| Numeric::succ(x))).eval()?)).eval()?)).eval()?;
PResult::Ok(test_arb_var { x, tree })
}





## --u16 (--u8 x as u16) as u16
#![allow(unused_imports)]
#![allow(non_camel_case_types)]
#![allow(non_snake_case)]
#![allow(dead_code)]
#![allow(unsafe_op_in_unsafe_fn)]
#![cfg_attr(rustfmt, rustfmt::skip)]

mod codegen_tests;
pub mod api_helper;

use doodle::prelude::*;
use doodle::try_sub;

/// expected size: 4
/// trait-unready: multiple (2) decoders exist (d#{0, 1})
#[derive(Debug, Copy, Clone)]
pub struct test_arb_var {
x: u8,
tree: u16
}

/// d#0
fn Decoder_test_arb_var(input: &mut Parser<'_>) -> Result<test_arb_var, ParseError> {
Decoder1(input)
}

/// d#1
fn Decoder1(input: &mut Parser<'_>) -> Result<test_arb_var, ParseError> {
let x = input.read_byte()?;
let tree = (pred_u16((cast_u8_u16((eval_unary_fallback<u16, u8>((cast_u8_u16(x)).eval()?, r#"pred_u16_u8"#, |x| Numeric::pred(x))).eval()?)).eval()?)).eval()?;
PResult::Ok(test_arb_var { x, tree })
}





## absi64 ((x as i32 +i32 7772947980971663835u8 %i16 x as i64) as i64)
#![allow(unused_imports)]
#![allow(non_camel_case_types)]
#![allow(non_snake_case)]
#![allow(dead_code)]
#![allow(unsafe_op_in_unsafe_fn)]
#![cfg_attr(rustfmt, rustfmt::skip)]

mod codegen_tests;
pub mod api_helper;

use doodle::prelude::*;
use doodle::try_sub;

/// expected size: 16
/// trait-unready: multiple (2) decoders exist (d#{0, 1})
#[derive(Debug, Copy, Clone)]
pub struct test_arb_var {
x: u8,
tree: i64
}

/// d#0
fn Decoder_test_arb_var(input: &mut Parser<'_>) -> Result<test_arb_var, ParseError> {
Decoder1(input)
}

/// d#1
fn Decoder1(input: &mut Parser<'_>) -> Result<test_arb_var, ParseError> {
let x = input.read_byte()?;
let tree = (abs_i64((cast_i32_i64((add_i32_i16_i32((cast_u8_i32(x)).eval()?, (eval_fallback<u8, i64, i16>(7772947980971663835u8, (cast_u8_i64(x)).eval()?, r#"rem_u8_i64_i16"#, |x, y| BigInt::checked_rem(x, y))).eval()?)).eval()?)).eval()?)).eval()?;
PResult::Ok(test_arb_var { x, tree })
}





## (--u8 x as u8 as u32) as u16 as u32
#![allow(unused_imports)]
#![allow(non_camel_case_types)]
#![allow(non_snake_case)]
#![allow(dead_code)]
#![allow(unsafe_op_in_unsafe_fn)]
#![cfg_attr(rustfmt, rustfmt::skip)]

mod codegen_tests;
pub mod api_helper;

use doodle::prelude::*;
use doodle::try_sub;

/// expected size: 8
/// trait-unready: multiple (2) decoders exist (d#{0, 1})
#[derive(Debug, Copy, Clone)]
pub struct test_arb_var {
x: u8,
tree: u32
}

/// d#0
fn Decoder_test_arb_var(input: &mut Parser<'_>) -> Result<test_arb_var, ParseError> {
Decoder1(input)
}

/// d#1
fn Decoder1(input: &mut Parser<'_>) -> Result<test_arb_var, ParseError> {
let x = input.read_byte()?;
let tree = (cast_u16_u32((cast_u8_u16((eval_unary_fallback<u32, u8>((cast_u8_u32(x)).eval()?, r#"pred_u32_u8"#, |x| Numeric::pred(x))).eval()?)).eval()?)).eval()?;
PResult::Ok(test_arb_var { x, tree })
}





## (--u16 x as u32 as u64) as u64
#![allow(unused_imports)]
#![allow(non_camel_case_types)]
#![allow(non_snake_case)]
#![allow(dead_code)]
#![allow(unsafe_op_in_unsafe_fn)]
#![cfg_attr(rustfmt, rustfmt::skip)]

mod codegen_tests;
pub mod api_helper;

use doodle::prelude::*;
use doodle::try_sub;

/// expected size: 16
/// trait-unready: multiple (2) decoders exist (d#{0, 1})
#[derive(Debug, Copy, Clone)]
pub struct test_arb_var {
x: u8,
tree: u64
}

/// d#0
fn Decoder_test_arb_var(input: &mut Parser<'_>) -> Result<test_arb_var, ParseError> {
Decoder1(input)
}

/// d#1
fn Decoder1(input: &mut Parser<'_>) -> Result<test_arb_var, ParseError> {
let x = input.read_byte()?;
let tree = (cast_u16_u64((eval_unary_fallback<u64, u16>((cast_u32_u64((cast_u8_u32(x)).eval()?)).eval()?, r#"pred_u64_u16"#, |x| Numeric::pred(x))).eval()?)).eval()?;
PResult::Ok(test_arb_var { x, tree })
}





## ~i16 absi16 (x as i16 *i16 -9725i8)
#![allow(unused_imports)]
#![allow(non_camel_case_types)]
#![allow(non_snake_case)]
#![allow(dead_code)]
#![allow(unsafe_op_in_unsafe_fn)]
#![cfg_attr(rustfmt, rustfmt::skip)]

mod codegen_tests;
pub mod api_helper;

use doodle::prelude::*;
use doodle::try_sub;

/// expected size: 4
/// trait-unready: multiple (2) decoders exist (d#{0, 1})
#[derive(Debug, Copy, Clone)]
pub struct test_arb_var {
x: u8,
tree: i16
}

/// d#0
fn Decoder_test_arb_var(input: &mut Parser<'_>) -> Result<test_arb_var, ParseError> {
Decoder1(input)
}

/// d#1
fn Decoder1(input: &mut Parser<'_>) -> Result<test_arb_var, ParseError> {
let x = input.read_byte()?;
let tree = (neg_i16((abs_i16((mul_i16_i8_i16((cast_u8_i16(x)).eval()?, -9725i8)).eval()?)).eval()?)).eval()?;
PResult::Ok(test_arb_var { x, tree })
}





## ++u8 --u8 absu8 x
#![allow(unused_imports)]
#![allow(non_camel_case_types)]
#![allow(non_snake_case)]
#![allow(dead_code)]
#![allow(unsafe_op_in_unsafe_fn)]
#![cfg_attr(rustfmt, rustfmt::skip)]

mod codegen_tests;
pub mod api_helper;

use doodle::prelude::*;
use doodle::try_sub;

/// expected size: 2
/// trait-unready: multiple (2) decoders exist (d#{0, 1})
#[derive(Debug, Copy, Clone)]
pub struct test_arb_var {
x: u8,
tree: u8
}

/// d#0
fn Decoder_test_arb_var(input: &mut Parser<'_>) -> Result<test_arb_var, ParseError> {
Decoder1(input)
}

/// d#1
fn Decoder1(input: &mut Parser<'_>) -> Result<test_arb_var, ParseError> {
let x = input.read_byte()?;
let tree = (succ_u8((pred_u8((abs_u8(x)).eval()?)).eval()?)).eval()?;
PResult::Ok(test_arb_var { x, tree })
}





## absu8 (--u8 104u8) %u8 202u8 %u8 (x +u8 x)
#![allow(unused_imports)]
#![allow(non_camel_case_types)]
#![allow(non_snake_case)]
#![allow(dead_code)]
#![allow(unsafe_op_in_unsafe_fn)]
#![cfg_attr(rustfmt, rustfmt::skip)]

mod codegen_tests;
pub mod api_helper;

use doodle::prelude::*;
use doodle::try_sub;

/// expected size: 2
/// trait-unready: multiple (2) decoders exist (d#{0, 1})
#[derive(Debug, Copy, Clone)]
pub struct test_arb_var {
x: u8,
tree: u8
}

/// d#0
fn Decoder_test_arb_var(input: &mut Parser<'_>) -> Result<test_arb_var, ParseError> {
Decoder1(input)
}

/// d#1
fn Decoder1(input: &mut Parser<'_>) -> Result<test_arb_var, ParseError> {
let x = input.read_byte()?;
let tree = (rem_u8((abs_u8((pred_u8(104u8)).eval()?)).eval()?, (rem_u8(202u8, (add_u8(x, x)).eval()?)).eval()?)).eval()?;
PResult::Ok(test_arb_var { x, tree })
}





## absi64 (x as i8 as i16 as i64)
#![allow(unused_imports)]
#![allow(non_camel_case_types)]
#![allow(non_snake_case)]
#![allow(dead_code)]
#![allow(unsafe_op_in_unsafe_fn)]
#![cfg_attr(rustfmt, rustfmt::skip)]

mod codegen_tests;
pub mod api_helper;

use doodle::prelude::*;
use doodle::try_sub;

/// expected size: 16
/// trait-unready: multiple (2) decoders exist (d#{0, 1})
#[derive(Debug, Copy, Clone)]
pub struct test_arb_var {
x: u8,
tree: i64
}

/// d#0
fn Decoder_test_arb_var(input: &mut Parser<'_>) -> Result<test_arb_var, ParseError> {
Decoder1(input)
}

/// d#1
fn Decoder1(input: &mut Parser<'_>) -> Result<test_arb_var, ParseError> {
let x = input.read_byte()?;
let tree = (abs_i64((cast_i16_i64((cast_i8_i16((cast_u8_i8(x)).eval()?)).eval()?)).eval()?)).eval()?;
PResult::Ok(test_arb_var { x, tree })
}





## (~i8 (x as i32) %u16 x as u8 as i16 /u16 1836445898i8 as u16) as i32
#![allow(unused_imports)]
#![allow(non_camel_case_types)]
#![allow(non_snake_case)]
#![allow(dead_code)]
#![allow(unsafe_op_in_unsafe_fn)]
#![cfg_attr(rustfmt, rustfmt::skip)]

mod codegen_tests;
pub mod api_helper;

use doodle::prelude::*;
use doodle::try_sub;

/// expected size: 8
/// trait-unready: multiple (2) decoders exist (d#{0, 1})
#[derive(Debug, Copy, Clone)]
pub struct test_arb_var {
x: u8,
tree: i32
}

/// d#0
fn Decoder_test_arb_var(input: &mut Parser<'_>) -> Result<test_arb_var, ParseError> {
Decoder1(input)
}

/// d#1
fn Decoder1(input: &mut Parser<'_>) -> Result<test_arb_var, ParseError> {
let x = input.read_byte()?;
let tree = (cast_u16_i32((eval_fallback<i8, u16, u16>((eval_unary_fallback<i32, i8>((cast_u8_i32(x)).eval()?, r#"neg_i32_i8"#, |x| Neg::neg(x))).eval()?, (eval_fallback<i16, u16, u16>((cast_u8_i16(x)).eval()?, (cast_i8_u16(1836445898i8)).eval()?, r#"div_i16_u16_u16"#, |x, y| BigInt::checked_div(x, y))).eval()?, r#"rem_i8_u16_u16"#, |x, y| BigInt::checked_rem(x, y))).eval()?)).eval()?;
PResult::Ok(test_arb_var { x, tree })
}





## absu64 (x as u8 as u64)
#![allow(unused_imports)]
#![allow(non_camel_case_types)]
#![allow(non_snake_case)]
#![allow(dead_code)]
#![allow(unsafe_op_in_unsafe_fn)]
#![cfg_attr(rustfmt, rustfmt::skip)]

mod codegen_tests;
pub mod api_helper;

use doodle::prelude::*;
use doodle::try_sub;

/// expected size: 16
/// trait-unready: multiple (2) decoders exist (d#{0, 1})
#[derive(Debug, Copy, Clone)]
pub struct test_arb_var {
x: u8,
tree: u64
}

/// d#0
fn Decoder_test_arb_var(input: &mut Parser<'_>) -> Result<test_arb_var, ParseError> {
Decoder1(input)
}

/// d#1
fn Decoder1(input: &mut Parser<'_>) -> Result<test_arb_var, ParseError> {
let x = input.read_byte()?;
let tree = (abs_u64((cast_u8_u64(x)).eval()?)).eval()?;
PResult::Ok(test_arb_var { x, tree })
}





## absu16 ((--u16 x as u8 +u16 x as u16) /u16 8400u8 as u8)
#![allow(unused_imports)]
#![allow(non_camel_case_types)]
#![allow(non_snake_case)]
#![allow(dead_code)]
#![allow(unsafe_op_in_unsafe_fn)]
#![cfg_attr(rustfmt, rustfmt::skip)]

mod codegen_tests;
pub mod api_helper;

use doodle::prelude::*;
use doodle::try_sub;

/// expected size: 4
/// trait-unready: multiple (2) decoders exist (d#{0, 1})
#[derive(Debug, Copy, Clone)]
pub struct test_arb_var {
x: u8,
tree: u16
}

/// d#0
fn Decoder_test_arb_var(input: &mut Parser<'_>) -> Result<test_arb_var, ParseError> {
Decoder1(input)
}

/// d#1
fn Decoder1(input: &mut Parser<'_>) -> Result<test_arb_var, ParseError> {
let x = input.read_byte()?;
let tree = (abs_u16((div_u16_u8_u16((pred_u16((add_u8_u16_u16(x, (cast_u8_u16(x)).eval()?)).eval()?)).eval()?, 8400u8)).eval()?)).eval()?;
PResult::Ok(test_arb_var { x, tree })
}





## (++u64 absu16 (x as u64) *u64 x as u32) %u64 ((--u16 x as u64) -u16 x as u8 as u64)
#![allow(unused_imports)]
#![allow(non_camel_case_types)]
#![allow(non_snake_case)]
#![allow(dead_code)]
#![allow(unsafe_op_in_unsafe_fn)]
#![cfg_attr(rustfmt, rustfmt::skip)]

mod codegen_tests;
pub mod api_helper;

use doodle::prelude::*;
use doodle::try_sub;

/// expected size: 16
/// trait-unready: multiple (2) decoders exist (d#{0, 1})
#[derive(Debug, Copy, Clone)]
pub struct test_arb_var {
x: u8,
tree: u64
}

/// d#0
fn Decoder_test_arb_var(input: &mut Parser<'_>) -> Result<test_arb_var, ParseError> {
Decoder1(input)
}

/// d#1
fn Decoder1(input: &mut Parser<'_>) -> Result<test_arb_var, ParseError> {
let x = input.read_byte()?;
let tree = (rem_u64_u16_u64((succ_u64((mul_u16_u32_u64((eval_unary_fallback<u64, u16>((cast_u8_u64(x)).eval()?, r#"abs_u64_u16"#, |x| Signed::abs(x))).eval()?, (cast_u8_u32(x)).eval()?)).eval()?)).eval()?, (eval_fallback<u16, u64, u16>((eval_unary_fallback<u64, u16>((cast_u8_u64(x)).eval()?, r#"pred_u64_u16"#, |x| Numeric::pred(x))).eval()?, (cast_u8_u64(x)).eval()?, r#"sub_u16_u64_u16"#, |x, y| BigInt::checked_sub(x, y))).eval()?)).eval()?;
PResult::Ok(test_arb_var { x, tree })
}





## (-445363236u16 as u8 +i8 x as i8 *i8 33804503i16) as i32
#![allow(unused_imports)]
#![allow(non_camel_case_types)]
#![allow(non_snake_case)]
#![allow(dead_code)]
#![allow(unsafe_op_in_unsafe_fn)]
#![cfg_attr(rustfmt, rustfmt::skip)]

mod codegen_tests;
pub mod api_helper;

use doodle::prelude::*;
use doodle::try_sub;

/// expected size: 8
/// trait-unready: multiple (2) decoders exist (d#{0, 1})
#[derive(Debug, Copy, Clone)]
pub struct test_arb_var {
x: u8,
tree: i32
}

/// d#0
fn Decoder_test_arb_var(input: &mut Parser<'_>) -> Result<test_arb_var, ParseError> {
Decoder1(input)
}

/// d#1
fn Decoder1(input: &mut Parser<'_>) -> Result<test_arb_var, ParseError> {
let x = input.read_byte()?;
let tree = (cast_i8_i32((eval_fallback<u8, i8, i8>((cast_u16_u8(-445363236u16)).eval()?, (eval_fallback<i8, i16, i8>((cast_u8_i8(x)).eval()?, 33804503i16, r#"mul_i8_i16_i8"#, |x, y| BigInt::checked_mul(x, y))).eval()?, r#"add_u8_i8_i8"#, |x, y| BigInt::checked_add(x, y))).eval()?)).eval()?;
PResult::Ok(test_arb_var { x, tree })
}





## 3353342933u16 as u16 +u8 x as u32 +u32 (++u32 x as u16 as u32)
#![allow(unused_imports)]
#![allow(non_camel_case_types)]
#![allow(non_snake_case)]
#![allow(dead_code)]
#![allow(unsafe_op_in_unsafe_fn)]
#![cfg_attr(rustfmt, rustfmt::skip)]

mod codegen_tests;
pub mod api_helper;

use doodle::prelude::*;
use doodle::try_sub;

/// expected size: 8
/// trait-unready: multiple (2) decoders exist (d#{0, 1})
#[derive(Debug, Copy, Clone)]
pub struct test_arb_var {
x: u8,
tree: u32
}

/// d#0
fn Decoder_test_arb_var(input: &mut Parser<'_>) -> Result<test_arb_var, ParseError> {
Decoder1(input)
}

/// d#1
fn Decoder1(input: &mut Parser<'_>) -> Result<test_arb_var, ParseError> {
let x = input.read_byte()?;
let tree = (add_u8_u32_u32((eval_fallback<u16, u32, u8>(3353342933u16, (cast_u8_u32(x)).eval()?, r#"add_u16_u32_u8"#, |x, y| BigInt::checked_add(x, y))).eval()?, (succ_u32((cast_u16_u32((cast_u8_u16(x)).eval()?)).eval()?)).eval()?)).eval()?;
PResult::Ok(test_arb_var { x, tree })
}





## ((--i16 x as i16) -i8 absi16 (x as i16)) as i16
#![allow(unused_imports)]
#![allow(non_camel_case_types)]
#![allow(non_snake_case)]
#![allow(dead_code)]
#![allow(unsafe_op_in_unsafe_fn)]
#![cfg_attr(rustfmt, rustfmt::skip)]

mod codegen_tests;
pub mod api_helper;

use doodle::prelude::*;
use doodle::try_sub;

/// expected size: 4
/// trait-unready: multiple (2) decoders exist (d#{0, 1})
#[derive(Debug, Copy, Clone)]
pub struct test_arb_var {
x: u8,
tree: i16
}

/// d#0
fn Decoder_test_arb_var(input: &mut Parser<'_>) -> Result<test_arb_var, ParseError> {
Decoder1(input)
}

/// d#1
fn Decoder1(input: &mut Parser<'_>) -> Result<test_arb_var, ParseError> {
let x = input.read_byte()?;
let tree = (cast_i8_i16((eval_fallback<i16, i16, i8>((pred_i16((cast_u8_i16(x)).eval()?)).eval()?, (abs_i16((cast_u8_i16(x)).eval()?)).eval()?, r#"sub_i16_i8"#, |x, y| BigInt::checked_sub(x, y))).eval()?)).eval()?;
PResult::Ok(test_arb_var { x, tree })
}





## x as u8 as u8 as i16
#![allow(unused_imports)]
#![allow(non_camel_case_types)]
#![allow(non_snake_case)]
#![allow(dead_code)]
#![allow(unsafe_op_in_unsafe_fn)]
#![cfg_attr(rustfmt, rustfmt::skip)]

mod codegen_tests;
pub mod api_helper;

use doodle::prelude::*;
use doodle::try_sub;

/// expected size: 4
/// trait-unready: multiple (2) decoders exist (d#{0, 1})
#[derive(Debug, Copy, Clone)]
pub struct test_arb_var {
x: u8,
tree: i16
}

/// d#0
fn Decoder_test_arb_var(input: &mut Parser<'_>) -> Result<test_arb_var, ParseError> {
Decoder1(input)
}

/// d#1
fn Decoder1(input: &mut Parser<'_>) -> Result<test_arb_var, ParseError> {
let x = input.read_byte()?;
let tree = (cast_u8_i16(x)).eval()?;
PResult::Ok(test_arb_var { x, tree })
}





## absu64 (absu8 (x as u64) -u64 x as u64 +u32 2584643722698279889u32 as u16 as u64)
#![allow(unused_imports)]
#![allow(non_camel_case_types)]
#![allow(non_snake_case)]
#![allow(dead_code)]
#![allow(unsafe_op_in_unsafe_fn)]
#![cfg_attr(rustfmt, rustfmt::skip)]

mod codegen_tests;
pub mod api_helper;

use doodle::prelude::*;
use doodle::try_sub;

/// expected size: 16
/// trait-unready: multiple (2) decoders exist (d#{0, 1})
#[derive(Debug, Copy, Clone)]
pub struct test_arb_var {
x: u8,
tree: u64
}

/// d#0
fn Decoder_test_arb_var(input: &mut Parser<'_>) -> Result<test_arb_var, ParseError> {
Decoder1(input)
}

/// d#1
fn Decoder1(input: &mut Parser<'_>) -> Result<test_arb_var, ParseError> {
let x = input.read_byte()?;
let tree = (abs_u64((sub_u8_u32_u64((eval_unary_fallback<u64, u8>((cast_u8_u64(x)).eval()?, r#"abs_u64_u8"#, |x| Signed::abs(x))).eval()?, (eval_fallback<u64, u64, u32>((cast_u8_u64(x)).eval()?, (cast_u16_u64((cast_u32_u16(2584643722698279889u32)).eval()?)).eval()?, r#"add_u64_u32"#, |x, y| BigInt::checked_add(x, y))).eval()?)).eval()?)).eval()?;
PResult::Ok(test_arb_var { x, tree })
}





## ~u8 (x as i16) %i16 (x as i16 *u8 (++i16 x as u8 *i16 20480i16))
#![allow(unused_imports)]
#![allow(non_camel_case_types)]
#![allow(non_snake_case)]
#![allow(dead_code)]
#![allow(unsafe_op_in_unsafe_fn)]
#![cfg_attr(rustfmt, rustfmt::skip)]

mod codegen_tests;
pub mod api_helper;

use doodle::prelude::*;
use doodle::try_sub;

/// expected size: 4
/// trait-unready: multiple (2) decoders exist (d#{0, 1})
#[derive(Debug, Copy, Clone)]
pub struct test_arb_var {
x: u8,
tree: i16
}

/// d#0
fn Decoder_test_arb_var(input: &mut Parser<'_>) -> Result<test_arb_var, ParseError> {
Decoder1(input)
}

/// d#1
fn Decoder1(input: &mut Parser<'_>) -> Result<test_arb_var, ParseError> {
let x = input.read_byte()?;
let tree = (rem_u8_i16((eval_unary_fallback<i16, u8>((cast_u8_i16(x)).eval()?, r#"neg_i16_u8"#, |x| Neg::neg(x))).eval()?, (eval_fallback<i16, i16, u8>((cast_u8_i16(x)).eval()?, (succ_i16((mul_u8_i16_i16(x, 20480i16)).eval()?)).eval()?, r#"mul_i16_u8"#, |x, y| BigInt::checked_mul(x, y))).eval()?)).eval()?;
PResult::Ok(test_arb_var { x, tree })
}





## absi8 37i8 *i8 (x as i8 +i8 77i8)
#![allow(unused_imports)]
#![allow(non_camel_case_types)]
#![allow(non_snake_case)]
#![allow(dead_code)]
#![allow(unsafe_op_in_unsafe_fn)]
#![cfg_attr(rustfmt, rustfmt::skip)]

mod codegen_tests;
pub mod api_helper;

use doodle::prelude::*;
use doodle::try_sub;

/// expected size: 2
/// trait-unready: multiple (2) decoders exist (d#{0, 1})
#[derive(Debug, Copy, Clone)]
pub struct test_arb_var {
x: u8,
tree: i8
}

/// d#0
fn Decoder_test_arb_var(input: &mut Parser<'_>) -> Result<test_arb_var, ParseError> {
Decoder1(input)
}

/// d#1
fn Decoder1(input: &mut Parser<'_>) -> Result<test_arb_var, ParseError> {
let x = input.read_byte()?;
let tree = (mul_i8((abs_i8(37i8)).eval()?, (add_i8((cast_u8_i8(x)).eval()?, 77i8)).eval()?)).eval()?;
PResult::Ok(test_arb_var { x, tree })
}





## absu16 (x as u8 as u16)
#![allow(unused_imports)]
#![allow(non_camel_case_types)]
#![allow(non_snake_case)]
#![allow(dead_code)]
#![allow(unsafe_op_in_unsafe_fn)]
#![cfg_attr(rustfmt, rustfmt::skip)]

mod codegen_tests;
pub mod api_helper;

use doodle::prelude::*;
use doodle::try_sub;

/// expected size: 4
/// trait-unready: multiple (2) decoders exist (d#{0, 1})
#[derive(Debug, Copy, Clone)]
pub struct test_arb_var {
x: u8,
tree: u16
}

/// d#0
fn Decoder_test_arb_var(input: &mut Parser<'_>) -> Result<test_arb_var, ParseError> {
Decoder1(input)
}

/// d#1
fn Decoder1(input: &mut Parser<'_>) -> Result<test_arb_var, ParseError> {
let x = input.read_byte()?;
let tree = (abs_u16((cast_u8_u16(x)).eval()?)).eval()?;
PResult::Ok(test_arb_var { x, tree })
}





## absi8 (++i32 x as i32) as i32
#![allow(unused_imports)]
#![allow(non_camel_case_types)]
#![allow(non_snake_case)]
#![allow(dead_code)]
#![allow(unsafe_op_in_unsafe_fn)]
#![cfg_attr(rustfmt, rustfmt::skip)]

mod codegen_tests;
pub mod api_helper;

use doodle::prelude::*;
use doodle::try_sub;

/// expected size: 8
/// trait-unready: multiple (2) decoders exist (d#{0, 1})
#[derive(Debug, Copy, Clone)]
pub struct test_arb_var {
x: u8,
tree: i32
}

/// d#0
fn Decoder_test_arb_var(input: &mut Parser<'_>) -> Result<test_arb_var, ParseError> {
Decoder1(input)
}

/// d#1
fn Decoder1(input: &mut Parser<'_>) -> Result<test_arb_var, ParseError> {
let x = input.read_byte()?;
let tree = (cast_i8_i32((eval_unary_fallback<i32, i8>((succ_i32((cast_u8_i32(x)).eval()?)).eval()?, r#"abs_i32_i8"#, |x| Signed::abs(x))).eval()?)).eval()?;
PResult::Ok(test_arb_var { x, tree })
}





## ++i8 --i8 22i8 -i8 absi8 (x as i8)
#![allow(unused_imports)]
#![allow(non_camel_case_types)]
#![allow(non_snake_case)]
#![allow(dead_code)]
#![allow(unsafe_op_in_unsafe_fn)]
#![cfg_attr(rustfmt, rustfmt::skip)]

mod codegen_tests;
pub mod api_helper;

use doodle::prelude::*;
use doodle::try_sub;

/// expected size: 2
/// trait-unready: multiple (2) decoders exist (d#{0, 1})
#[derive(Debug, Copy, Clone)]
pub struct test_arb_var {
x: u8,
tree: i8
}

/// d#0
fn Decoder_test_arb_var(input: &mut Parser<'_>) -> Result<test_arb_var, ParseError> {
Decoder1(input)
}

/// d#1
fn Decoder1(input: &mut Parser<'_>) -> Result<test_arb_var, ParseError> {
let x = input.read_byte()?;
let tree = (succ_i8((pred_i8((sub_i8(22i8, (abs_i8((cast_u8_i8(x)).eval()?)).eval()?)).eval()?)).eval()?)).eval()?;
PResult::Ok(test_arb_var { x, tree })
}





## --u8 (--u8 190u8) *u8 x
#![allow(unused_imports)]
#![allow(non_camel_case_types)]
#![allow(non_snake_case)]
#![allow(dead_code)]
#![allow(unsafe_op_in_unsafe_fn)]
#![cfg_attr(rustfmt, rustfmt::skip)]

mod codegen_tests;
pub mod api_helper;

use doodle::prelude::*;
use doodle::try_sub;

/// expected size: 2
/// trait-unready: multiple (2) decoders exist (d#{0, 1})
#[derive(Debug, Copy, Clone)]
pub struct test_arb_var {
x: u8,
tree: u8
}

/// d#0
fn Decoder_test_arb_var(input: &mut Parser<'_>) -> Result<test_arb_var, ParseError> {
Decoder1(input)
}

/// d#1
fn Decoder1(input: &mut Parser<'_>) -> Result<test_arb_var, ParseError> {
let x = input.read_byte()?;
let tree = (pred_u8((mul_u8((pred_u8(190u8)).eval()?, x)).eval()?)).eval()?;
PResult::Ok(test_arb_var { x, tree })
}





## (x as u8 -u32 x as u8) *u64 (4607156707110092490u16 /u16 x as u8)
#![allow(unused_imports)]
#![allow(non_camel_case_types)]
#![allow(non_snake_case)]
#![allow(dead_code)]
#![allow(unsafe_op_in_unsafe_fn)]
#![cfg_attr(rustfmt, rustfmt::skip)]

mod codegen_tests;
pub mod api_helper;

use doodle::prelude::*;
use doodle::try_sub;

/// expected size: 16
/// trait-unready: multiple (2) decoders exist (d#{0, 1})
#[derive(Debug, Copy, Clone)]
pub struct test_arb_var {
x: u8,
tree: u64
}

/// d#0
fn Decoder_test_arb_var(input: &mut Parser<'_>) -> Result<test_arb_var, ParseError> {
Decoder1(input)
}

/// d#1
fn Decoder1(input: &mut Parser<'_>) -> Result<test_arb_var, ParseError> {
let x = input.read_byte()?;
let tree = (mul_u32_u16_u64((sub_u8_u32(x, x)).eval()?, (div_u16_u8_u16(4607156707110092490u16, x)).eval()?)).eval()?;
PResult::Ok(test_arb_var { x, tree })
}





## (x as i8 *u8 -1005867668u16 *i16 x as i16) as i16 -i32 ~u8 (x as u16 as i32)
#![allow(unused_imports)]
#![allow(non_camel_case_types)]
#![allow(non_snake_case)]
#![allow(dead_code)]
#![allow(unsafe_op_in_unsafe_fn)]
#![cfg_attr(rustfmt, rustfmt::skip)]

mod codegen_tests;
pub mod api_helper;

use doodle::prelude::*;
use doodle::try_sub;

/// expected size: 8
/// trait-unready: multiple (2) decoders exist (d#{0, 1})
#[derive(Debug, Copy, Clone)]
pub struct test_arb_var {
x: u8,
tree: i32
}

/// d#0
fn Decoder_test_arb_var(input: &mut Parser<'_>) -> Result<test_arb_var, ParseError> {
Decoder1(input)
}

/// d#1
fn Decoder1(input: &mut Parser<'_>) -> Result<test_arb_var, ParseError> {
let x = input.read_byte()?;
let tree = (sub_i16_u8_i32((cast_u8_i16((eval_fallback<i8, i16, u8>((cast_u8_i8(x)).eval()?, (eval_fallback<u16, i16, i16>(-1005867668u16, (cast_u8_i16(x)).eval()?, r#"mul_u16_i16_i16"#, |x, y| BigInt::checked_mul(x, y))).eval()?, r#"mul_i8_i16_u8"#, |x, y| BigInt::checked_mul(x, y))).eval()?)).eval()?, (eval_unary_fallback<i32, u8>((cast_u16_i32((cast_u8_u16(x)).eval()?)).eval()?, r#"neg_i32_u8"#, |x| Neg::neg(x))).eval()?)).eval()?;
PResult::Ok(test_arb_var { x, tree })
}





## absi64 (x as i64)
#![allow(unused_imports)]
#![allow(non_camel_case_types)]
#![allow(non_snake_case)]
#![allow(dead_code)]
#![allow(unsafe_op_in_unsafe_fn)]
#![cfg_attr(rustfmt, rustfmt::skip)]

mod codegen_tests;
pub mod api_helper;

use doodle::prelude::*;
use doodle::try_sub;

/// expected size: 16
/// trait-unready: multiple (2) decoders exist (d#{0, 1})
#[derive(Debug, Copy, Clone)]
pub struct test_arb_var {
x: u8,
tree: i64
}

/// d#0
fn Decoder_test_arb_var(input: &mut Parser<'_>) -> Result<test_arb_var, ParseError> {
Decoder1(input)
}

/// d#1
fn Decoder1(input: &mut Parser<'_>) -> Result<test_arb_var, ParseError> {
let x = input.read_byte()?;
let tree = (abs_i64((cast_u8_i64(x)).eval()?)).eval()?;
PResult::Ok(test_arb_var { x, tree })
}





## absi32 (x as i8 as i32)
#![allow(unused_imports)]
#![allow(non_camel_case_types)]
#![allow(non_snake_case)]
#![allow(dead_code)]
#![allow(unsafe_op_in_unsafe_fn)]
#![cfg_attr(rustfmt, rustfmt::skip)]

mod codegen_tests;
pub mod api_helper;

use doodle::prelude::*;
use doodle::try_sub;

/// expected size: 8
/// trait-unready: multiple (2) decoders exist (d#{0, 1})
#[derive(Debug, Copy, Clone)]
pub struct test_arb_var {
x: u8,
tree: i32
}

/// d#0
fn Decoder_test_arb_var(input: &mut Parser<'_>) -> Result<test_arb_var, ParseError> {
Decoder1(input)
}

/// d#1
fn Decoder1(input: &mut Parser<'_>) -> Result<test_arb_var, ParseError> {
let x = input.read_byte()?;
let tree = (abs_i32((cast_i8_i32((cast_u8_i8(x)).eval()?)).eval()?)).eval()?;
PResult::Ok(test_arb_var { x, tree })
}





## ~i16 (absi8 (x as u8 as i16) -i16 5249i8 as u8)
#![allow(unused_imports)]
#![allow(non_camel_case_types)]
#![allow(non_snake_case)]
#![allow(dead_code)]
#![allow(unsafe_op_in_unsafe_fn)]
#![cfg_attr(rustfmt, rustfmt::skip)]

mod codegen_tests;
pub mod api_helper;

use doodle::prelude::*;
use doodle::try_sub;

/// expected size: 4
/// trait-unready: multiple (2) decoders exist (d#{0, 1})
#[derive(Debug, Copy, Clone)]
pub struct test_arb_var {
x: u8,
tree: i16
}

/// d#0
fn Decoder_test_arb_var(input: &mut Parser<'_>) -> Result<test_arb_var, ParseError> {
Decoder1(input)
}

/// d#1
fn Decoder1(input: &mut Parser<'_>) -> Result<test_arb_var, ParseError> {
let x = input.read_byte()?;
let tree = (neg_i16((sub_i8_u8_i16((eval_unary_fallback<i16, i8>((cast_u8_i16(x)).eval()?, r#"abs_i16_i8"#, |x| Signed::abs(x))).eval()?, (cast_i8_u8(5249i8)).eval()?)).eval()?)).eval()?;
PResult::Ok(test_arb_var { x, tree })
}





## (13287084205815481013u32 /u32 x as u64) as u64
#![allow(unused_imports)]
#![allow(non_camel_case_types)]
#![allow(non_snake_case)]
#![allow(dead_code)]
#![allow(unsafe_op_in_unsafe_fn)]
#![cfg_attr(rustfmt, rustfmt::skip)]

mod codegen_tests;
pub mod api_helper;

use doodle::prelude::*;
use doodle::try_sub;

/// expected size: 16
/// trait-unready: multiple (2) decoders exist (d#{0, 1})
#[derive(Debug, Copy, Clone)]
pub struct test_arb_var {
x: u8,
tree: u64
}

/// d#0
fn Decoder_test_arb_var(input: &mut Parser<'_>) -> Result<test_arb_var, ParseError> {
Decoder1(input)
}

/// d#1
fn Decoder1(input: &mut Parser<'_>) -> Result<test_arb_var, ParseError> {
let x = input.read_byte()?;
let tree = (cast_u32_u64((eval_fallback<u32, u64, u32>(13287084205815481013u32, (cast_u8_u64(x)).eval()?, r#"div_u32_u64_u32"#, |x, y| BigInt::checked_div(x, y))).eval()?)).eval()?;
PResult::Ok(test_arb_var { x, tree })
}





## 12650u8 %u16 35003u8 +u16 absu16 (x as u16)
#![allow(unused_imports)]
#![allow(non_camel_case_types)]
#![allow(non_snake_case)]
#![allow(dead_code)]
#![allow(unsafe_op_in_unsafe_fn)]
#![cfg_attr(rustfmt, rustfmt::skip)]

mod codegen_tests;
pub mod api_helper;

use doodle::prelude::*;
use doodle::try_sub;

/// expected size: 4
/// trait-unready: multiple (2) decoders exist (d#{0, 1})
#[derive(Debug, Copy, Clone)]
pub struct test_arb_var {
x: u8,
tree: u16
}

/// d#0
fn Decoder_test_arb_var(input: &mut Parser<'_>) -> Result<test_arb_var, ParseError> {
Decoder1(input)
}

/// d#1
fn Decoder1(input: &mut Parser<'_>) -> Result<test_arb_var, ParseError> {
let x = input.read_byte()?;
let tree = (add_u16((rem_u8_u16(12650u8, 35003u8)).eval()?, (abs_u16((cast_u8_u16(x)).eval()?)).eval()?)).eval()?;
PResult::Ok(test_arb_var { x, tree })
}





## ((++i32 -1878026037i32) /u8 497752272i16) *i32 (x as i32 +u16 x as u16 %i16 x as i8 as i8)
#![allow(unused_imports)]
#![allow(non_camel_case_types)]
#![allow(non_snake_case)]
#![allow(dead_code)]
#![allow(unsafe_op_in_unsafe_fn)]
#![cfg_attr(rustfmt, rustfmt::skip)]

mod codegen_tests;
pub mod api_helper;

use doodle::prelude::*;
use doodle::try_sub;

/// expected size: 8
/// trait-unready: multiple (2) decoders exist (d#{0, 1})
#[derive(Debug, Copy, Clone)]
pub struct test_arb_var {
x: u8,
tree: i32
}

/// d#0
fn Decoder_test_arb_var(input: &mut Parser<'_>) -> Result<test_arb_var, ParseError> {
Decoder1(input)
}

/// d#1
fn Decoder1(input: &mut Parser<'_>) -> Result<test_arb_var, ParseError> {
let x = input.read_byte()?;
let tree = (mul_u8_u16_i32((eval_fallback<i32, i16, u8>((succ_i32(-1878026037i32)).eval()?, 497752272i16, r#"div_i32_i16_u8"#, |x, y| BigInt::checked_div(x, y))).eval()?, (eval_fallback<i32, i16, u16>((cast_u8_i32(x)).eval()?, (eval_fallback<u16, i8, i16>((cast_u8_u16(x)).eval()?, (cast_u8_i8(x)).eval()?, r#"rem_u16_i8_i16"#, |x, y| BigInt::checked_rem(x, y))).eval()?, r#"add_i32_i16_u16"#, |x, y| BigInt::checked_add(x, y))).eval()?)).eval()?;
PResult::Ok(test_arb_var { x, tree })
}





## ++u16 absu16 (x as u8 *u16 x as u16)
#![allow(unused_imports)]
#![allow(non_camel_case_types)]
#![allow(non_snake_case)]
#![allow(dead_code)]
#![allow(unsafe_op_in_unsafe_fn)]
#![cfg_attr(rustfmt, rustfmt::skip)]

mod codegen_tests;
pub mod api_helper;

use doodle::prelude::*;
use doodle::try_sub;

/// expected size: 4
/// trait-unready: multiple (2) decoders exist (d#{0, 1})
#[derive(Debug, Copy, Clone)]
pub struct test_arb_var {
x: u8,
tree: u16
}

/// d#0
fn Decoder_test_arb_var(input: &mut Parser<'_>) -> Result<test_arb_var, ParseError> {
Decoder1(input)
}

/// d#1
fn Decoder1(input: &mut Parser<'_>) -> Result<test_arb_var, ParseError> {
let x = input.read_byte()?;
let tree = (succ_u16((abs_u16((mul_u8_u16_u16(x, (cast_u8_u16(x)).eval()?)).eval()?)).eval()?)).eval()?;
PResult::Ok(test_arb_var { x, tree })
}





## (--i32 ~i32 725388082i32) -i32 x as i8 /i32 ~i16 -1048359720i32
#![allow(unused_imports)]
#![allow(non_camel_case_types)]
#![allow(non_snake_case)]
#![allow(dead_code)]
#![allow(unsafe_op_in_unsafe_fn)]
#![cfg_attr(rustfmt, rustfmt::skip)]

mod codegen_tests;
pub mod api_helper;

use doodle::prelude::*;
use doodle::try_sub;

/// expected size: 8
/// trait-unready: multiple (2) decoders exist (d#{0, 1})
#[derive(Debug, Copy, Clone)]
pub struct test_arb_var {
x: u8,
tree: i32
}

/// d#0
fn Decoder_test_arb_var(input: &mut Parser<'_>) -> Result<test_arb_var, ParseError> {
Decoder1(input)
}

/// d#1
fn Decoder1(input: &mut Parser<'_>) -> Result<test_arb_var, ParseError> {
let x = input.read_byte()?;
let tree = (sub_i32((pred_i32((neg_i32(725388082i32)).eval()?)).eval()?, (div_i8_i16_i32((cast_u8_i8(x)).eval()?, (eval_unary_fallback<i32, i16>(-1048359720i32, r#"neg_i32_i16"#, |x| Neg::neg(x))).eval()?)).eval()?)).eval()?;
PResult::Ok(test_arb_var { x, tree })
}





## --i64 (x as u16 -i8 -3888205205965205540i16) *i64 (x as i8 +i16 -5786239579031615804u16 as i16)
#![allow(unused_imports)]
#![allow(non_camel_case_types)]
#![allow(non_snake_case)]
#![allow(dead_code)]
#![allow(unsafe_op_in_unsafe_fn)]
#![cfg_attr(rustfmt, rustfmt::skip)]

mod codegen_tests;
pub mod api_helper;

use doodle::prelude::*;
use doodle::try_sub;

/// expected size: 16
/// trait-unready: multiple (2) decoders exist (d#{0, 1})
#[derive(Debug, Copy, Clone)]
pub struct test_arb_var {
x: u8,
tree: i64
}

/// d#0
fn Decoder_test_arb_var(input: &mut Parser<'_>) -> Result<test_arb_var, ParseError> {
Decoder1(input)
}

/// d#1
fn Decoder1(input: &mut Parser<'_>) -> Result<test_arb_var, ParseError> {
let x = input.read_byte()?;
let tree = (pred_i64((mul_i8_i16_i64((eval_fallback<u16, i16, i8>((cast_u8_u16(x)).eval()?, -3888205205965205540i16, r#"sub_u16_i16_i8"#, |x, y| BigInt::checked_sub(x, y))).eval()?, (add_i8_i16_i16((cast_u8_i8(x)).eval()?, (cast_u16_i16(-5786239579031615804u16)).eval()?)).eval()?)).eval()?)).eval()?;
PResult::Ok(test_arb_var { x, tree })
}





## (--i8 ~i8 78i8) -i8 x as i8 +i8 32i8
#![allow(unused_imports)]
#![allow(non_camel_case_types)]
#![allow(non_snake_case)]
#![allow(dead_code)]
#![allow(unsafe_op_in_unsafe_fn)]
#![cfg_attr(rustfmt, rustfmt::skip)]

mod codegen_tests;
pub mod api_helper;

use doodle::prelude::*;
use doodle::try_sub;

/// expected size: 2
/// trait-unready: multiple (2) decoders exist (d#{0, 1})
#[derive(Debug, Copy, Clone)]
pub struct test_arb_var {
x: u8,
tree: i8
}

/// d#0
fn Decoder_test_arb_var(input: &mut Parser<'_>) -> Result<test_arb_var, ParseError> {
Decoder1(input)
}

/// d#1
fn Decoder1(input: &mut Parser<'_>) -> Result<test_arb_var, ParseError> {
let x = input.read_byte()?;
let tree = (sub_i8((pred_i8((neg_i8(78i8)).eval()?)).eval()?, (add_i8((cast_u8_i8(x)).eval()?, 32i8)).eval()?)).eval()?;
PResult::Ok(test_arb_var { x, tree })
}





## (++u64 4229202192602937340u32 as u64) *u64 x as u16 as u32
#![allow(unused_imports)]
#![allow(non_camel_case_types)]
#![allow(non_snake_case)]
#![allow(dead_code)]
#![allow(unsafe_op_in_unsafe_fn)]
#![cfg_attr(rustfmt, rustfmt::skip)]

mod codegen_tests;
pub mod api_helper;

use doodle::prelude::*;
use doodle::try_sub;

/// expected size: 16
/// trait-unready: multiple (2) decoders exist (d#{0, 1})
#[derive(Debug, Copy, Clone)]
pub struct test_arb_var {
x: u8,
tree: u64
}

/// d#0
fn Decoder_test_arb_var(input: &mut Parser<'_>) -> Result<test_arb_var, ParseError> {
Decoder1(input)
}

/// d#1
fn Decoder1(input: &mut Parser<'_>) -> Result<test_arb_var, ParseError> {
let x = input.read_byte()?;
let tree = (mul_u64_u32_u64((succ_u64((cast_u32_u64(4229202192602937340u32)).eval()?)).eval()?, (cast_u16_u32((cast_u8_u16(x)).eval()?)).eval()?)).eval()?;
PResult::Ok(test_arb_var { x, tree })
}





## --u32 x as u16 as u8 +u32 (--u16 ++u32 x as u32)
#![allow(unused_imports)]
#![allow(non_camel_case_types)]
#![allow(non_snake_case)]
#![allow(dead_code)]
#![allow(unsafe_op_in_unsafe_fn)]
#![cfg_attr(rustfmt, rustfmt::skip)]

mod codegen_tests;
pub mod api_helper;

use doodle::prelude::*;
use doodle::try_sub;

/// expected size: 8
/// trait-unready: multiple (2) decoders exist (d#{0, 1})
#[derive(Debug, Copy, Clone)]
pub struct test_arb_var {
x: u8,
tree: u32
}

/// d#0
fn Decoder_test_arb_var(input: &mut Parser<'_>) -> Result<test_arb_var, ParseError> {
Decoder1(input)
}

/// d#1
fn Decoder1(input: &mut Parser<'_>) -> Result<test_arb_var, ParseError> {
let x = input.read_byte()?;
let tree = (pred_u32((add_u8_u16_u32((cast_u16_u8((cast_u8_u16(x)).eval()?)).eval()?, (eval_unary_fallback<u32, u16>((succ_u32((cast_u8_u32(x)).eval()?)).eval()?, r#"pred_u32_u16"#, |x| Numeric::pred(x))).eval()?)).eval()?)).eval()?;
PResult::Ok(test_arb_var { x, tree })
}





## x as i8 as u16 +i64 x as i8 as i8
#![allow(unused_imports)]
#![allow(non_camel_case_types)]
#![allow(non_snake_case)]
#![allow(dead_code)]
#![allow(unsafe_op_in_unsafe_fn)]
#![cfg_attr(rustfmt, rustfmt::skip)]

mod codegen_tests;
pub mod api_helper;

use doodle::prelude::*;
use doodle::try_sub;

/// expected size: 16
/// trait-unready: multiple (2) decoders exist (d#{0, 1})
#[derive(Debug, Copy, Clone)]
pub struct test_arb_var {
x: u8,
tree: i64
}

/// d#0
fn Decoder_test_arb_var(input: &mut Parser<'_>) -> Result<test_arb_var, ParseError> {
Decoder1(input)
}

/// d#1
fn Decoder1(input: &mut Parser<'_>) -> Result<test_arb_var, ParseError> {
let x = input.read_byte()?;
let tree = (add_u16_i8_i64((cast_i8_u16((cast_u8_i8(x)).eval()?)).eval()?, (cast_u8_i8(x)).eval()?)).eval()?;
PResult::Ok(test_arb_var { x, tree })
}





## -12691i16 /i8 x as i8 as i16 -i16 (--i8 x as i16) /i16 -18419i16
#![allow(unused_imports)]
#![allow(non_camel_case_types)]
#![allow(non_snake_case)]
#![allow(dead_code)]
#![allow(unsafe_op_in_unsafe_fn)]
#![cfg_attr(rustfmt, rustfmt::skip)]

mod codegen_tests;
pub mod api_helper;

use doodle::prelude::*;
use doodle::try_sub;

/// expected size: 4
/// trait-unready: multiple (2) decoders exist (d#{0, 1})
#[derive(Debug, Copy, Clone)]
pub struct test_arb_var {
x: u8,
tree: i16
}

/// d#0
fn Decoder_test_arb_var(input: &mut Parser<'_>) -> Result<test_arb_var, ParseError> {
Decoder1(input)
}

/// d#1
fn Decoder1(input: &mut Parser<'_>) -> Result<test_arb_var, ParseError> {
let x = input.read_byte()?;
let tree = (sub_i8_i16_i16((eval_fallback<i16, i16, i8>(-12691i16, (cast_i8_i16((cast_u8_i8(x)).eval()?)).eval()?, r#"div_i16_i8"#, |x, y| BigInt::checked_div(x, y))).eval()?, (div_i8_i16_i16((eval_unary_fallback<i16, i8>((cast_u8_i16(x)).eval()?, r#"pred_i16_i8"#, |x| Numeric::pred(x))).eval()?, -18419i16)).eval()?)).eval()?;
PResult::Ok(test_arb_var { x, tree })
}





## ~i8 (absi8 (x as i8) %i8 115i8)
#![allow(unused_imports)]
#![allow(non_camel_case_types)]
#![allow(non_snake_case)]
#![allow(dead_code)]
#![allow(unsafe_op_in_unsafe_fn)]
#![cfg_attr(rustfmt, rustfmt::skip)]

mod codegen_tests;
pub mod api_helper;

use doodle::prelude::*;
use doodle::try_sub;

/// expected size: 2
/// trait-unready: multiple (2) decoders exist (d#{0, 1})
#[derive(Debug, Copy, Clone)]
pub struct test_arb_var {
x: u8,
tree: i8
}

/// d#0
fn Decoder_test_arb_var(input: &mut Parser<'_>) -> Result<test_arb_var, ParseError> {
Decoder1(input)
}

/// d#1
fn Decoder1(input: &mut Parser<'_>) -> Result<test_arb_var, ParseError> {
let x = input.read_byte()?;
let tree = (neg_i8((rem_i8((abs_i8((cast_u8_i8(x)).eval()?)).eval()?, 115i8)).eval()?)).eval()?;
PResult::Ok(test_arb_var { x, tree })
}





## (x as u8 -i8 -3427i16 +i16 x as u8 as i8) /i16 (-13894i16 +u8 x as u8) as i8
#![allow(unused_imports)]
#![allow(non_camel_case_types)]
#![allow(non_snake_case)]
#![allow(dead_code)]
#![allow(unsafe_op_in_unsafe_fn)]
#![cfg_attr(rustfmt, rustfmt::skip)]

mod codegen_tests;
pub mod api_helper;

use doodle::prelude::*;
use doodle::try_sub;

/// expected size: 4
/// trait-unready: multiple (2) decoders exist (d#{0, 1})
#[derive(Debug, Copy, Clone)]
pub struct test_arb_var {
x: u8,
tree: i16
}

/// d#0
fn Decoder_test_arb_var(input: &mut Parser<'_>) -> Result<test_arb_var, ParseError> {
Decoder1(input)
}

/// d#1
fn Decoder1(input: &mut Parser<'_>) -> Result<test_arb_var, ParseError> {
let x = input.read_byte()?;
let tree = (div_i16_i8_i16((add_i8_i16((eval_fallback<u8, i16, i8>(x, -3427i16, r#"sub_u8_i16_i8"#, |x, y| BigInt::checked_sub(x, y))).eval()?, (cast_u8_i8(x)).eval()?)).eval()?, (cast_u8_i8((eval_fallback<i16, u8, u8>(-13894i16, x, r#"add_i16_u8_u8"#, |x, y| BigInt::checked_add(x, y))).eval()?)).eval()?)).eval()?;
PResult::Ok(test_arb_var { x, tree })
}





## (x as u8 as u8 *u16 (--u16 x as u16)) %u16 (--u8 x as u16) as u16 %u16 (--u8 x as u16)
#![allow(unused_imports)]
#![allow(non_camel_case_types)]
#![allow(non_snake_case)]
#![allow(dead_code)]
#![allow(unsafe_op_in_unsafe_fn)]
#![cfg_attr(rustfmt, rustfmt::skip)]

mod codegen_tests;
pub mod api_helper;

use doodle::prelude::*;
use doodle::try_sub;

/// expected size: 4
/// trait-unready: multiple (2) decoders exist (d#{0, 1})
#[derive(Debug, Copy, Clone)]
pub struct test_arb_var {
x: u8,
tree: u16
}

/// d#0
fn Decoder_test_arb_var(input: &mut Parser<'_>) -> Result<test_arb_var, ParseError> {
Decoder1(input)
}

/// d#1
fn Decoder1(input: &mut Parser<'_>) -> Result<test_arb_var, ParseError> {
let x = input.read_byte()?;
let tree = (rem_u16((mul_u8_u16_u16(x, (pred_u16((cast_u8_u16(x)).eval()?)).eval()?)).eval()?, (rem_u16_u8_u16((cast_u8_u16((eval_unary_fallback<u16, u8>((cast_u8_u16(x)).eval()?, r#"pred_u16_u8"#, |x| Numeric::pred(x))).eval()?)).eval()?, (eval_unary_fallback<u16, u8>((cast_u8_u16(x)).eval()?, r#"pred_u16_u8"#, |x| Numeric::pred(x))).eval()?)).eval()?)).eval()?;
PResult::Ok(test_arb_var { x, tree })
}





## (-1650809145u8 -i16 x as u16) %u8 x as i8 %u16 (396651526u8 *u16 -968797582u16) /i32 53700390u16
#![allow(unused_imports)]
#![allow(non_camel_case_types)]
#![allow(non_snake_case)]
#![allow(dead_code)]
#![allow(unsafe_op_in_unsafe_fn)]
#![cfg_attr(rustfmt, rustfmt::skip)]

mod codegen_tests;
pub mod api_helper;

use doodle::prelude::*;
use doodle::try_sub;

/// expected size: 8
/// trait-unready: multiple (2) decoders exist (d#{0, 1})
#[derive(Debug, Copy, Clone)]
pub struct test_arb_var {
x: u8,
tree: i32
}

/// d#0
fn Decoder_test_arb_var(input: &mut Parser<'_>) -> Result<test_arb_var, ParseError> {
Decoder1(input)
}

/// d#1
fn Decoder1(input: &mut Parser<'_>) -> Result<test_arb_var, ParseError> {
let x = input.read_byte()?;
let tree = (div_u16_i32((rem_u8_u16_u16((eval_fallback<i16, i8, u8>((eval_fallback<u8, u16, i16>(-1650809145u8, (cast_u8_u16(x)).eval()?, r#"sub_u8_u16_i16"#, |x, y| BigInt::checked_sub(x, y))).eval()?, (cast_u8_i8(x)).eval()?, r#"rem_i16_i8_u8"#, |x, y| BigInt::checked_rem(x, y))).eval()?, (mul_u8_u16_u16(396651526u8, -968797582u16)).eval()?)).eval()?, 53700390u16)).eval()?;
PResult::Ok(test_arb_var { x, tree })
}





## ~i16 ~i16 (24573i16 %i16 x as i8) /i16 -14583i16 %i8 (x as i8 /i8 20528i16) as i8
#![allow(unused_imports)]
#![allow(non_camel_case_types)]
#![allow(non_snake_case)]
#![allow(dead_code)]
#![allow(unsafe_op_in_unsafe_fn)]
#![cfg_attr(rustfmt, rustfmt::skip)]

mod codegen_tests;
pub mod api_helper;

use doodle::prelude::*;
use doodle::try_sub;

/// expected size: 4
/// trait-unready: multiple (2) decoders exist (d#{0, 1})
#[derive(Debug, Copy, Clone)]
pub struct test_arb_var {
x: u8,
tree: i16
}

/// d#0
fn Decoder_test_arb_var(input: &mut Parser<'_>) -> Result<test_arb_var, ParseError> {
Decoder1(input)
}

/// d#1
fn Decoder1(input: &mut Parser<'_>) -> Result<test_arb_var, ParseError> {
let x = input.read_byte()?;
let tree = (div_i16_i8_i16((neg_i16((neg_i16((rem_i16_i8_i16(24573i16, (cast_u8_i8(x)).eval()?)).eval()?)).eval()?)).eval()?, (eval_fallback<i16, i8, i8>(-14583i16, (eval_fallback<i8, i16, i8>((cast_u8_i8(x)).eval()?, 20528i16, r#"div_i8_i16_i8"#, |x, y| BigInt::checked_div(x, y))).eval()?, r#"rem_i16_i8_i8"#, |x, y| BigInt::checked_rem(x, y))).eval()?)).eval()?;
PResult::Ok(test_arb_var { x, tree })
}





## ~i8 ((--i8 x as i16) as i16) +i16 absi16 (x as i16)
#![allow(unused_imports)]
#![allow(non_camel_case_types)]
#![allow(non_snake_case)]
#![allow(dead_code)]
#![allow(unsafe_op_in_unsafe_fn)]
#![cfg_attr(rustfmt, rustfmt::skip)]

mod codegen_tests;
pub mod api_helper;

use doodle::prelude::*;
use doodle::try_sub;

/// expected size: 4
/// trait-unready: multiple (2) decoders exist (d#{0, 1})
#[derive(Debug, Copy, Clone)]
pub struct test_arb_var {
x: u8,
tree: i16
}

/// d#0
fn Decoder_test_arb_var(input: &mut Parser<'_>) -> Result<test_arb_var, ParseError> {
Decoder1(input)
}

/// d#1
fn Decoder1(input: &mut Parser<'_>) -> Result<test_arb_var, ParseError> {
let x = input.read_byte()?;
let tree = (add_i8_i16_i16((eval_unary_fallback<i16, i8>((cast_i8_i16((eval_unary_fallback<i16, i8>((cast_u8_i16(x)).eval()?, r#"pred_i16_i8"#, |x| Numeric::pred(x))).eval()?)).eval()?, r#"neg_i16_i8"#, |x| Neg::neg(x))).eval()?, (abs_i16((cast_u8_i16(x)).eval()?)).eval()?)).eval()?;
PResult::Ok(test_arb_var { x, tree })
}





## absu16 ((--u16 17948949054436960952u64) as u64) *u64 (3933689131162375683u64 -u64 x as u32)
#![allow(unused_imports)]
#![allow(non_camel_case_types)]
#![allow(non_snake_case)]
#![allow(dead_code)]
#![allow(unsafe_op_in_unsafe_fn)]
#![cfg_attr(rustfmt, rustfmt::skip)]

mod codegen_tests;
pub mod api_helper;

use doodle::prelude::*;
use doodle::try_sub;

/// expected size: 16
/// trait-unready: multiple (2) decoders exist (d#{0, 1})
#[derive(Debug, Copy, Clone)]
pub struct test_arb_var {
x: u8,
tree: u64
}

/// d#0
fn Decoder_test_arb_var(input: &mut Parser<'_>) -> Result<test_arb_var, ParseError> {
Decoder1(input)
}

/// d#1
fn Decoder1(input: &mut Parser<'_>) -> Result<test_arb_var, ParseError> {
let x = input.read_byte()?;
let tree = (mul_u16_u64_u64((eval_unary_fallback<u64, u16>((cast_u16_u64((eval_unary_fallback<u64, u16>(17948949054436960952u64, r#"pred_u64_u16"#, |x| Numeric::pred(x))).eval()?)).eval()?, r#"abs_u64_u16"#, |x| Signed::abs(x))).eval()?, (sub_u64_u32_u64(3933689131162375683u64, (cast_u8_u32(x)).eval()?)).eval()?)).eval()?;
PResult::Ok(test_arb_var { x, tree })
}





## 4063609812029038663u16 as u16 +u8 3508830404077088235u32 +u8 x as u32 as u32 +u64 x as u64 %u8 (++u32 9797506915690813506u64)
#![allow(unused_imports)]
#![allow(non_camel_case_types)]
#![allow(non_snake_case)]
#![allow(dead_code)]
#![allow(unsafe_op_in_unsafe_fn)]
#![cfg_attr(rustfmt, rustfmt::skip)]

mod codegen_tests;
pub mod api_helper;

use doodle::prelude::*;
use doodle::try_sub;

/// expected size: 16
/// trait-unready: multiple (2) decoders exist (d#{0, 1})
#[derive(Debug, Copy, Clone)]
pub struct test_arb_var {
x: u8,
tree: u64
}

/// d#0
fn Decoder_test_arb_var(input: &mut Parser<'_>) -> Result<test_arb_var, ParseError> {
Decoder1(input)
}

/// d#1
fn Decoder1(input: &mut Parser<'_>) -> Result<test_arb_var, ParseError> {
let x = input.read_byte()?;
let tree = (add_u8_u64((eval_fallback<u16, u8, u8>(4063609812029038663u16, (eval_fallback<u32, u32, u8>(3508830404077088235u32, (cast_u8_u32(x)).eval()?, r#"add_u32_u8"#, |x, y| BigInt::checked_add(x, y))).eval()?, r#"add_u16_u8_u8"#, |x, y| BigInt::checked_add(x, y))).eval()?, (eval_fallback<u64, u32, u8>((cast_u8_u64(x)).eval()?, (eval_unary_fallback<u64, u32>(9797506915690813506u64, r#"succ_u64_u32"#, |x| Numeric::succ(x))).eval()?, r#"rem_u64_u32_u8"#, |x, y| BigInt::checked_rem(x, y))).eval()?)).eval()?;
PResult::Ok(test_arb_var { x, tree })
}





## absi8 absi8 (x as i8)
#![allow(unused_imports)]
#![allow(non_camel_case_types)]
#![allow(non_snake_case)]
#![allow(dead_code)]
#![allow(unsafe_op_in_unsafe_fn)]
#![cfg_attr(rustfmt, rustfmt::skip)]

mod codegen_tests;
pub mod api_helper;

use doodle::prelude::*;
use doodle::try_sub;

/// expected size: 2
/// trait-unready: multiple (2) decoders exist (d#{0, 1})
#[derive(Debug, Copy, Clone)]
pub struct test_arb_var {
x: u8,
tree: i8
}

/// d#0
fn Decoder_test_arb_var(input: &mut Parser<'_>) -> Result<test_arb_var, ParseError> {
Decoder1(input)
}

/// d#1
fn Decoder1(input: &mut Parser<'_>) -> Result<test_arb_var, ParseError> {
let x = input.read_byte()?;
let tree = (abs_i8((abs_i8((cast_u8_i8(x)).eval()?)).eval()?)).eval()?;
PResult::Ok(test_arb_var { x, tree })
}





## absi16 ((++u8 absi16 (x as i16)) /i16 (x as u8 -u8 2358i8))
#![allow(unused_imports)]
#![allow(non_camel_case_types)]
#![allow(non_snake_case)]
#![allow(dead_code)]
#![allow(unsafe_op_in_unsafe_fn)]
#![cfg_attr(rustfmt, rustfmt::skip)]

mod codegen_tests;
pub mod api_helper;

use doodle::prelude::*;
use doodle::try_sub;

/// expected size: 4
/// trait-unready: multiple (2) decoders exist (d#{0, 1})
#[derive(Debug, Copy, Clone)]
pub struct test_arb_var {
x: u8,
tree: i16
}

/// d#0
fn Decoder_test_arb_var(input: &mut Parser<'_>) -> Result<test_arb_var, ParseError> {
Decoder1(input)
}

/// d#1
fn Decoder1(input: &mut Parser<'_>) -> Result<test_arb_var, ParseError> {
let x = input.read_byte()?;
let tree = (abs_i16((div_u8_i16((eval_unary_fallback<i16, u8>((abs_i16((cast_u8_i16(x)).eval()?)).eval()?, r#"succ_i16_u8"#, |x| Numeric::succ(x))).eval()?, (eval_fallback<u8, i8, u8>(x, 2358i8, r#"sub_u8_i8_u8"#, |x, y| BigInt::checked_sub(x, y))).eval()?)).eval()?)).eval()?;
PResult::Ok(test_arb_var { x, tree })
}





## ~u8 absi16 (x as i16) as u8 as i16
#![allow(unused_imports)]
#![allow(non_camel_case_types)]
#![allow(non_snake_case)]
#![allow(dead_code)]
#![allow(unsafe_op_in_unsafe_fn)]
#![cfg_attr(rustfmt, rustfmt::skip)]

mod codegen_tests;
pub mod api_helper;

use doodle::prelude::*;
use doodle::try_sub;

/// expected size: 4
/// trait-unready: multiple (2) decoders exist (d#{0, 1})
#[derive(Debug, Copy, Clone)]
pub struct test_arb_var {
x: u8,
tree: i16
}

/// d#0
fn Decoder_test_arb_var(input: &mut Parser<'_>) -> Result<test_arb_var, ParseError> {
Decoder1(input)
}

/// d#1
fn Decoder1(input: &mut Parser<'_>) -> Result<test_arb_var, ParseError> {
let x = input.read_byte()?;
let tree = (cast_u8_i16((eval_unary_fallback<i16, u8>((abs_i16((cast_u8_i16(x)).eval()?)).eval()?, r#"neg_i16_u8"#, |x| Neg::neg(x))).eval()?)).eval()?;
PResult::Ok(test_arb_var { x, tree })
}





## ~i16 (x as i16) %i16 ((++i8 -11964u8 as u8 as i16) +i16 (--u8 -7558i16))
#![allow(unused_imports)]
#![allow(non_camel_case_types)]
#![allow(non_snake_case)]
#![allow(dead_code)]
#![allow(unsafe_op_in_unsafe_fn)]
#![cfg_attr(rustfmt, rustfmt::skip)]

mod codegen_tests;
pub mod api_helper;

use doodle::prelude::*;
use doodle::try_sub;

/// expected size: 4
/// trait-unready: multiple (2) decoders exist (d#{0, 1})
#[derive(Debug, Copy, Clone)]
pub struct test_arb_var {
x: u8,
tree: i16
}

/// d#0
fn Decoder_test_arb_var(input: &mut Parser<'_>) -> Result<test_arb_var, ParseError> {
Decoder1(input)
}

/// d#1
fn Decoder1(input: &mut Parser<'_>) -> Result<test_arb_var, ParseError> {
let x = input.read_byte()?;
let tree = (rem_i16((neg_i16((cast_u8_i16(x)).eval()?)).eval()?, (add_i8_u8_i16((eval_unary_fallback<i16, i8>((cast_u8_i16(-11964u8)).eval()?, r#"succ_i16_i8"#, |x| Numeric::succ(x))).eval()?, (eval_unary_fallback<i16, u8>(-7558i16, r#"pred_i16_u8"#, |x| Numeric::pred(x))).eval()?)).eval()?)).eval()?;
PResult::Ok(test_arb_var { x, tree })
}





## ((--u16 61963u16) %u8 (x as u8 -u8 15901u16 +u8 (--u8 x as u16))) as u16
#![allow(unused_imports)]
#![allow(non_camel_case_types)]
#![allow(non_snake_case)]
#![allow(dead_code)]
#![allow(unsafe_op_in_unsafe_fn)]
#![cfg_attr(rustfmt, rustfmt::skip)]

mod codegen_tests;
pub mod api_helper;

use doodle::prelude::*;
use doodle::try_sub;

/// expected size: 4
/// trait-unready: multiple (2) decoders exist (d#{0, 1})
#[derive(Debug, Copy, Clone)]
pub struct test_arb_var {
x: u8,
tree: u16
}

/// d#0
fn Decoder_test_arb_var(input: &mut Parser<'_>) -> Result<test_arb_var, ParseError> {
Decoder1(input)
}

/// d#1
fn Decoder1(input: &mut Parser<'_>) -> Result<test_arb_var, ParseError> {
let x = input.read_byte()?;
let tree = (cast_u8_u16((eval_fallback<u16, u8, u8>((pred_u16(61963u16)).eval()?, (add_u8((eval_fallback<u8, u16, u8>(x, 15901u16, r#"sub_u8_u16_u8"#, |x, y| BigInt::checked_sub(x, y))).eval()?, (eval_unary_fallback<u16, u8>((cast_u8_u16(x)).eval()?, r#"pred_u16_u8"#, |x| Numeric::pred(x))).eval()?)).eval()?, r#"rem_u16_u8_u8"#, |x, y| BigInt::checked_rem(x, y))).eval()?)).eval()?;
PResult::Ok(test_arb_var { x, tree })
}





## absi8 (x as i8)
#![allow(unused_imports)]
#![allow(non_camel_case_types)]
#![allow(non_snake_case)]
#![allow(dead_code)]
#![allow(unsafe_op_in_unsafe_fn)]
#![cfg_attr(rustfmt, rustfmt::skip)]

mod codegen_tests;
pub mod api_helper;

use doodle::prelude::*;
use doodle::try_sub;

/// expected size: 2
/// trait-unready: multiple (2) decoders exist (d#{0, 1})
#[derive(Debug, Copy, Clone)]
pub struct test_arb_var {
x: u8,
tree: i8
}

/// d#0
fn Decoder_test_arb_var(input: &mut Parser<'_>) -> Result<test_arb_var, ParseError> {
Decoder1(input)
}

/// d#1
fn Decoder1(input: &mut Parser<'_>) -> Result<test_arb_var, ParseError> {
let x = input.read_byte()?;
let tree = (abs_i8((cast_u8_i8(x)).eval()?)).eval()?;
PResult::Ok(test_arb_var { x, tree })
}





## --i8 x as i8 /i8 -71i8
#![allow(unused_imports)]
#![allow(non_camel_case_types)]
#![allow(non_snake_case)]
#![allow(dead_code)]
#![allow(unsafe_op_in_unsafe_fn)]
#![cfg_attr(rustfmt, rustfmt::skip)]

mod codegen_tests;
pub mod api_helper;

use doodle::prelude::*;
use doodle::try_sub;

/// expected size: 2
/// trait-unready: multiple (2) decoders exist (d#{0, 1})
#[derive(Debug, Copy, Clone)]
pub struct test_arb_var {
x: u8,
tree: i8
}

/// d#0
fn Decoder_test_arb_var(input: &mut Parser<'_>) -> Result<test_arb_var, ParseError> {
Decoder1(input)
}

/// d#1
fn Decoder1(input: &mut Parser<'_>) -> Result<test_arb_var, ParseError> {
let x = input.read_byte()?;
let tree = (pred_i8((div_i8((cast_u8_i8(x)).eval()?, -71i8)).eval()?)).eval()?;
PResult::Ok(test_arb_var { x, tree })
}





## (absu16 43239u16 +u16 34752u8) %u8 x as u8 as u16 %u16 (--u8 x as u16) %u8 (11774u8 *u16 absu16 14264u16)
#![allow(unused_imports)]
#![allow(non_camel_case_types)]
#![allow(non_snake_case)]
#![allow(dead_code)]
#![allow(unsafe_op_in_unsafe_fn)]
#![cfg_attr(rustfmt, rustfmt::skip)]

mod codegen_tests;
pub mod api_helper;

use doodle::prelude::*;
use doodle::try_sub;

/// expected size: 4
/// trait-unready: multiple (2) decoders exist (d#{0, 1})
#[derive(Debug, Copy, Clone)]
pub struct test_arb_var {
x: u8,
tree: u16
}

/// d#0
fn Decoder_test_arb_var(input: &mut Parser<'_>) -> Result<test_arb_var, ParseError> {
Decoder1(input)
}

/// d#1
fn Decoder1(input: &mut Parser<'_>) -> Result<test_arb_var, ParseError> {
let x = input.read_byte()?;
let tree = (rem_u8_u16((eval_fallback<u16, u16, u8>((add_u16_u8_u16((abs_u16(43239u16)).eval()?, 34752u8)).eval()?, (cast_u8_u16(x)).eval()?, r#"rem_u16_u8"#, |x, y| BigInt::checked_rem(x, y))).eval()?, (eval_fallback<u8, u16, u8>((eval_unary_fallback<u16, u8>((cast_u8_u16(x)).eval()?, r#"pred_u16_u8"#, |x| Numeric::pred(x))).eval()?, (mul_u8_u16_u16(11774u8, (abs_u16(14264u16)).eval()?)).eval()?, r#"rem_u8_u16_u8"#, |x, y| BigInt::checked_rem(x, y))).eval()?)).eval()?;
PResult::Ok(test_arb_var { x, tree })
}





## 122i8 /i8 (++i8 x as i8)
#![allow(unused_imports)]
#![allow(non_camel_case_types)]
#![allow(non_snake_case)]
#![allow(dead_code)]
#![allow(unsafe_op_in_unsafe_fn)]
#![cfg_attr(rustfmt, rustfmt::skip)]

mod codegen_tests;
pub mod api_helper;

use doodle::prelude::*;
use doodle::try_sub;

/// expected size: 2
/// trait-unready: multiple (2) decoders exist (d#{0, 1})
#[derive(Debug, Copy, Clone)]
pub struct test_arb_var {
x: u8,
tree: i8
}

/// d#0
fn Decoder_test_arb_var(input: &mut Parser<'_>) -> Result<test_arb_var, ParseError> {
Decoder1(input)
}

/// d#1
fn Decoder1(input: &mut Parser<'_>) -> Result<test_arb_var, ParseError> {
let x = input.read_byte()?;
let tree = (div_i8(122i8, (succ_i8((cast_u8_i8(x)).eval()?)).eval()?)).eval()?;
PResult::Ok(test_arb_var { x, tree })
}





## (++u8 ++u64 x as u64) -u64 (8902774371205245005u16 -u16 x as u16) *u32 (--u8 x as u64)
#![allow(unused_imports)]
#![allow(non_camel_case_types)]
#![allow(non_snake_case)]
#![allow(dead_code)]
#![allow(unsafe_op_in_unsafe_fn)]
#![cfg_attr(rustfmt, rustfmt::skip)]

mod codegen_tests;
pub mod api_helper;

use doodle::prelude::*;
use doodle::try_sub;

/// expected size: 16
/// trait-unready: multiple (2) decoders exist (d#{0, 1})
#[derive(Debug, Copy, Clone)]
pub struct test_arb_var {
x: u8,
tree: u64
}

/// d#0
fn Decoder_test_arb_var(input: &mut Parser<'_>) -> Result<test_arb_var, ParseError> {
Decoder1(input)
}

/// d#1
fn Decoder1(input: &mut Parser<'_>) -> Result<test_arb_var, ParseError> {
let x = input.read_byte()?;
let tree = (sub_u8_u32_u64((eval_unary_fallback<u64, u8>((succ_u64((cast_u8_u64(x)).eval()?)).eval()?, r#"succ_u64_u8"#, |x| Numeric::succ(x))).eval()?, (mul_u16_u8_u32((sub_u16(8902774371205245005u16, (cast_u8_u16(x)).eval()?)).eval()?, (eval_unary_fallback<u64, u8>((cast_u8_u64(x)).eval()?, r#"pred_u64_u8"#, |x| Numeric::pred(x))).eval()?)).eval()?)).eval()?;
PResult::Ok(test_arb_var { x, tree })
}





## 1972715970u16 -i32 x as u8 /i16 171590685i32
#![allow(unused_imports)]
#![allow(non_camel_case_types)]
#![allow(non_snake_case)]
#![allow(dead_code)]
#![allow(unsafe_op_in_unsafe_fn)]
#![cfg_attr(rustfmt, rustfmt::skip)]

mod codegen_tests;
pub mod api_helper;

use doodle::prelude::*;
use doodle::try_sub;

/// expected size: 8
/// trait-unready: multiple (2) decoders exist (d#{0, 1})
#[derive(Debug, Copy, Clone)]
pub struct test_arb_var {
x: u8,
tree: i32
}

/// d#0
fn Decoder_test_arb_var(input: &mut Parser<'_>) -> Result<test_arb_var, ParseError> {
Decoder1(input)
}

/// d#1
fn Decoder1(input: &mut Parser<'_>) -> Result<test_arb_var, ParseError> {
let x = input.read_byte()?;
let tree = (sub_u16_i16_i32(1972715970u16, (eval_fallback<u8, i32, i16>(x, 171590685i32, r#"div_u8_i32_i16"#, |x, y| BigInt::checked_div(x, y))).eval()?)).eval()?;
PResult::Ok(test_arb_var { x, tree })
}





## (x as u8 -u16 x as u8) as u16 *u32 (4201070613u8 +u8 1664847662u8 -u16 absu16 1439959188u32)
#![allow(unused_imports)]
#![allow(non_camel_case_types)]
#![allow(non_snake_case)]
#![allow(dead_code)]
#![allow(unsafe_op_in_unsafe_fn)]
#![cfg_attr(rustfmt, rustfmt::skip)]

mod codegen_tests;
pub mod api_helper;

use doodle::prelude::*;
use doodle::try_sub;

/// expected size: 8
/// trait-unready: multiple (2) decoders exist (d#{0, 1})
#[derive(Debug, Copy, Clone)]
pub struct test_arb_var {
x: u8,
tree: u32
}

/// d#0
fn Decoder_test_arb_var(input: &mut Parser<'_>) -> Result<test_arb_var, ParseError> {
Decoder1(input)
}

/// d#1
fn Decoder1(input: &mut Parser<'_>) -> Result<test_arb_var, ParseError> {
let x = input.read_byte()?;
let tree = (mul_u16_u32((sub_u8_u16(x, x)).eval()?, (sub_u8_u16_u16((add_u8(4201070613u8, 1664847662u8)).eval()?, (eval_unary_fallback<u32, u16>(1439959188u32, r#"abs_u32_u16"#, |x| Signed::abs(x))).eval()?)).eval()?)).eval()?;
PResult::Ok(test_arb_var { x, tree })
}





## absi8 (x as i8 +i8 x as i8) +i8 -40i8
#![allow(unused_imports)]
#![allow(non_camel_case_types)]
#![allow(non_snake_case)]
#![allow(dead_code)]
#![allow(unsafe_op_in_unsafe_fn)]
#![cfg_attr(rustfmt, rustfmt::skip)]

mod codegen_tests;
pub mod api_helper;

use doodle::prelude::*;
use doodle::try_sub;

/// expected size: 2
/// trait-unready: multiple (2) decoders exist (d#{0, 1})
#[derive(Debug, Copy, Clone)]
pub struct test_arb_var {
x: u8,
tree: i8
}

/// d#0
fn Decoder_test_arb_var(input: &mut Parser<'_>) -> Result<test_arb_var, ParseError> {
Decoder1(input)
}

/// d#1
fn Decoder1(input: &mut Parser<'_>) -> Result<test_arb_var, ParseError> {
let x = input.read_byte()?;
let tree = (add_i8((abs_i8((add_i8((cast_u8_i8(x)).eval()?, (cast_u8_i8(x)).eval()?)).eval()?)).eval()?, -40i8)).eval()?;
PResult::Ok(test_arb_var { x, tree })
}





## absu16 ((--u8 x as u16) +u16 x as u16 -u8 23849u16)
#![allow(unused_imports)]
#![allow(non_camel_case_types)]
#![allow(non_snake_case)]
#![allow(dead_code)]
#![allow(unsafe_op_in_unsafe_fn)]
#![cfg_attr(rustfmt, rustfmt::skip)]

mod codegen_tests;
pub mod api_helper;

use doodle::prelude::*;
use doodle::try_sub;

/// expected size: 4
/// trait-unready: multiple (2) decoders exist (d#{0, 1})
#[derive(Debug, Copy, Clone)]
pub struct test_arb_var {
x: u8,
tree: u16
}

/// d#0
fn Decoder_test_arb_var(input: &mut Parser<'_>) -> Result<test_arb_var, ParseError> {
Decoder1(input)
}

/// d#1
fn Decoder1(input: &mut Parser<'_>) -> Result<test_arb_var, ParseError> {
let x = input.read_byte()?;
let tree = (abs_u16((add_u8_u16((eval_unary_fallback<u16, u8>((cast_u8_u16(x)).eval()?, r#"pred_u16_u8"#, |x| Numeric::pred(x))).eval()?, (eval_fallback<u16, u16, u8>((cast_u8_u16(x)).eval()?, 23849u16, r#"sub_u16_u8"#, |x, y| BigInt::checked_sub(x, y))).eval()?)).eval()?)).eval()?;
PResult::Ok(test_arb_var { x, tree })
}





## (24621u8 -u8 x as i8 +i16 x as i8) %i8 ~i8 -10236i16 +i16 (++u8 x as i16) as i8
#![allow(unused_imports)]
#![allow(non_camel_case_types)]
#![allow(non_snake_case)]
#![allow(dead_code)]
#![allow(unsafe_op_in_unsafe_fn)]
#![cfg_attr(rustfmt, rustfmt::skip)]

mod codegen_tests;
pub mod api_helper;

use doodle::prelude::*;
use doodle::try_sub;

/// expected size: 4
/// trait-unready: multiple (2) decoders exist (d#{0, 1})
#[derive(Debug, Copy, Clone)]
pub struct test_arb_var {
x: u8,
tree: i16
}

/// d#0
fn Decoder_test_arb_var(input: &mut Parser<'_>) -> Result<test_arb_var, ParseError> {
Decoder1(input)
}

/// d#1
fn Decoder1(input: &mut Parser<'_>) -> Result<test_arb_var, ParseError> {
let x = input.read_byte()?;
let tree = (add_i8_i16((eval_fallback<u8, i8, i8>((eval_fallback<u8, i16, u8>(24621u8, (add_i8_i16((cast_u8_i8(x)).eval()?, (cast_u8_i8(x)).eval()?)).eval()?, r#"sub_u8_i16_u8"#, |x, y| BigInt::checked_sub(x, y))).eval()?, (eval_unary_fallback<i16, i8>(-10236i16, r#"neg_i16_i8"#, |x| Neg::neg(x))).eval()?, r#"rem_u8_i8_i8"#, |x, y| BigInt::checked_rem(x, y))).eval()?, (cast_u8_i8((eval_unary_fallback<i16, u8>((cast_u8_i16(x)).eval()?, r#"succ_i16_u8"#, |x| Numeric::succ(x))).eval()?)).eval()?)).eval()?;
PResult::Ok(test_arb_var { x, tree })
}





## (65163u8 -u16 x as u16 *u8 x as u16 +u8 32085u8) %u8 x as u8 %u16 44047u16 /u16 (absu8 40411u16 +u16 62464u8)
#![allow(unused_imports)]
#![allow(non_camel_case_types)]
#![allow(non_snake_case)]
#![allow(dead_code)]
#![allow(unsafe_op_in_unsafe_fn)]
#![cfg_attr(rustfmt, rustfmt::skip)]

mod codegen_tests;
pub mod api_helper;

use doodle::prelude::*;
use doodle::try_sub;

/// expected size: 4
/// trait-unready: multiple (2) decoders exist (d#{0, 1})
#[derive(Debug, Copy, Clone)]
pub struct test_arb_var {
x: u8,
tree: u16
}

/// d#0
fn Decoder_test_arb_var(input: &mut Parser<'_>) -> Result<test_arb_var, ParseError> {
Decoder1(input)
}

/// d#1
fn Decoder1(input: &mut Parser<'_>) -> Result<test_arb_var, ParseError> {
let x = input.read_byte()?;
let tree = (div_u8_u16_u16((eval_fallback<u16, u16, u8>((sub_u8_u16(65163u8, (add_u8((eval_fallback<u16, u16, u8>((cast_u8_u16(x)).eval()?, (cast_u8_u16(x)).eval()?, r#"mul_u16_u8"#, |x, y| BigInt::checked_mul(x, y))).eval()?, 32085u8)).eval()?)).eval()?, (rem_u8_u16_u16(x, 44047u16)).eval()?, r#"rem_u16_u8"#, |x, y| BigInt::checked_rem(x, y))).eval()?, (add_u8_u16((eval_unary_fallback<u16, u8>(40411u16, r#"abs_u16_u8"#, |x| Signed::abs(x))).eval()?, 62464u8)).eval()?)).eval()?;
PResult::Ok(test_arb_var { x, tree })
}





## (++u8 --u16 x as u16) as u16
#![allow(unused_imports)]
#![allow(non_camel_case_types)]
#![allow(non_snake_case)]
#![allow(dead_code)]
#![allow(unsafe_op_in_unsafe_fn)]
#![cfg_attr(rustfmt, rustfmt::skip)]

mod codegen_tests;
pub mod api_helper;

use doodle::prelude::*;
use doodle::try_sub;

/// expected size: 4
/// trait-unready: multiple (2) decoders exist (d#{0, 1})
#[derive(Debug, Copy, Clone)]
pub struct test_arb_var {
x: u8,
tree: u16
}

/// d#0
fn Decoder_test_arb_var(input: &mut Parser<'_>) -> Result<test_arb_var, ParseError> {
Decoder1(input)
}

/// d#1
fn Decoder1(input: &mut Parser<'_>) -> Result<test_arb_var, ParseError> {
let x = input.read_byte()?;
let tree = (cast_u8_u16((eval_unary_fallback<u16, u8>((pred_u16((cast_u8_u16(x)).eval()?)).eval()?, r#"succ_u16_u8"#, |x| Numeric::succ(x))).eval()?)).eval()?;
PResult::Ok(test_arb_var { x, tree })
}





## ~i8 (x as i8) %i8 x as i8 %i8 absi8 (x as i8)
#![allow(unused_imports)]
#![allow(non_camel_case_types)]
#![allow(non_snake_case)]
#![allow(dead_code)]
#![allow(unsafe_op_in_unsafe_fn)]
#![cfg_attr(rustfmt, rustfmt::skip)]

mod codegen_tests;
pub mod api_helper;

use doodle::prelude::*;
use doodle::try_sub;

/// expected size: 2
/// trait-unready: multiple (2) decoders exist (d#{0, 1})
#[derive(Debug, Copy, Clone)]
pub struct test_arb_var {
x: u8,
tree: i8
}

/// d#0
fn Decoder_test_arb_var(input: &mut Parser<'_>) -> Result<test_arb_var, ParseError> {
Decoder1(input)
}

/// d#1
fn Decoder1(input: &mut Parser<'_>) -> Result<test_arb_var, ParseError> {
let x = input.read_byte()?;
let tree = (rem_i8((neg_i8((cast_u8_i8(x)).eval()?)).eval()?, (rem_i8((cast_u8_i8(x)).eval()?, (abs_i8((cast_u8_i8(x)).eval()?)).eval()?)).eval()?)).eval()?;
PResult::Ok(test_arb_var { x, tree })
}





## ((++i32 x as i64) /u16 absi16 6903797790261848037i64) as u8 /i64 (-1552548237677731204u8 as u16 *i8 (-4138600097704060186i64 %u8 7372768707820801816i8 -u16 -7581412067360660064u16 -i64 2730263286874271886u16))
#![allow(unused_imports)]
#![allow(non_camel_case_types)]
#![allow(non_snake_case)]
#![allow(dead_code)]
#![allow(unsafe_op_in_unsafe_fn)]
#![cfg_attr(rustfmt, rustfmt::skip)]

mod codegen_tests;
pub mod api_helper;

use doodle::prelude::*;
use doodle::try_sub;

/// expected size: 16
/// trait-unready: multiple (2) decoders exist (d#{0, 1})
#[derive(Debug, Copy, Clone)]
pub struct test_arb_var {
x: u8,
tree: i64
}

/// d#0
fn Decoder_test_arb_var(input: &mut Parser<'_>) -> Result<test_arb_var, ParseError> {
Decoder1(input)
}

/// d#1
fn Decoder1(input: &mut Parser<'_>) -> Result<test_arb_var, ParseError> {
let x = input.read_byte()?;
let tree = (div_u8_i8_i64((cast_u16_u8((eval_fallback<i32, i16, u16>((eval_unary_fallback<i64, i32>((cast_u8_i64(x)).eval()?, r#"succ_i64_i32"#, |x| Numeric::succ(x))).eval()?, (eval_unary_fallback<i64, i16>(6903797790261848037i64, r#"abs_i64_i16"#, |x| Signed::abs(x))).eval()?, r#"div_i32_i16_u16"#, |x, y| BigInt::checked_div(x, y))).eval()?)).eval()?, (eval_fallback<u16, u16, i8>((cast_u8_u16(-1552548237677731204u8)).eval()?, (eval_fallback<u8, i64, u16>((eval_fallback<i64, i8, u8>(-4138600097704060186i64, 7372768707820801816i8, r#"rem_i64_i8_u8"#, |x, y| BigInt::checked_rem(x, y))).eval()?, (sub_u16_i64(-7581412067360660064u16, 2730263286874271886u16)).eval()?, r#"sub_u8_i64_u16"#, |x, y| BigInt::checked_sub(x, y))).eval()?, r#"mul_u16_i8"#, |x, y| BigInt::checked_mul(x, y))).eval()?)).eval()?;
PResult::Ok(test_arb_var { x, tree })
}





## absu8 absu16 (x as u16 *u16 x as u16) %u16 x as u8 %u16 x as u16 /u8 absu16 (x as u16)
#![allow(unused_imports)]
#![allow(non_camel_case_types)]
#![allow(non_snake_case)]
#![allow(dead_code)]
#![allow(unsafe_op_in_unsafe_fn)]
#![cfg_attr(rustfmt, rustfmt::skip)]

mod codegen_tests;
pub mod api_helper;

use doodle::prelude::*;
use doodle::try_sub;

/// expected size: 4
/// trait-unready: multiple (2) decoders exist (d#{0, 1})
#[derive(Debug, Copy, Clone)]
pub struct test_arb_var {
x: u8,
tree: u16
}

/// d#0
fn Decoder_test_arb_var(input: &mut Parser<'_>) -> Result<test_arb_var, ParseError> {
Decoder1(input)
}

/// d#1
fn Decoder1(input: &mut Parser<'_>) -> Result<test_arb_var, ParseError> {
let x = input.read_byte()?;
let tree = (rem_u8_u16_u16((eval_unary_fallback<u16, u8>((abs_u16((mul_u16((cast_u8_u16(x)).eval()?, (cast_u8_u16(x)).eval()?)).eval()?)).eval()?, r#"abs_u16_u8"#, |x| Signed::abs(x))).eval()?, (rem_u8_u16(x, (eval_fallback<u16, u16, u8>((cast_u8_u16(x)).eval()?, (abs_u16((cast_u8_u16(x)).eval()?)).eval()?, r#"div_u16_u8"#, |x, y| BigInt::checked_div(x, y))).eval()?)).eval()?)).eval()?;
PResult::Ok(test_arb_var { x, tree })
}





## x as u8 as i16
#![allow(unused_imports)]
#![allow(non_camel_case_types)]
#![allow(non_snake_case)]
#![allow(dead_code)]
#![allow(unsafe_op_in_unsafe_fn)]
#![cfg_attr(rustfmt, rustfmt::skip)]

mod codegen_tests;
pub mod api_helper;

use doodle::prelude::*;
use doodle::try_sub;

/// expected size: 4
/// trait-unready: multiple (2) decoders exist (d#{0, 1})
#[derive(Debug, Copy, Clone)]
pub struct test_arb_var {
x: u8,
tree: i16
}

/// d#0
fn Decoder_test_arb_var(input: &mut Parser<'_>) -> Result<test_arb_var, ParseError> {
Decoder1(input)
}

/// d#1
fn Decoder1(input: &mut Parser<'_>) -> Result<test_arb_var, ParseError> {
let x = input.read_byte()?;
let tree = (cast_u8_i16(x)).eval()?;
PResult::Ok(test_arb_var { x, tree })
}





## (x as u8 %i8 x as u8) as u8 +i16 x as i16 %i16 x as u8
#![allow(unused_imports)]
#![allow(non_camel_case_types)]
#![allow(non_snake_case)]
#![allow(dead_code)]
#![allow(unsafe_op_in_unsafe_fn)]
#![cfg_attr(rustfmt, rustfmt::skip)]

mod codegen_tests;
pub mod api_helper;

use doodle::prelude::*;
use doodle::try_sub;

/// expected size: 4
/// trait-unready: multiple (2) decoders exist (d#{0, 1})
#[derive(Debug, Copy, Clone)]
pub struct test_arb_var {
x: u8,
tree: i16
}

/// d#0
fn Decoder_test_arb_var(input: &mut Parser<'_>) -> Result<test_arb_var, ParseError> {
Decoder1(input)
}

/// d#1
fn Decoder1(input: &mut Parser<'_>) -> Result<test_arb_var, ParseError> {
let x = input.read_byte()?;
let tree = (add_u8_i16_i16((cast_i8_u8((eval_fallback<u8, u8, i8>(x, x, r#"rem_u8_i8"#, |x, y| BigInt::checked_rem(x, y))).eval()?)).eval()?, (rem_i16_u8_i16((cast_u8_i16(x)).eval()?, x)).eval()?)).eval()?;
PResult::Ok(test_arb_var { x, tree })
}





## absi16 (++i16 16292i8 +i16 x as u8)
#![allow(unused_imports)]
#![allow(non_camel_case_types)]
#![allow(non_snake_case)]
#![allow(dead_code)]
#![allow(unsafe_op_in_unsafe_fn)]
#![cfg_attr(rustfmt, rustfmt::skip)]

mod codegen_tests;
pub mod api_helper;

use doodle::prelude::*;
use doodle::try_sub;

/// expected size: 4
/// trait-unready: multiple (2) decoders exist (d#{0, 1})
#[derive(Debug, Copy, Clone)]
pub struct test_arb_var {
x: u8,
tree: i16
}

/// d#0
fn Decoder_test_arb_var(input: &mut Parser<'_>) -> Result<test_arb_var, ParseError> {
Decoder1(input)
}

/// d#1
fn Decoder1(input: &mut Parser<'_>) -> Result<test_arb_var, ParseError> {
let x = input.read_byte()?;
let tree = (abs_i16((succ_i16((add_i8_u8_i16(16292i8, x)).eval()?)).eval()?)).eval()?;
PResult::Ok(test_arb_var { x, tree })
}





## ~i8 (-1610280202i32 /i32 x as i8 /u16 x as i16 as i32) as i32
#![allow(unused_imports)]
#![allow(non_camel_case_types)]
#![allow(non_snake_case)]
#![allow(dead_code)]
#![allow(unsafe_op_in_unsafe_fn)]
#![cfg_attr(rustfmt, rustfmt::skip)]

mod codegen_tests;
pub mod api_helper;

use doodle::prelude::*;
use doodle::try_sub;

/// expected size: 8
/// trait-unready: multiple (2) decoders exist (d#{0, 1})
#[derive(Debug, Copy, Clone)]
pub struct test_arb_var {
x: u8,
tree: i32
}

/// d#0
fn Decoder_test_arb_var(input: &mut Parser<'_>) -> Result<test_arb_var, ParseError> {
Decoder1(input)
}

/// d#1
fn Decoder1(input: &mut Parser<'_>) -> Result<test_arb_var, ParseError> {
let x = input.read_byte()?;
let tree = (cast_i8_i32((eval_unary_fallback<i32, i8>((div_i32_u16_i32(-1610280202i32, (eval_fallback<i8, i32, u16>((cast_u8_i8(x)).eval()?, (cast_i16_i32((cast_u8_i16(x)).eval()?)).eval()?, r#"div_i8_i32_u16"#, |x, y| BigInt::checked_div(x, y))).eval()?)).eval()?, r#"neg_i32_i8"#, |x| Neg::neg(x))).eval()?)).eval()?;
PResult::Ok(test_arb_var { x, tree })
}





## (absu8 (x as u64) +u64 (--u8 16002007337642519702u64)) %u64 ((--u32 ++u64 12580298767409211015u64) -u32 16507117755541876833u16 -u16 absu32 (x as u64))
#![allow(unused_imports)]
#![allow(non_camel_case_types)]
#![allow(non_snake_case)]
#![allow(dead_code)]
#![allow(unsafe_op_in_unsafe_fn)]
#![cfg_attr(rustfmt, rustfmt::skip)]

mod codegen_tests;
pub mod api_helper;

use doodle::prelude::*;
use doodle::try_sub;

/// expected size: 16
/// trait-unready: multiple (2) decoders exist (d#{0, 1})
#[derive(Debug, Copy, Clone)]
pub struct test_arb_var {
x: u8,
tree: u64
}

/// d#0
fn Decoder_test_arb_var(input: &mut Parser<'_>) -> Result<test_arb_var, ParseError> {
Decoder1(input)
}

/// d#1
fn Decoder1(input: &mut Parser<'_>) -> Result<test_arb_var, ParseError> {
let x = input.read_byte()?;
let tree = (rem_u64_u32_u64((add_u8_u64((eval_unary_fallback<u64, u8>((cast_u8_u64(x)).eval()?, r#"abs_u64_u8"#, |x| Signed::abs(x))).eval()?, (eval_unary_fallback<u64, u8>(16002007337642519702u64, r#"pred_u64_u8"#, |x| Numeric::pred(x))).eval()?)).eval()?, (sub_u32_u16_u32((eval_unary_fallback<u64, u32>((succ_u64(12580298767409211015u64)).eval()?, r#"pred_u64_u32"#, |x| Numeric::pred(x))).eval()?, (eval_fallback<u16, u32, u16>(16507117755541876833u16, (eval_unary_fallback<u64, u32>((cast_u8_u64(x)).eval()?, r#"abs_u64_u32"#, |x| Signed::abs(x))).eval()?, r#"sub_u16_u32_u16"#, |x, y| BigInt::checked_sub(x, y))).eval()?)).eval()?)).eval()?;
PResult::Ok(test_arb_var { x, tree })
}





## (--u16 1863997167u32) %u32 3889376385u16 %u8 x as u8
#![allow(unused_imports)]
#![allow(non_camel_case_types)]
#![allow(non_snake_case)]
#![allow(dead_code)]
#![allow(unsafe_op_in_unsafe_fn)]
#![cfg_attr(rustfmt, rustfmt::skip)]

mod codegen_tests;
pub mod api_helper;

use doodle::prelude::*;
use doodle::try_sub;

/// expected size: 8
/// trait-unready: multiple (2) decoders exist (d#{0, 1})
#[derive(Debug, Copy, Clone)]
pub struct test_arb_var {
x: u8,
tree: u32
}

/// d#0
fn Decoder_test_arb_var(input: &mut Parser<'_>) -> Result<test_arb_var, ParseError> {
Decoder1(input)
}

/// d#1
fn Decoder1(input: &mut Parser<'_>) -> Result<test_arb_var, ParseError> {
let x = input.read_byte()?;
let tree = (rem_u16_u8_u32((eval_unary_fallback<u32, u16>(1863997167u32, r#"pred_u32_u16"#, |x| Numeric::pred(x))).eval()?, (eval_fallback<u16, u8, u8>(3889376385u16, x, r#"rem_u16_u8_u8"#, |x, y| BigInt::checked_rem(x, y))).eval()?)).eval()?;
PResult::Ok(test_arb_var { x, tree })
}





## (x as u32 %i8 x as i8 %i8 ((x as i8 %i64 x as i8) *u16 x as u16)) as i64
#![allow(unused_imports)]
#![allow(non_camel_case_types)]
#![allow(non_snake_case)]
#![allow(dead_code)]
#![allow(unsafe_op_in_unsafe_fn)]
#![cfg_attr(rustfmt, rustfmt::skip)]

mod codegen_tests;
pub mod api_helper;

use doodle::prelude::*;
use doodle::try_sub;

/// expected size: 16
/// trait-unready: multiple (2) decoders exist (d#{0, 1})
#[derive(Debug, Copy, Clone)]
pub struct test_arb_var {
x: u8,
tree: i64
}

/// d#0
fn Decoder_test_arb_var(input: &mut Parser<'_>) -> Result<test_arb_var, ParseError> {
Decoder1(input)
}

/// d#1
fn Decoder1(input: &mut Parser<'_>) -> Result<test_arb_var, ParseError> {
let x = input.read_byte()?;
let tree = (cast_i8_i64((eval_fallback<i8, u16, i8>((eval_fallback<u32, i8, i8>((cast_u8_u32(x)).eval()?, (cast_u8_i8(x)).eval()?, r#"rem_u32_i8_i8"#, |x, y| BigInt::checked_rem(x, y))).eval()?, (eval_fallback<i64, u16, u16>((rem_i8_i64((cast_u8_i8(x)).eval()?, (cast_u8_i8(x)).eval()?)).eval()?, (cast_u8_u16(x)).eval()?, r#"mul_i64_u16_u16"#, |x, y| BigInt::checked_mul(x, y))).eval()?, r#"rem_i8_u16_i8"#, |x, y| BigInt::checked_rem(x, y))).eval()?)).eval()?;
PResult::Ok(test_arb_var { x, tree })
}





## absu16 17559u16 -u16 6491u8 -u16 absu16 (x as u16)
#![allow(unused_imports)]
#![allow(non_camel_case_types)]
#![allow(non_snake_case)]
#![allow(dead_code)]
#![allow(unsafe_op_in_unsafe_fn)]
#![cfg_attr(rustfmt, rustfmt::skip)]

mod codegen_tests;
pub mod api_helper;

use doodle::prelude::*;
use doodle::try_sub;

/// expected size: 4
/// trait-unready: multiple (2) decoders exist (d#{0, 1})
#[derive(Debug, Copy, Clone)]
pub struct test_arb_var {
x: u8,
tree: u16
}

/// d#0
fn Decoder_test_arb_var(input: &mut Parser<'_>) -> Result<test_arb_var, ParseError> {
Decoder1(input)
}

/// d#1
fn Decoder1(input: &mut Parser<'_>) -> Result<test_arb_var, ParseError> {
let x = input.read_byte()?;
let tree = (sub_u16((sub_u16_u8_u16((abs_u16(17559u16)).eval()?, 6491u8)).eval()?, (abs_u16((cast_u8_u16(x)).eval()?)).eval()?)).eval()?;
PResult::Ok(test_arb_var { x, tree })
}





## absu16 (x as u16)
#![allow(unused_imports)]
#![allow(non_camel_case_types)]
#![allow(non_snake_case)]
#![allow(dead_code)]
#![allow(unsafe_op_in_unsafe_fn)]
#![cfg_attr(rustfmt, rustfmt::skip)]

mod codegen_tests;
pub mod api_helper;

use doodle::prelude::*;
use doodle::try_sub;

/// expected size: 4
/// trait-unready: multiple (2) decoders exist (d#{0, 1})
#[derive(Debug, Copy, Clone)]
pub struct test_arb_var {
x: u8,
tree: u16
}

/// d#0
fn Decoder_test_arb_var(input: &mut Parser<'_>) -> Result<test_arb_var, ParseError> {
Decoder1(input)
}

/// d#1
fn Decoder1(input: &mut Parser<'_>) -> Result<test_arb_var, ParseError> {
let x = input.read_byte()?;
let tree = (abs_u16((cast_u8_u16(x)).eval()?)).eval()?;
PResult::Ok(test_arb_var { x, tree })
}





## --u16 (x as u16 *u8 (--u16 32508u16)) as u16
#![allow(unused_imports)]
#![allow(non_camel_case_types)]
#![allow(non_snake_case)]
#![allow(dead_code)]
#![allow(unsafe_op_in_unsafe_fn)]
#![cfg_attr(rustfmt, rustfmt::skip)]

mod codegen_tests;
pub mod api_helper;

use doodle::prelude::*;
use doodle::try_sub;

/// expected size: 4
/// trait-unready: multiple (2) decoders exist (d#{0, 1})
#[derive(Debug, Copy, Clone)]
pub struct test_arb_var {
x: u8,
tree: u16
}

/// d#0
fn Decoder_test_arb_var(input: &mut Parser<'_>) -> Result<test_arb_var, ParseError> {
Decoder1(input)
}

/// d#1
fn Decoder1(input: &mut Parser<'_>) -> Result<test_arb_var, ParseError> {
let x = input.read_byte()?;
let tree = (pred_u16((cast_u8_u16((eval_fallback<u16, u16, u8>((cast_u8_u16(x)).eval()?, (pred_u16(32508u16)).eval()?, r#"mul_u16_u8"#, |x, y| BigInt::checked_mul(x, y))).eval()?)).eval()?)).eval()?;
PResult::Ok(test_arb_var { x, tree })
}





## absu16 (x as u32) as u32
#![allow(unused_imports)]
#![allow(non_camel_case_types)]
#![allow(non_snake_case)]
#![allow(dead_code)]
#![allow(unsafe_op_in_unsafe_fn)]
#![cfg_attr(rustfmt, rustfmt::skip)]

mod codegen_tests;
pub mod api_helper;

use doodle::prelude::*;
use doodle::try_sub;

/// expected size: 8
/// trait-unready: multiple (2) decoders exist (d#{0, 1})
#[derive(Debug, Copy, Clone)]
pub struct test_arb_var {
x: u8,
tree: u32
}

/// d#0
fn Decoder_test_arb_var(input: &mut Parser<'_>) -> Result<test_arb_var, ParseError> {
Decoder1(input)
}

/// d#1
fn Decoder1(input: &mut Parser<'_>) -> Result<test_arb_var, ParseError> {
let x = input.read_byte()?;
let tree = (cast_u16_u32((eval_unary_fallback<u32, u16>((cast_u8_u32(x)).eval()?, r#"abs_u32_u16"#, |x| Signed::abs(x))).eval()?)).eval()?;
PResult::Ok(test_arb_var { x, tree })
}





## (--u16 absu32 443433163u32) *u32 x as u16
#![allow(unused_imports)]
#![allow(non_camel_case_types)]
#![allow(non_snake_case)]
#![allow(dead_code)]
#![allow(unsafe_op_in_unsafe_fn)]
#![cfg_attr(rustfmt, rustfmt::skip)]

mod codegen_tests;
pub mod api_helper;

use doodle::prelude::*;
use doodle::try_sub;

/// expected size: 8
/// trait-unready: multiple (2) decoders exist (d#{0, 1})
#[derive(Debug, Copy, Clone)]
pub struct test_arb_var {
x: u8,
tree: u32
}

/// d#0
fn Decoder_test_arb_var(input: &mut Parser<'_>) -> Result<test_arb_var, ParseError> {
Decoder1(input)
}

/// d#1
fn Decoder1(input: &mut Parser<'_>) -> Result<test_arb_var, ParseError> {
let x = input.read_byte()?;
let tree = (mul_u16_u32((eval_unary_fallback<u32, u16>((abs_u32(443433163u32)).eval()?, r#"pred_u32_u16"#, |x| Numeric::pred(x))).eval()?, (cast_u8_u16(x)).eval()?)).eval()?;
PResult::Ok(test_arb_var { x, tree })
}





## absu32 (x as u8 as u8 %u32 (--u8 x as u32 *u32 x as u8))
#![allow(unused_imports)]
#![allow(non_camel_case_types)]
#![allow(non_snake_case)]
#![allow(dead_code)]
#![allow(unsafe_op_in_unsafe_fn)]
#![cfg_attr(rustfmt, rustfmt::skip)]

mod codegen_tests;
pub mod api_helper;

use doodle::prelude::*;
use doodle::try_sub;

/// expected size: 8
/// trait-unready: multiple (2) decoders exist (d#{0, 1})
#[derive(Debug, Copy, Clone)]
pub struct test_arb_var {
x: u8,
tree: u32
}

/// d#0
fn Decoder_test_arb_var(input: &mut Parser<'_>) -> Result<test_arb_var, ParseError> {
Decoder1(input)
}

/// d#1
fn Decoder1(input: &mut Parser<'_>) -> Result<test_arb_var, ParseError> {
let x = input.read_byte()?;
let tree = (abs_u32((rem_u8_u32(x, (eval_unary_fallback<u32, u8>((mul_u32_u8_u32((cast_u8_u32(x)).eval()?, x)).eval()?, r#"pred_u32_u8"#, |x| Numeric::pred(x))).eval()?)).eval()?)).eval()?;
PResult::Ok(test_arb_var { x, tree })
}





## x as i8 as i8 %i32 (-1917039179i16 -i8 absi32 (x as i32) -u16 x as u8 *i8 x as i16 +i32 x as i16)
#![allow(unused_imports)]
#![allow(non_camel_case_types)]
#![allow(non_snake_case)]
#![allow(dead_code)]
#![allow(unsafe_op_in_unsafe_fn)]
#![cfg_attr(rustfmt, rustfmt::skip)]

mod codegen_tests;
pub mod api_helper;

use doodle::prelude::*;
use doodle::try_sub;

/// expected size: 8
/// trait-unready: multiple (2) decoders exist (d#{0, 1})
#[derive(Debug, Copy, Clone)]
pub struct test_arb_var {
x: u8,
tree: i32
}

/// d#0
fn Decoder_test_arb_var(input: &mut Parser<'_>) -> Result<test_arb_var, ParseError> {
Decoder1(input)
}

/// d#1
fn Decoder1(input: &mut Parser<'_>) -> Result<test_arb_var, ParseError> {
let x = input.read_byte()?;
let tree = (rem_i8_u16_i32((cast_u8_i8(x)).eval()?, (eval_fallback<i8, i32, u16>((eval_fallback<i16, i32, i8>(-1917039179i16, (abs_i32((cast_u8_i32(x)).eval()?)).eval()?, r#"sub_i16_i32_i8"#, |x, y| BigInt::checked_sub(x, y))).eval()?, (add_i8_i16_i32((eval_fallback<u8, i16, i8>(x, (cast_u8_i16(x)).eval()?, r#"mul_u8_i16_i8"#, |x, y| BigInt::checked_mul(x, y))).eval()?, (cast_u8_i16(x)).eval()?)).eval()?, r#"sub_i8_i32_u16"#, |x, y| BigInt::checked_sub(x, y))).eval()?)).eval()?;
PResult::Ok(test_arb_var { x, tree })
}





## absu8 (x +u8 x) %u8 (9u8 *u8 (++u8 150u8))
#![allow(unused_imports)]
#![allow(non_camel_case_types)]
#![allow(non_snake_case)]
#![allow(dead_code)]
#![allow(unsafe_op_in_unsafe_fn)]
#![cfg_attr(rustfmt, rustfmt::skip)]

mod codegen_tests;
pub mod api_helper;

use doodle::prelude::*;
use doodle::try_sub;

/// expected size: 2
/// trait-unready: multiple (2) decoders exist (d#{0, 1})
#[derive(Debug, Copy, Clone)]
pub struct test_arb_var {
x: u8,
tree: u8
}

/// d#0
fn Decoder_test_arb_var(input: &mut Parser<'_>) -> Result<test_arb_var, ParseError> {
Decoder1(input)
}

/// d#1
fn Decoder1(input: &mut Parser<'_>) -> Result<test_arb_var, ParseError> {
let x = input.read_byte()?;
let tree = (rem_u8((abs_u8((add_u8(x, x)).eval()?)).eval()?, (mul_u8(9u8, (succ_u8(150u8)).eval()?)).eval()?)).eval()?;
PResult::Ok(test_arb_var { x, tree })
}





## ~i64 ~i64 (x as i64)
#![allow(unused_imports)]
#![allow(non_camel_case_types)]
#![allow(non_snake_case)]
#![allow(dead_code)]
#![allow(unsafe_op_in_unsafe_fn)]
#![cfg_attr(rustfmt, rustfmt::skip)]

mod codegen_tests;
pub mod api_helper;

use doodle::prelude::*;
use doodle::try_sub;

/// expected size: 16
/// trait-unready: multiple (2) decoders exist (d#{0, 1})
#[derive(Debug, Copy, Clone)]
pub struct test_arb_var {
x: u8,
tree: i64
}

/// d#0
fn Decoder_test_arb_var(input: &mut Parser<'_>) -> Result<test_arb_var, ParseError> {
Decoder1(input)
}

/// d#1
fn Decoder1(input: &mut Parser<'_>) -> Result<test_arb_var, ParseError> {
let x = input.read_byte()?;
let tree = (neg_i64((neg_i64((cast_u8_i64(x)).eval()?)).eval()?)).eval()?;
PResult::Ok(test_arb_var { x, tree })
}





## (-686454127u16 %u8 x as i16) as i32 /i32 x as i32
#![allow(unused_imports)]
#![allow(non_camel_case_types)]
#![allow(non_snake_case)]
#![allow(dead_code)]
#![allow(unsafe_op_in_unsafe_fn)]
#![cfg_attr(rustfmt, rustfmt::skip)]

mod codegen_tests;
pub mod api_helper;

use doodle::prelude::*;
use doodle::try_sub;

/// expected size: 8
/// trait-unready: multiple (2) decoders exist (d#{0, 1})
#[derive(Debug, Copy, Clone)]
pub struct test_arb_var {
x: u8,
tree: i32
}

/// d#0
fn Decoder_test_arb_var(input: &mut Parser<'_>) -> Result<test_arb_var, ParseError> {
Decoder1(input)
}

/// d#1
fn Decoder1(input: &mut Parser<'_>) -> Result<test_arb_var, ParseError> {
let x = input.read_byte()?;
let tree = (div_i32((cast_u8_i32((eval_fallback<u16, i16, u8>(-686454127u16, (cast_u8_i16(x)).eval()?, r#"rem_u16_i16_u8"#, |x, y| BigInt::checked_rem(x, y))).eval()?)).eval()?, (cast_u8_i32(x)).eval()?)).eval()?;
PResult::Ok(test_arb_var { x, tree })
}





## absu32 (x as u32)
#![allow(unused_imports)]
#![allow(non_camel_case_types)]
#![allow(non_snake_case)]
#![allow(dead_code)]
#![allow(unsafe_op_in_unsafe_fn)]
#![cfg_attr(rustfmt, rustfmt::skip)]

mod codegen_tests;
pub mod api_helper;

use doodle::prelude::*;
use doodle::try_sub;

/// expected size: 8
/// trait-unready: multiple (2) decoders exist (d#{0, 1})
#[derive(Debug, Copy, Clone)]
pub struct test_arb_var {
x: u8,
tree: u32
}

/// d#0
fn Decoder_test_arb_var(input: &mut Parser<'_>) -> Result<test_arb_var, ParseError> {
Decoder1(input)
}

/// d#1
fn Decoder1(input: &mut Parser<'_>) -> Result<test_arb_var, ParseError> {
let x = input.read_byte()?;
let tree = (abs_u32((cast_u8_u32(x)).eval()?)).eval()?;
PResult::Ok(test_arb_var { x, tree })
}





## (absi8 (x as i8) *i8 x as i8 +i8 absi8 3i8) %i8 (++i8 ~i8 (x as i8))
#![allow(unused_imports)]
#![allow(non_camel_case_types)]
#![allow(non_snake_case)]
#![allow(dead_code)]
#![allow(unsafe_op_in_unsafe_fn)]
#![cfg_attr(rustfmt, rustfmt::skip)]

mod codegen_tests;
pub mod api_helper;

use doodle::prelude::*;
use doodle::try_sub;

/// expected size: 2
/// trait-unready: multiple (2) decoders exist (d#{0, 1})
#[derive(Debug, Copy, Clone)]
pub struct test_arb_var {
x: u8,
tree: i8
}

/// d#0
fn Decoder_test_arb_var(input: &mut Parser<'_>) -> Result<test_arb_var, ParseError> {
Decoder1(input)
}

/// d#1
fn Decoder1(input: &mut Parser<'_>) -> Result<test_arb_var, ParseError> {
let x = input.read_byte()?;
let tree = (rem_i8((add_i8((mul_i8((abs_i8((cast_u8_i8(x)).eval()?)).eval()?, (cast_u8_i8(x)).eval()?)).eval()?, (abs_i8(3i8)).eval()?)).eval()?, (succ_i8((neg_i8((cast_u8_i8(x)).eval()?)).eval()?)).eval()?)).eval()?;
PResult::Ok(test_arb_var { x, tree })
}





## absu64 (x as u8 -u64 x as u16)
#![allow(unused_imports)]
#![allow(non_camel_case_types)]
#![allow(non_snake_case)]
#![allow(dead_code)]
#![allow(unsafe_op_in_unsafe_fn)]
#![cfg_attr(rustfmt, rustfmt::skip)]

mod codegen_tests;
pub mod api_helper;

use doodle::prelude::*;
use doodle::try_sub;

/// expected size: 16
/// trait-unready: multiple (2) decoders exist (d#{0, 1})
#[derive(Debug, Copy, Clone)]
pub struct test_arb_var {
x: u8,
tree: u64
}

/// d#0
fn Decoder_test_arb_var(input: &mut Parser<'_>) -> Result<test_arb_var, ParseError> {
Decoder1(input)
}

/// d#1
fn Decoder1(input: &mut Parser<'_>) -> Result<test_arb_var, ParseError> {
let x = input.read_byte()?;
let tree = (abs_u64((sub_u8_u16_u64(x, (cast_u8_u16(x)).eval()?)).eval()?)).eval()?;
PResult::Ok(test_arb_var { x, tree })
}





## 8u8 /u8 (--u8 62u8) -u8 absu8 x +u8 144u8
#![allow(unused_imports)]
#![allow(non_camel_case_types)]
#![allow(non_snake_case)]
#![allow(dead_code)]
#![allow(unsafe_op_in_unsafe_fn)]
#![cfg_attr(rustfmt, rustfmt::skip)]

mod codegen_tests;
pub mod api_helper;

use doodle::prelude::*;
use doodle::try_sub;

/// expected size: 2
/// trait-unready: multiple (2) decoders exist (d#{0, 1})
#[derive(Debug, Copy, Clone)]
pub struct test_arb_var {
x: u8,
tree: u8
}

/// d#0
fn Decoder_test_arb_var(input: &mut Parser<'_>) -> Result<test_arb_var, ParseError> {
Decoder1(input)
}

/// d#1
fn Decoder1(input: &mut Parser<'_>) -> Result<test_arb_var, ParseError> {
let x = input.read_byte()?;
let tree = (sub_u8((div_u8(8u8, (pred_u8(62u8)).eval()?)).eval()?, (add_u8((abs_u8(x)).eval()?, 144u8)).eval()?)).eval()?;
PResult::Ok(test_arb_var { x, tree })
}





## x %u8 138u8
#![allow(unused_imports)]
#![allow(non_camel_case_types)]
#![allow(non_snake_case)]
#![allow(dead_code)]
#![allow(unsafe_op_in_unsafe_fn)]
#![cfg_attr(rustfmt, rustfmt::skip)]

mod codegen_tests;
pub mod api_helper;

use doodle::prelude::*;
use doodle::try_sub;

/// expected size: 2
/// trait-unready: multiple (2) decoders exist (d#{0, 1})
#[derive(Debug, Copy, Clone)]
pub struct test_arb_var {
x: u8,
tree: u8
}

/// d#0
fn Decoder_test_arb_var(input: &mut Parser<'_>) -> Result<test_arb_var, ParseError> {
Decoder1(input)
}

/// d#1
fn Decoder1(input: &mut Parser<'_>) -> Result<test_arb_var, ParseError> {
let x = input.read_byte()?;
let tree = (rem_u8(x, 138u8)).eval()?;
PResult::Ok(test_arb_var { x, tree })
}





## absu8 x
#![allow(unused_imports)]
#![allow(non_camel_case_types)]
#![allow(non_snake_case)]
#![allow(dead_code)]
#![allow(unsafe_op_in_unsafe_fn)]
#![cfg_attr(rustfmt, rustfmt::skip)]

mod codegen_tests;
pub mod api_helper;

use doodle::prelude::*;
use doodle::try_sub;

/// expected size: 2
/// trait-unready: multiple (2) decoders exist (d#{0, 1})
#[derive(Debug, Copy, Clone)]
pub struct test_arb_var {
x: u8,
tree: u8
}

/// d#0
fn Decoder_test_arb_var(input: &mut Parser<'_>) -> Result<test_arb_var, ParseError> {
Decoder1(input)
}

/// d#1
fn Decoder1(input: &mut Parser<'_>) -> Result<test_arb_var, ParseError> {
let x = input.read_byte()?;
let tree = (abs_u8(x)).eval()?;
PResult::Ok(test_arb_var { x, tree })
}





## (--u16 absi64 (x as i64)) /i64 x as u16 as i16 as i16 as i16
#![allow(unused_imports)]
#![allow(non_camel_case_types)]
#![allow(non_snake_case)]
#![allow(dead_code)]
#![allow(unsafe_op_in_unsafe_fn)]
#![cfg_attr(rustfmt, rustfmt::skip)]

mod codegen_tests;
pub mod api_helper;

use doodle::prelude::*;
use doodle::try_sub;

/// expected size: 16
/// trait-unready: multiple (2) decoders exist (d#{0, 1})
#[derive(Debug, Copy, Clone)]
pub struct test_arb_var {
x: u8,
tree: i64
}

/// d#0
fn Decoder_test_arb_var(input: &mut Parser<'_>) -> Result<test_arb_var, ParseError> {
Decoder1(input)
}

/// d#1
fn Decoder1(input: &mut Parser<'_>) -> Result<test_arb_var, ParseError> {
let x = input.read_byte()?;
let tree = (div_u16_i16_i64((eval_unary_fallback<i64, u16>((abs_i64((cast_u8_i64(x)).eval()?)).eval()?, r#"pred_i64_u16"#, |x| Numeric::pred(x))).eval()?, (cast_u16_i16((cast_u8_u16(x)).eval()?)).eval()?)).eval()?;
PResult::Ok(test_arb_var { x, tree })
}





## absi64 absi64 (4938855971825909271u8 -i64 x as i32)
#![allow(unused_imports)]
#![allow(non_camel_case_types)]
#![allow(non_snake_case)]
#![allow(dead_code)]
#![allow(unsafe_op_in_unsafe_fn)]
#![cfg_attr(rustfmt, rustfmt::skip)]

mod codegen_tests;
pub mod api_helper;

use doodle::prelude::*;
use doodle::try_sub;

/// expected size: 16
/// trait-unready: multiple (2) decoders exist (d#{0, 1})
#[derive(Debug, Copy, Clone)]
pub struct test_arb_var {
x: u8,
tree: i64
}

/// d#0
fn Decoder_test_arb_var(input: &mut Parser<'_>) -> Result<test_arb_var, ParseError> {
Decoder1(input)
}

/// d#1
fn Decoder1(input: &mut Parser<'_>) -> Result<test_arb_var, ParseError> {
let x = input.read_byte()?;
let tree = (abs_i64((abs_i64((sub_u8_i32_i64(4938855971825909271u8, (cast_u8_i32(x)).eval()?)).eval()?)).eval()?)).eval()?;
PResult::Ok(test_arb_var { x, tree })
}





## ~i16 (x as u8 as i32) %i32 absu8 (x as u16 /i32 x as i8 /u16 976737244u16)
#![allow(unused_imports)]
#![allow(non_camel_case_types)]
#![allow(non_snake_case)]
#![allow(dead_code)]
#![allow(unsafe_op_in_unsafe_fn)]
#![cfg_attr(rustfmt, rustfmt::skip)]

mod codegen_tests;
pub mod api_helper;

use doodle::prelude::*;
use doodle::try_sub;

/// expected size: 8
/// trait-unready: multiple (2) decoders exist (d#{0, 1})
#[derive(Debug, Copy, Clone)]
pub struct test_arb_var {
x: u8,
tree: i32
}

/// d#0
fn Decoder_test_arb_var(input: &mut Parser<'_>) -> Result<test_arb_var, ParseError> {
Decoder1(input)
}

/// d#1
fn Decoder1(input: &mut Parser<'_>) -> Result<test_arb_var, ParseError> {
let x = input.read_byte()?;
let tree = (rem_i16_u8_i32((eval_unary_fallback<i32, i16>((cast_u8_i32(x)).eval()?, r#"neg_i32_i16"#, |x| Neg::neg(x))).eval()?, (eval_unary_fallback<i32, u8>((div_u16_i32((cast_u8_u16(x)).eval()?, (eval_fallback<i8, u16, u16>((cast_u8_i8(x)).eval()?, 976737244u16, r#"div_i8_u16_u16"#, |x, y| BigInt::checked_div(x, y))).eval()?)).eval()?, r#"abs_i32_u8"#, |x| Signed::abs(x))).eval()?)).eval()?;
PResult::Ok(test_arb_var { x, tree })
}





## (1787051268i16 as u8 /i32 (671004550i32 *u16 -296371457i8) as u16) *i32 x as i8 *u16 997486687i8 as u8
#![allow(unused_imports)]
#![allow(non_camel_case_types)]
#![allow(non_snake_case)]
#![allow(dead_code)]
#![allow(unsafe_op_in_unsafe_fn)]
#![cfg_attr(rustfmt, rustfmt::skip)]

mod codegen_tests;
pub mod api_helper;

use doodle::prelude::*;
use doodle::try_sub;

/// expected size: 8
/// trait-unready: multiple (2) decoders exist (d#{0, 1})
#[derive(Debug, Copy, Clone)]
pub struct test_arb_var {
x: u8,
tree: i32
}

/// d#0
fn Decoder_test_arb_var(input: &mut Parser<'_>) -> Result<test_arb_var, ParseError> {
Decoder1(input)
}

/// d#1
fn Decoder1(input: &mut Parser<'_>) -> Result<test_arb_var, ParseError> {
let x = input.read_byte()?;
let tree = (mul_i32_u16_i32((div_u8_u16_i32((cast_i16_u8(1787051268i16)).eval()?, (eval_fallback<i32, i8, u16>(671004550i32, -296371457i8, r#"mul_i32_i8_u16"#, |x, y| BigInt::checked_mul(x, y))).eval()?)).eval()?, (eval_fallback<i8, u8, u16>((cast_u8_i8(x)).eval()?, (cast_i8_u8(997486687i8)).eval()?, r#"mul_i8_u8_u16"#, |x, y| BigInt::checked_mul(x, y))).eval()?)).eval()?;
PResult::Ok(test_arb_var { x, tree })
}





## absu32 (x as u32 /u32 4018611213u16 as u8)
#![allow(unused_imports)]
#![allow(non_camel_case_types)]
#![allow(non_snake_case)]
#![allow(dead_code)]
#![allow(unsafe_op_in_unsafe_fn)]
#![cfg_attr(rustfmt, rustfmt::skip)]

mod codegen_tests;
pub mod api_helper;

use doodle::prelude::*;
use doodle::try_sub;

/// expected size: 8
/// trait-unready: multiple (2) decoders exist (d#{0, 1})
#[derive(Debug, Copy, Clone)]
pub struct test_arb_var {
x: u8,
tree: u32
}

/// d#0
fn Decoder_test_arb_var(input: &mut Parser<'_>) -> Result<test_arb_var, ParseError> {
Decoder1(input)
}

/// d#1
fn Decoder1(input: &mut Parser<'_>) -> Result<test_arb_var, ParseError> {
let x = input.read_byte()?;
let tree = (abs_u32((div_u32_u8_u32((cast_u8_u32(x)).eval()?, (cast_u16_u8(4018611213u16)).eval()?)).eval()?)).eval()?;
PResult::Ok(test_arb_var { x, tree })
}





## absu16 absu16 (x as u16)
#![allow(unused_imports)]
#![allow(non_camel_case_types)]
#![allow(non_snake_case)]
#![allow(dead_code)]
#![allow(unsafe_op_in_unsafe_fn)]
#![cfg_attr(rustfmt, rustfmt::skip)]

mod codegen_tests;
pub mod api_helper;

use doodle::prelude::*;
use doodle::try_sub;

/// expected size: 4
/// trait-unready: multiple (2) decoders exist (d#{0, 1})
#[derive(Debug, Copy, Clone)]
pub struct test_arb_var {
x: u8,
tree: u16
}

/// d#0
fn Decoder_test_arb_var(input: &mut Parser<'_>) -> Result<test_arb_var, ParseError> {
Decoder1(input)
}

/// d#1
fn Decoder1(input: &mut Parser<'_>) -> Result<test_arb_var, ParseError> {
let x = input.read_byte()?;
let tree = (abs_u16((abs_u16((cast_u8_u16(x)).eval()?)).eval()?)).eval()?;
PResult::Ok(test_arb_var { x, tree })
}





## x %u8 (absu8 (26u8 /u8 x) *u8 x -u8 x -u8 x -u8 x)
#![allow(unused_imports)]
#![allow(non_camel_case_types)]
#![allow(non_snake_case)]
#![allow(dead_code)]
#![allow(unsafe_op_in_unsafe_fn)]
#![cfg_attr(rustfmt, rustfmt::skip)]

mod codegen_tests;
pub mod api_helper;

use doodle::prelude::*;
use doodle::try_sub;

/// expected size: 2
/// trait-unready: multiple (2) decoders exist (d#{0, 1})
#[derive(Debug, Copy, Clone)]
pub struct test_arb_var {
x: u8,
tree: u8
}

/// d#0
fn Decoder_test_arb_var(input: &mut Parser<'_>) -> Result<test_arb_var, ParseError> {
Decoder1(input)
}

/// d#1
fn Decoder1(input: &mut Parser<'_>) -> Result<test_arb_var, ParseError> {
let x = input.read_byte()?;
let tree = (rem_u8(x, (sub_u8((mul_u8((abs_u8((div_u8(26u8, x)).eval()?)).eval()?, x)).eval()?, (sub_u8(x, (sub_u8(x, x)).eval()?)).eval()?)).eval()?)).eval()?;
PResult::Ok(test_arb_var { x, tree })
}





## absu16 (x as u32) as u32
#![allow(unused_imports)]
#![allow(non_camel_case_types)]
#![allow(non_snake_case)]
#![allow(dead_code)]
#![allow(unsafe_op_in_unsafe_fn)]
#![cfg_attr(rustfmt, rustfmt::skip)]

mod codegen_tests;
pub mod api_helper;

use doodle::prelude::*;
use doodle::try_sub;

/// expected size: 8
/// trait-unready: multiple (2) decoders exist (d#{0, 1})
#[derive(Debug, Copy, Clone)]
pub struct test_arb_var {
x: u8,
tree: u32
}

/// d#0
fn Decoder_test_arb_var(input: &mut Parser<'_>) -> Result<test_arb_var, ParseError> {
Decoder1(input)
}

/// d#1
fn Decoder1(input: &mut Parser<'_>) -> Result<test_arb_var, ParseError> {
let x = input.read_byte()?;
let tree = (cast_u16_u32((eval_unary_fallback<u32, u16>((cast_u8_u32(x)).eval()?, r#"abs_u32_u16"#, |x| Signed::abs(x))).eval()?)).eval()?;
PResult::Ok(test_arb_var { x, tree })
}





## ~i8 absi8 -90i8 /i8 (--i8 x as i8) -i8 absi8 (x as i8 %i8 110i8 /i8 x as i8) -i8 (--i8 51i8)
#![allow(unused_imports)]
#![allow(non_camel_case_types)]
#![allow(non_snake_case)]
#![allow(dead_code)]
#![allow(unsafe_op_in_unsafe_fn)]
#![cfg_attr(rustfmt, rustfmt::skip)]

mod codegen_tests;
pub mod api_helper;

use doodle::prelude::*;
use doodle::try_sub;

/// expected size: 2
/// trait-unready: multiple (2) decoders exist (d#{0, 1})
#[derive(Debug, Copy, Clone)]
pub struct test_arb_var {
x: u8,
tree: i8
}

/// d#0
fn Decoder_test_arb_var(input: &mut Parser<'_>) -> Result<test_arb_var, ParseError> {
Decoder1(input)
}

/// d#1
fn Decoder1(input: &mut Parser<'_>) -> Result<test_arb_var, ParseError> {
let x = input.read_byte()?;
let tree = (sub_i8((div_i8((neg_i8((abs_i8(-90i8)).eval()?)).eval()?, (pred_i8((cast_u8_i8(x)).eval()?)).eval()?)).eval()?, (sub_i8((abs_i8((div_i8((rem_i8((cast_u8_i8(x)).eval()?, 110i8)).eval()?, (cast_u8_i8(x)).eval()?)).eval()?)).eval()?, (pred_i8(51i8)).eval()?)).eval()?)).eval()?;
PResult::Ok(test_arb_var { x, tree })
}





## absu32 (x as u8 as u8 +u32 x as u8 -u32 (--u8 x as u32) as u16)
#![allow(unused_imports)]
#![allow(non_camel_case_types)]
#![allow(non_snake_case)]
#![allow(dead_code)]
#![allow(unsafe_op_in_unsafe_fn)]
#![cfg_attr(rustfmt, rustfmt::skip)]

mod codegen_tests;
pub mod api_helper;

use doodle::prelude::*;
use doodle::try_sub;

/// expected size: 8
/// trait-unready: multiple (2) decoders exist (d#{0, 1})
#[derive(Debug, Copy, Clone)]
pub struct test_arb_var {
x: u8,
tree: u32
}

/// d#0
fn Decoder_test_arb_var(input: &mut Parser<'_>) -> Result<test_arb_var, ParseError> {
Decoder1(input)
}

/// d#1
fn Decoder1(input: &mut Parser<'_>) -> Result<test_arb_var, ParseError> {
let x = input.read_byte()?;
let tree = (abs_u32((sub_u32_u16_u32((add_u8_u32(x, x)).eval()?, (cast_u8_u16((eval_unary_fallback<u32, u8>((cast_u8_u32(x)).eval()?, r#"pred_u32_u8"#, |x| Numeric::pred(x))).eval()?)).eval()?)).eval()?)).eval()?;
PResult::Ok(test_arb_var { x, tree })
}





## --u64 --u64 x as u64
#![allow(unused_imports)]
#![allow(non_camel_case_types)]
#![allow(non_snake_case)]
#![allow(dead_code)]
#![allow(unsafe_op_in_unsafe_fn)]
#![cfg_attr(rustfmt, rustfmt::skip)]

mod codegen_tests;
pub mod api_helper;

use doodle::prelude::*;
use doodle::try_sub;

/// expected size: 16
/// trait-unready: multiple (2) decoders exist (d#{0, 1})
#[derive(Debug, Copy, Clone)]
pub struct test_arb_var {
x: u8,
tree: u64
}

/// d#0
fn Decoder_test_arb_var(input: &mut Parser<'_>) -> Result<test_arb_var, ParseError> {
Decoder1(input)
}

/// d#1
fn Decoder1(input: &mut Parser<'_>) -> Result<test_arb_var, ParseError> {
let x = input.read_byte()?;
let tree = (pred_u64((pred_u64((cast_u8_u64(x)).eval()?)).eval()?)).eval()?;
PResult::Ok(test_arb_var { x, tree })
}





## x as u8 as i8 as i64
#![allow(unused_imports)]
#![allow(non_camel_case_types)]
#![allow(non_snake_case)]
#![allow(dead_code)]
#![allow(unsafe_op_in_unsafe_fn)]
#![cfg_attr(rustfmt, rustfmt::skip)]

mod codegen_tests;
pub mod api_helper;

use doodle::prelude::*;
use doodle::try_sub;

/// expected size: 16
/// trait-unready: multiple (2) decoders exist (d#{0, 1})
#[derive(Debug, Copy, Clone)]
pub struct test_arb_var {
x: u8,
tree: i64
}

/// d#0
fn Decoder_test_arb_var(input: &mut Parser<'_>) -> Result<test_arb_var, ParseError> {
Decoder1(input)
}

/// d#1
fn Decoder1(input: &mut Parser<'_>) -> Result<test_arb_var, ParseError> {
let x = input.read_byte()?;
let tree = (cast_i8_i64((cast_u8_i8(x)).eval()?)).eval()?;
PResult::Ok(test_arb_var { x, tree })
}





## x %u8 (++u8 x)
#![allow(unused_imports)]
#![allow(non_camel_case_types)]
#![allow(non_snake_case)]
#![allow(dead_code)]
#![allow(unsafe_op_in_unsafe_fn)]
#![cfg_attr(rustfmt, rustfmt::skip)]

mod codegen_tests;
pub mod api_helper;

use doodle::prelude::*;
use doodle::try_sub;

/// expected size: 2
/// trait-unready: multiple (2) decoders exist (d#{0, 1})
#[derive(Debug, Copy, Clone)]
pub struct test_arb_var {
x: u8,
tree: u8
}

/// d#0
fn Decoder_test_arb_var(input: &mut Parser<'_>) -> Result<test_arb_var, ParseError> {
Decoder1(input)
}

/// d#1
fn Decoder1(input: &mut Parser<'_>) -> Result<test_arb_var, ParseError> {
let x = input.read_byte()?;
let tree = (rem_u8(x, (succ_u8(x)).eval()?)).eval()?;
PResult::Ok(test_arb_var { x, tree })
}





## ++u16 x as u8 as u16
#![allow(unused_imports)]
#![allow(non_camel_case_types)]
#![allow(non_snake_case)]
#![allow(dead_code)]
#![allow(unsafe_op_in_unsafe_fn)]
#![cfg_attr(rustfmt, rustfmt::skip)]

mod codegen_tests;
pub mod api_helper;

use doodle::prelude::*;
use doodle::try_sub;

/// expected size: 4
/// trait-unready: multiple (2) decoders exist (d#{0, 1})
#[derive(Debug, Copy, Clone)]
pub struct test_arb_var {
x: u8,
tree: u16
}

/// d#0
fn Decoder_test_arb_var(input: &mut Parser<'_>) -> Result<test_arb_var, ParseError> {
Decoder1(input)
}

/// d#1
fn Decoder1(input: &mut Parser<'_>) -> Result<test_arb_var, ParseError> {
let x = input.read_byte()?;
let tree = (succ_u16((cast_u8_u16(x)).eval()?)).eval()?;
PResult::Ok(test_arb_var { x, tree })
}





## ~u16 ~i32 (++i32 1704730779i8 /i32 x as i32) as i32
#![allow(unused_imports)]
#![allow(non_camel_case_types)]
#![allow(non_snake_case)]
#![allow(dead_code)]
#![allow(unsafe_op_in_unsafe_fn)]
#![cfg_attr(rustfmt, rustfmt::skip)]

mod codegen_tests;
pub mod api_helper;

use doodle::prelude::*;
use doodle::try_sub;

/// expected size: 8
/// trait-unready: multiple (2) decoders exist (d#{0, 1})
#[derive(Debug, Copy, Clone)]
pub struct test_arb_var {
x: u8,
tree: i32
}

/// d#0
fn Decoder_test_arb_var(input: &mut Parser<'_>) -> Result<test_arb_var, ParseError> {
Decoder1(input)
}

/// d#1
fn Decoder1(input: &mut Parser<'_>) -> Result<test_arb_var, ParseError> {
let x = input.read_byte()?;
let tree = (cast_u16_i32((eval_unary_fallback<i32, u16>((neg_i32((succ_i32((div_i8_i32_i32(1704730779i8, (cast_u8_i32(x)).eval()?)).eval()?)).eval()?)).eval()?, r#"neg_i32_u16"#, |x| Neg::neg(x))).eval()?)).eval()?;
PResult::Ok(test_arb_var { x, tree })
}





## x as u16 /u8 59106u8 as u16 /u16 (15957u8 +u8 38286u8 *u16 45986u16 -u16 238u8 as u8)
#![allow(unused_imports)]
#![allow(non_camel_case_types)]
#![allow(non_snake_case)]
#![allow(dead_code)]
#![allow(unsafe_op_in_unsafe_fn)]
#![cfg_attr(rustfmt, rustfmt::skip)]

mod codegen_tests;
pub mod api_helper;

use doodle::prelude::*;
use doodle::try_sub;

/// expected size: 4
/// trait-unready: multiple (2) decoders exist (d#{0, 1})
#[derive(Debug, Copy, Clone)]
pub struct test_arb_var {
x: u8,
tree: u16
}

/// d#0
fn Decoder_test_arb_var(input: &mut Parser<'_>) -> Result<test_arb_var, ParseError> {
Decoder1(input)
}

/// d#1
fn Decoder1(input: &mut Parser<'_>) -> Result<test_arb_var, ParseError> {
let x = input.read_byte()?;
let tree = (div_u8_u16_u16((eval_fallback<u16, u16, u8>((cast_u8_u16(x)).eval()?, (cast_u8_u16(59106u8)).eval()?, r#"div_u16_u8"#, |x, y| BigInt::checked_div(x, y))).eval()?, (sub_u8_u16((eval_fallback<u8, u16, u8>(15957u8, (mul_u8_u16_u16(38286u8, 45986u16)).eval()?, r#"add_u8_u16_u8"#, |x, y| BigInt::checked_add(x, y))).eval()?, 238u8)).eval()?)).eval()?;
PResult::Ok(test_arb_var { x, tree })
}





## ~i64 (x as u16 +i64 x as u8) *i64 ~i16 absi64 (x as i64)
#![allow(unused_imports)]
#![allow(non_camel_case_types)]
#![allow(non_snake_case)]
#![allow(dead_code)]
#![allow(unsafe_op_in_unsafe_fn)]
#![cfg_attr(rustfmt, rustfmt::skip)]

mod codegen_tests;
pub mod api_helper;

use doodle::prelude::*;
use doodle::try_sub;

/// expected size: 16
/// trait-unready: multiple (2) decoders exist (d#{0, 1})
#[derive(Debug, Copy, Clone)]
pub struct test_arb_var {
x: u8,
tree: i64
}

/// d#0
fn Decoder_test_arb_var(input: &mut Parser<'_>) -> Result<test_arb_var, ParseError> {
Decoder1(input)
}

/// d#1
fn Decoder1(input: &mut Parser<'_>) -> Result<test_arb_var, ParseError> {
let x = input.read_byte()?;
let tree = (mul_i64_i16_i64((neg_i64((add_u16_u8_i64((cast_u8_u16(x)).eval()?, x)).eval()?)).eval()?, (eval_unary_fallback<i64, i16>((abs_i64((cast_u8_i64(x)).eval()?)).eval()?, r#"neg_i64_i16"#, |x| Neg::neg(x))).eval()?)).eval()?;
PResult::Ok(test_arb_var { x, tree })
}





## absu8 (x as i16) +i16 ~i16 -22488i16
#![allow(unused_imports)]
#![allow(non_camel_case_types)]
#![allow(non_snake_case)]
#![allow(dead_code)]
#![allow(unsafe_op_in_unsafe_fn)]
#![cfg_attr(rustfmt, rustfmt::skip)]

mod codegen_tests;
pub mod api_helper;

use doodle::prelude::*;
use doodle::try_sub;

/// expected size: 4
/// trait-unready: multiple (2) decoders exist (d#{0, 1})
#[derive(Debug, Copy, Clone)]
pub struct test_arb_var {
x: u8,
tree: i16
}

/// d#0
fn Decoder_test_arb_var(input: &mut Parser<'_>) -> Result<test_arb_var, ParseError> {
Decoder1(input)
}

/// d#1
fn Decoder1(input: &mut Parser<'_>) -> Result<test_arb_var, ParseError> {
let x = input.read_byte()?;
let tree = (add_u8_i16_i16((eval_unary_fallback<i16, u8>((cast_u8_i16(x)).eval()?, r#"abs_i16_u8"#, |x| Signed::abs(x))).eval()?, (neg_i16(-22488i16)).eval()?)).eval()?;
PResult::Ok(test_arb_var { x, tree })
}





## absu32 (x as u16 *u32 x as u16)
#![allow(unused_imports)]
#![allow(non_camel_case_types)]
#![allow(non_snake_case)]
#![allow(dead_code)]
#![allow(unsafe_op_in_unsafe_fn)]
#![cfg_attr(rustfmt, rustfmt::skip)]

mod codegen_tests;
pub mod api_helper;

use doodle::prelude::*;
use doodle::try_sub;

/// expected size: 8
/// trait-unready: multiple (2) decoders exist (d#{0, 1})
#[derive(Debug, Copy, Clone)]
pub struct test_arb_var {
x: u8,
tree: u32
}

/// d#0
fn Decoder_test_arb_var(input: &mut Parser<'_>) -> Result<test_arb_var, ParseError> {
Decoder1(input)
}

/// d#1
fn Decoder1(input: &mut Parser<'_>) -> Result<test_arb_var, ParseError> {
let x = input.read_byte()?;
let tree = (abs_u32((mul_u16_u32((cast_u8_u16(x)).eval()?, (cast_u8_u16(x)).eval()?)).eval()?)).eval()?;
PResult::Ok(test_arb_var { x, tree })
}





## ++u64 x as u8 /u64 7909452916683064017u32
#![allow(unused_imports)]
#![allow(non_camel_case_types)]
#![allow(non_snake_case)]
#![allow(dead_code)]
#![allow(unsafe_op_in_unsafe_fn)]
#![cfg_attr(rustfmt, rustfmt::skip)]

mod codegen_tests;
pub mod api_helper;

use doodle::prelude::*;
use doodle::try_sub;

/// expected size: 16
/// trait-unready: multiple (2) decoders exist (d#{0, 1})
#[derive(Debug, Copy, Clone)]
pub struct test_arb_var {
x: u8,
tree: u64
}

/// d#0
fn Decoder_test_arb_var(input: &mut Parser<'_>) -> Result<test_arb_var, ParseError> {
Decoder1(input)
}

/// d#1
fn Decoder1(input: &mut Parser<'_>) -> Result<test_arb_var, ParseError> {
let x = input.read_byte()?;
let tree = (succ_u64((div_u8_u32_u64(x, 7909452916683064017u32)).eval()?)).eval()?;
PResult::Ok(test_arb_var { x, tree })
}





## (x as u16 -u16 ~u8 -1728420614i32) as i32
#![allow(unused_imports)]
#![allow(non_camel_case_types)]
#![allow(non_snake_case)]
#![allow(dead_code)]
#![allow(unsafe_op_in_unsafe_fn)]
#![cfg_attr(rustfmt, rustfmt::skip)]

mod codegen_tests;
pub mod api_helper;

use doodle::prelude::*;
use doodle::try_sub;

/// expected size: 8
/// trait-unready: multiple (2) decoders exist (d#{0, 1})
#[derive(Debug, Copy, Clone)]
pub struct test_arb_var {
x: u8,
tree: i32
}

/// d#0
fn Decoder_test_arb_var(input: &mut Parser<'_>) -> Result<test_arb_var, ParseError> {
Decoder1(input)
}

/// d#1
fn Decoder1(input: &mut Parser<'_>) -> Result<test_arb_var, ParseError> {
let x = input.read_byte()?;
let tree = (cast_u16_i32((sub_u16_u8_u16((cast_u8_u16(x)).eval()?, (eval_unary_fallback<i32, u8>(-1728420614i32, r#"neg_i32_u8"#, |x| Neg::neg(x))).eval()?)).eval()?)).eval()?;
PResult::Ok(test_arb_var { x, tree })
}





## absu64 (x as u32 *u64 x as u64)
#![allow(unused_imports)]
#![allow(non_camel_case_types)]
#![allow(non_snake_case)]
#![allow(dead_code)]
#![allow(unsafe_op_in_unsafe_fn)]
#![cfg_attr(rustfmt, rustfmt::skip)]

mod codegen_tests;
pub mod api_helper;

use doodle::prelude::*;
use doodle::try_sub;

/// expected size: 16
/// trait-unready: multiple (2) decoders exist (d#{0, 1})
#[derive(Debug, Copy, Clone)]
pub struct test_arb_var {
x: u8,
tree: u64
}

/// d#0
fn Decoder_test_arb_var(input: &mut Parser<'_>) -> Result<test_arb_var, ParseError> {
Decoder1(input)
}

/// d#1
fn Decoder1(input: &mut Parser<'_>) -> Result<test_arb_var, ParseError> {
let x = input.read_byte()?;
let tree = (abs_u64((mul_u32_u64_u64((cast_u8_u32(x)).eval()?, (cast_u8_u64(x)).eval()?)).eval()?)).eval()?;
PResult::Ok(test_arb_var { x, tree })
}





## --i16 x as u8 as u8 as u8 as i16
#![allow(unused_imports)]
#![allow(non_camel_case_types)]
#![allow(non_snake_case)]
#![allow(dead_code)]
#![allow(unsafe_op_in_unsafe_fn)]
#![cfg_attr(rustfmt, rustfmt::skip)]

mod codegen_tests;
pub mod api_helper;

use doodle::prelude::*;
use doodle::try_sub;

/// expected size: 4
/// trait-unready: multiple (2) decoders exist (d#{0, 1})
#[derive(Debug, Copy, Clone)]
pub struct test_arb_var {
x: u8,
tree: i16
}

/// d#0
fn Decoder_test_arb_var(input: &mut Parser<'_>) -> Result<test_arb_var, ParseError> {
Decoder1(input)
}

/// d#1
fn Decoder1(input: &mut Parser<'_>) -> Result<test_arb_var, ParseError> {
let x = input.read_byte()?;
let tree = (pred_i16((cast_u8_i16(x)).eval()?)).eval()?;
PResult::Ok(test_arb_var { x, tree })
}





## (112i8 -i8 -66i8) %i8 x as i8
#![allow(unused_imports)]
#![allow(non_camel_case_types)]
#![allow(non_snake_case)]
#![allow(dead_code)]
#![allow(unsafe_op_in_unsafe_fn)]
#![cfg_attr(rustfmt, rustfmt::skip)]

mod codegen_tests;
pub mod api_helper;

use doodle::prelude::*;
use doodle::try_sub;

/// expected size: 2
/// trait-unready: multiple (2) decoders exist (d#{0, 1})
#[derive(Debug, Copy, Clone)]
pub struct test_arb_var {
x: u8,
tree: i8
}

/// d#0
fn Decoder_test_arb_var(input: &mut Parser<'_>) -> Result<test_arb_var, ParseError> {
Decoder1(input)
}

/// d#1
fn Decoder1(input: &mut Parser<'_>) -> Result<test_arb_var, ParseError> {
let x = input.read_byte()?;
let tree = (rem_i8((sub_i8(112i8, -66i8)).eval()?, (cast_u8_i8(x)).eval()?)).eval()?;
PResult::Ok(test_arb_var { x, tree })
}





## absi8 (x as i8 %i8 x as i8)
#![allow(unused_imports)]
#![allow(non_camel_case_types)]
#![allow(non_snake_case)]
#![allow(dead_code)]
#![allow(unsafe_op_in_unsafe_fn)]
#![cfg_attr(rustfmt, rustfmt::skip)]

mod codegen_tests;
pub mod api_helper;

use doodle::prelude::*;
use doodle::try_sub;

/// expected size: 2
/// trait-unready: multiple (2) decoders exist (d#{0, 1})
#[derive(Debug, Copy, Clone)]
pub struct test_arb_var {
x: u8,
tree: i8
}

/// d#0
fn Decoder_test_arb_var(input: &mut Parser<'_>) -> Result<test_arb_var, ParseError> {
Decoder1(input)
}

/// d#1
fn Decoder1(input: &mut Parser<'_>) -> Result<test_arb_var, ParseError> {
let x = input.read_byte()?;
let tree = (abs_i8((rem_i8((cast_u8_i8(x)).eval()?, (cast_u8_i8(x)).eval()?)).eval()?)).eval()?;
PResult::Ok(test_arb_var { x, tree })
}





## absi8 (-5884268795813298690u8 +i64 -6353319931775828910i32) -i64 ~u32 ((x as i32 +u16 -3808408332560791435i32) as i64) /i16 ~i32 6915102938144722648i64 as i16
#![allow(unused_imports)]
#![allow(non_camel_case_types)]
#![allow(non_snake_case)]
#![allow(dead_code)]
#![allow(unsafe_op_in_unsafe_fn)]
#![cfg_attr(rustfmt, rustfmt::skip)]

mod codegen_tests;
pub mod api_helper;

use doodle::prelude::*;
use doodle::try_sub;

/// expected size: 16
/// trait-unready: multiple (2) decoders exist (d#{0, 1})
#[derive(Debug, Copy, Clone)]
pub struct test_arb_var {
x: u8,
tree: i64
}

/// d#0
fn Decoder_test_arb_var(input: &mut Parser<'_>) -> Result<test_arb_var, ParseError> {
Decoder1(input)
}

/// d#1
fn Decoder1(input: &mut Parser<'_>) -> Result<test_arb_var, ParseError> {
let x = input.read_byte()?;
let tree = (sub_i8_i16_i64((eval_unary_fallback<i64, i8>((add_u8_i32_i64(-5884268795813298690u8, -6353319931775828910i32)).eval()?, r#"abs_i64_i8"#, |x| Signed::abs(x))).eval()?, (eval_fallback<u32, i16, i16>((eval_unary_fallback<i64, u32>((cast_u16_i64((eval_fallback<i32, i32, u16>((cast_u8_i32(x)).eval()?, -3808408332560791435i32, r#"add_i32_u16"#, |x, y| BigInt::checked_add(x, y))).eval()?)).eval()?, r#"neg_i64_u32"#, |x| Neg::neg(x))).eval()?, (cast_i32_i16((eval_unary_fallback<i64, i32>(6915102938144722648i64, r#"neg_i64_i32"#, |x| Neg::neg(x))).eval()?)).eval()?, r#"div_u32_i16_i16"#, |x, y| BigInt::checked_div(x, y))).eval()?)).eval()?;
PResult::Ok(test_arb_var { x, tree })
}





## ++u8 31u8 *u8 x
#![allow(unused_imports)]
#![allow(non_camel_case_types)]
#![allow(non_snake_case)]
#![allow(dead_code)]
#![allow(unsafe_op_in_unsafe_fn)]
#![cfg_attr(rustfmt, rustfmt::skip)]

mod codegen_tests;
pub mod api_helper;

use doodle::prelude::*;
use doodle::try_sub;

/// expected size: 2
/// trait-unready: multiple (2) decoders exist (d#{0, 1})
#[derive(Debug, Copy, Clone)]
pub struct test_arb_var {
x: u8,
tree: u8
}

/// d#0
fn Decoder_test_arb_var(input: &mut Parser<'_>) -> Result<test_arb_var, ParseError> {
Decoder1(input)
}

/// d#1
fn Decoder1(input: &mut Parser<'_>) -> Result<test_arb_var, ParseError> {
let x = input.read_byte()?;
let tree = (succ_u8((mul_u8(31u8, x)).eval()?)).eval()?;
PResult::Ok(test_arb_var { x, tree })
}





## (--i32 -1906358046i32) *u16 (++i8 x as i32) -i32 ~i8 (-953230518u8 %i32 x as u16)
#![allow(unused_imports)]
#![allow(non_camel_case_types)]
#![allow(non_snake_case)]
#![allow(dead_code)]
#![allow(unsafe_op_in_unsafe_fn)]
#![cfg_attr(rustfmt, rustfmt::skip)]

mod codegen_tests;
pub mod api_helper;

use doodle::prelude::*;
use doodle::try_sub;

/// expected size: 8
/// trait-unready: multiple (2) decoders exist (d#{0, 1})
#[derive(Debug, Copy, Clone)]
pub struct test_arb_var {
x: u8,
tree: i32
}

/// d#0
fn Decoder_test_arb_var(input: &mut Parser<'_>) -> Result<test_arb_var, ParseError> {
Decoder1(input)
}

/// d#1
fn Decoder1(input: &mut Parser<'_>) -> Result<test_arb_var, ParseError> {
let x = input.read_byte()?;
let tree = (sub_u16_i8_i32((eval_fallback<i32, i8, u16>((pred_i32(-1906358046i32)).eval()?, (eval_unary_fallback<i32, i8>((cast_u8_i32(x)).eval()?, r#"succ_i32_i8"#, |x| Numeric::succ(x))).eval()?, r#"mul_i32_i8_u16"#, |x, y| BigInt::checked_mul(x, y))).eval()?, (eval_unary_fallback<i32, i8>((rem_u8_u16_i32(-953230518u8, (cast_u8_u16(x)).eval()?)).eval()?, r#"neg_i32_i8"#, |x| Neg::neg(x))).eval()?)).eval()?;
PResult::Ok(test_arb_var { x, tree })
}





## absu8 ((--u16 x as i32) as i32) as i32
#![allow(unused_imports)]
#![allow(non_camel_case_types)]
#![allow(non_snake_case)]
#![allow(dead_code)]
#![allow(unsafe_op_in_unsafe_fn)]
#![cfg_attr(rustfmt, rustfmt::skip)]

mod codegen_tests;
pub mod api_helper;

use doodle::prelude::*;
use doodle::try_sub;

/// expected size: 8
/// trait-unready: multiple (2) decoders exist (d#{0, 1})
#[derive(Debug, Copy, Clone)]
pub struct test_arb_var {
x: u8,
tree: i32
}

/// d#0
fn Decoder_test_arb_var(input: &mut Parser<'_>) -> Result<test_arb_var, ParseError> {
Decoder1(input)
}

/// d#1
fn Decoder1(input: &mut Parser<'_>) -> Result<test_arb_var, ParseError> {
let x = input.read_byte()?;
let tree = (cast_u8_i32((eval_unary_fallback<i32, u8>((cast_u16_i32((eval_unary_fallback<i32, u16>((cast_u8_i32(x)).eval()?, r#"pred_i32_u16"#, |x| Numeric::pred(x))).eval()?)).eval()?, r#"abs_i32_u8"#, |x| Signed::abs(x))).eval()?)).eval()?;
PResult::Ok(test_arb_var { x, tree })
}





## (++i8 --i8 x as i8) %i8 absi8 ~i8 (x as i8)
#![allow(unused_imports)]
#![allow(non_camel_case_types)]
#![allow(non_snake_case)]
#![allow(dead_code)]
#![allow(unsafe_op_in_unsafe_fn)]
#![cfg_attr(rustfmt, rustfmt::skip)]

mod codegen_tests;
pub mod api_helper;

use doodle::prelude::*;
use doodle::try_sub;

/// expected size: 2
/// trait-unready: multiple (2) decoders exist (d#{0, 1})
#[derive(Debug, Copy, Clone)]
pub struct test_arb_var {
x: u8,
tree: i8
}

/// d#0
fn Decoder_test_arb_var(input: &mut Parser<'_>) -> Result<test_arb_var, ParseError> {
Decoder1(input)
}

/// d#1
fn Decoder1(input: &mut Parser<'_>) -> Result<test_arb_var, ParseError> {
let x = input.read_byte()?;
let tree = (rem_i8((succ_i8((pred_i8((cast_u8_i8(x)).eval()?)).eval()?)).eval()?, (abs_i8((neg_i8((cast_u8_i8(x)).eval()?)).eval()?)).eval()?)).eval()?;
PResult::Ok(test_arb_var { x, tree })
}





## ~i16 (~i16 (x as i16) %i16 -22664i8 as u8)
#![allow(unused_imports)]
#![allow(non_camel_case_types)]
#![allow(non_snake_case)]
#![allow(dead_code)]
#![allow(unsafe_op_in_unsafe_fn)]
#![cfg_attr(rustfmt, rustfmt::skip)]

mod codegen_tests;
pub mod api_helper;

use doodle::prelude::*;
use doodle::try_sub;

/// expected size: 4
/// trait-unready: multiple (2) decoders exist (d#{0, 1})
#[derive(Debug, Copy, Clone)]
pub struct test_arb_var {
x: u8,
tree: i16
}

/// d#0
fn Decoder_test_arb_var(input: &mut Parser<'_>) -> Result<test_arb_var, ParseError> {
Decoder1(input)
}

/// d#1
fn Decoder1(input: &mut Parser<'_>) -> Result<test_arb_var, ParseError> {
let x = input.read_byte()?;
let tree = (neg_i16((rem_i16_u8_i16((neg_i16((cast_u8_i16(x)).eval()?)).eval()?, (cast_i8_u8(-22664i8)).eval()?)).eval()?)).eval()?;
PResult::Ok(test_arb_var { x, tree })
}





## ((10635143091902957374u8 *u16 x as u64) as u64 +u8 9297477650242788875u32 *u64 x as u16) as u64
#![allow(unused_imports)]
#![allow(non_camel_case_types)]
#![allow(non_snake_case)]
#![allow(dead_code)]
#![allow(unsafe_op_in_unsafe_fn)]
#![cfg_attr(rustfmt, rustfmt::skip)]

mod codegen_tests;
pub mod api_helper;

use doodle::prelude::*;
use doodle::try_sub;

/// expected size: 16
/// trait-unready: multiple (2) decoders exist (d#{0, 1})
#[derive(Debug, Copy, Clone)]
pub struct test_arb_var {
x: u8,
tree: u64
}

/// d#0
fn Decoder_test_arb_var(input: &mut Parser<'_>) -> Result<test_arb_var, ParseError> {
Decoder1(input)
}

/// d#1
fn Decoder1(input: &mut Parser<'_>) -> Result<test_arb_var, ParseError> {
let x = input.read_byte()?;
let tree = (cast_u8_u64((eval_fallback<u64, u64, u8>((cast_u16_u64((eval_fallback<u8, u64, u16>(10635143091902957374u8, (cast_u8_u64(x)).eval()?, r#"mul_u8_u64_u16"#, |x, y| BigInt::checked_mul(x, y))).eval()?)).eval()?, (mul_u32_u16_u64(9297477650242788875u32, (cast_u8_u16(x)).eval()?)).eval()?, r#"add_u64_u8"#, |x, y| BigInt::checked_add(x, y))).eval()?)).eval()?;
PResult::Ok(test_arb_var { x, tree })
}





## (23152i8 *u8 x as i16) as i8 as i16
#![allow(unused_imports)]
#![allow(non_camel_case_types)]
#![allow(non_snake_case)]
#![allow(dead_code)]
#![allow(unsafe_op_in_unsafe_fn)]
#![cfg_attr(rustfmt, rustfmt::skip)]

mod codegen_tests;
pub mod api_helper;

use doodle::prelude::*;
use doodle::try_sub;

/// expected size: 4
/// trait-unready: multiple (2) decoders exist (d#{0, 1})
#[derive(Debug, Copy, Clone)]
pub struct test_arb_var {
x: u8,
tree: i16
}

/// d#0
fn Decoder_test_arb_var(input: &mut Parser<'_>) -> Result<test_arb_var, ParseError> {
Decoder1(input)
}

/// d#1
fn Decoder1(input: &mut Parser<'_>) -> Result<test_arb_var, ParseError> {
let x = input.read_byte()?;
let tree = (cast_i8_i16((cast_u8_i8((eval_fallback<i8, i16, u8>(23152i8, (cast_u8_i16(x)).eval()?, r#"mul_i8_i16_u8"#, |x, y| BigInt::checked_mul(x, y))).eval()?)).eval()?)).eval()?;
PResult::Ok(test_arb_var { x, tree })
}





## --i64 absi64 ~i64 (x as i64)
#![allow(unused_imports)]
#![allow(non_camel_case_types)]
#![allow(non_snake_case)]
#![allow(dead_code)]
#![allow(unsafe_op_in_unsafe_fn)]
#![cfg_attr(rustfmt, rustfmt::skip)]

mod codegen_tests;
pub mod api_helper;

use doodle::prelude::*;
use doodle::try_sub;

/// expected size: 16
/// trait-unready: multiple (2) decoders exist (d#{0, 1})
#[derive(Debug, Copy, Clone)]
pub struct test_arb_var {
x: u8,
tree: i64
}

/// d#0
fn Decoder_test_arb_var(input: &mut Parser<'_>) -> Result<test_arb_var, ParseError> {
Decoder1(input)
}

/// d#1
fn Decoder1(input: &mut Parser<'_>) -> Result<test_arb_var, ParseError> {
let x = input.read_byte()?;
let tree = (pred_i64((abs_i64((neg_i64((cast_u8_i64(x)).eval()?)).eval()?)).eval()?)).eval()?;
PResult::Ok(test_arb_var { x, tree })
}





## ++u8 --u8 x
#![allow(unused_imports)]
#![allow(non_camel_case_types)]
#![allow(non_snake_case)]
#![allow(dead_code)]
#![allow(unsafe_op_in_unsafe_fn)]
#![cfg_attr(rustfmt, rustfmt::skip)]

mod codegen_tests;
pub mod api_helper;

use doodle::prelude::*;
use doodle::try_sub;

/// expected size: 2
/// trait-unready: multiple (2) decoders exist (d#{0, 1})
#[derive(Debug, Copy, Clone)]
pub struct test_arb_var {
x: u8,
tree: u8
}

/// d#0
fn Decoder_test_arb_var(input: &mut Parser<'_>) -> Result<test_arb_var, ParseError> {
Decoder1(input)
}

/// d#1
fn Decoder1(input: &mut Parser<'_>) -> Result<test_arb_var, ParseError> {
let x = input.read_byte()?;
let tree = (succ_u8((pred_u8(x)).eval()?)).eval()?;
PResult::Ok(test_arb_var { x, tree })
}





## x as i8 as u8 as i32 as i64
#![allow(unused_imports)]
#![allow(non_camel_case_types)]
#![allow(non_snake_case)]
#![allow(dead_code)]
#![allow(unsafe_op_in_unsafe_fn)]
#![cfg_attr(rustfmt, rustfmt::skip)]

mod codegen_tests;
pub mod api_helper;

use doodle::prelude::*;
use doodle::try_sub;

/// expected size: 16
/// trait-unready: multiple (2) decoders exist (d#{0, 1})
#[derive(Debug, Copy, Clone)]
pub struct test_arb_var {
x: u8,
tree: i64
}

/// d#0
fn Decoder_test_arb_var(input: &mut Parser<'_>) -> Result<test_arb_var, ParseError> {
Decoder1(input)
}

/// d#1
fn Decoder1(input: &mut Parser<'_>) -> Result<test_arb_var, ParseError> {
let x = input.read_byte()?;
let tree = (cast_i32_i64((cast_u8_i32((cast_i8_u8((cast_u8_i8(x)).eval()?)).eval()?)).eval()?)).eval()?;
PResult::Ok(test_arb_var { x, tree })
}





## (-5866190323593597758u32 /u32 x as i32 as i16) as i64
#![allow(unused_imports)]
#![allow(non_camel_case_types)]
#![allow(non_snake_case)]
#![allow(dead_code)]
#![allow(unsafe_op_in_unsafe_fn)]
#![cfg_attr(rustfmt, rustfmt::skip)]

mod codegen_tests;
pub mod api_helper;

use doodle::prelude::*;
use doodle::try_sub;

/// expected size: 16
/// trait-unready: multiple (2) decoders exist (d#{0, 1})
#[derive(Debug, Copy, Clone)]
pub struct test_arb_var {
x: u8,
tree: i64
}

/// d#0
fn Decoder_test_arb_var(input: &mut Parser<'_>) -> Result<test_arb_var, ParseError> {
Decoder1(input)
}

/// d#1
fn Decoder1(input: &mut Parser<'_>) -> Result<test_arb_var, ParseError> {
let x = input.read_byte()?;
let tree = (cast_u32_i64((eval_fallback<u32, i16, u32>(-5866190323593597758u32, (cast_i32_i16((cast_u8_i32(x)).eval()?)).eval()?, r#"div_u32_i16_u32"#, |x, y| BigInt::checked_div(x, y))).eval()?)).eval()?;
PResult::Ok(test_arb_var { x, tree })
}





## (3542u8 as u16 -u16 61969u16) /u16 x as u8 as u8 as u8
#![allow(unused_imports)]
#![allow(non_camel_case_types)]
#![allow(non_snake_case)]
#![allow(dead_code)]
#![allow(unsafe_op_in_unsafe_fn)]
#![cfg_attr(rustfmt, rustfmt::skip)]

mod codegen_tests;
pub mod api_helper;

use doodle::prelude::*;
use doodle::try_sub;

/// expected size: 4
/// trait-unready: multiple (2) decoders exist (d#{0, 1})
#[derive(Debug, Copy, Clone)]
pub struct test_arb_var {
x: u8,
tree: u16
}

/// d#0
fn Decoder_test_arb_var(input: &mut Parser<'_>) -> Result<test_arb_var, ParseError> {
Decoder1(input)
}

/// d#1
fn Decoder1(input: &mut Parser<'_>) -> Result<test_arb_var, ParseError> {
let x = input.read_byte()?;
let tree = (div_u16_u8_u16((sub_u16((cast_u8_u16(3542u8)).eval()?, 61969u16)).eval()?, x)).eval()?;
PResult::Ok(test_arb_var { x, tree })
}





## absu8 ((--u8 194u8) /u8 (174u8 -u8 x))
#![allow(unused_imports)]
#![allow(non_camel_case_types)]
#![allow(non_snake_case)]
#![allow(dead_code)]
#![allow(unsafe_op_in_unsafe_fn)]
#![cfg_attr(rustfmt, rustfmt::skip)]

mod codegen_tests;
pub mod api_helper;

use doodle::prelude::*;
use doodle::try_sub;

/// expected size: 2
/// trait-unready: multiple (2) decoders exist (d#{0, 1})
#[derive(Debug, Copy, Clone)]
pub struct test_arb_var {
x: u8,
tree: u8
}

/// d#0
fn Decoder_test_arb_var(input: &mut Parser<'_>) -> Result<test_arb_var, ParseError> {
Decoder1(input)
}

/// d#1
fn Decoder1(input: &mut Parser<'_>) -> Result<test_arb_var, ParseError> {
let x = input.read_byte()?;
let tree = (abs_u8((div_u8((pred_u8(194u8)).eval()?, (sub_u8(174u8, x)).eval()?)).eval()?)).eval()?;
PResult::Ok(test_arb_var { x, tree })
}





## absu64 (x as u64 %u64 7011127558743207691u8 /u64 absu64 (x as u64))
#![allow(unused_imports)]
#![allow(non_camel_case_types)]
#![allow(non_snake_case)]
#![allow(dead_code)]
#![allow(unsafe_op_in_unsafe_fn)]
#![cfg_attr(rustfmt, rustfmt::skip)]

mod codegen_tests;
pub mod api_helper;

use doodle::prelude::*;
use doodle::try_sub;

/// expected size: 16
/// trait-unready: multiple (2) decoders exist (d#{0, 1})
#[derive(Debug, Copy, Clone)]
pub struct test_arb_var {
x: u8,
tree: u64
}

/// d#0
fn Decoder_test_arb_var(input: &mut Parser<'_>) -> Result<test_arb_var, ParseError> {
Decoder1(input)
}

/// d#1
fn Decoder1(input: &mut Parser<'_>) -> Result<test_arb_var, ParseError> {
let x = input.read_byte()?;
let tree = (abs_u64((div_u64((rem_u64_u8_u64((cast_u8_u64(x)).eval()?, 7011127558743207691u8)).eval()?, (abs_u64((cast_u8_u64(x)).eval()?)).eval()?)).eval()?)).eval()?;
PResult::Ok(test_arb_var { x, tree })
}





## (x as i8 as i16 *u8 (x as i32 /u16 1589249074i16) -i16 ~u8 -1933090724i32) as i32
#![allow(unused_imports)]
#![allow(non_camel_case_types)]
#![allow(non_snake_case)]
#![allow(dead_code)]
#![allow(unsafe_op_in_unsafe_fn)]
#![cfg_attr(rustfmt, rustfmt::skip)]

mod codegen_tests;
pub mod api_helper;

use doodle::prelude::*;
use doodle::try_sub;

/// expected size: 8
/// trait-unready: multiple (2) decoders exist (d#{0, 1})
#[derive(Debug, Copy, Clone)]
pub struct test_arb_var {
x: u8,
tree: i32
}

/// d#0
fn Decoder_test_arb_var(input: &mut Parser<'_>) -> Result<test_arb_var, ParseError> {
Decoder1(input)
}

/// d#1
fn Decoder1(input: &mut Parser<'_>) -> Result<test_arb_var, ParseError> {
let x = input.read_byte()?;
let tree = (cast_i16_i32((sub_u8_i16((eval_fallback<i16, u16, u8>((cast_i8_i16((cast_u8_i8(x)).eval()?)).eval()?, (eval_fallback<i32, i16, u16>((cast_u8_i32(x)).eval()?, 1589249074i16, r#"div_i32_i16_u16"#, |x, y| BigInt::checked_div(x, y))).eval()?, r#"mul_i16_u16_u8"#, |x, y| BigInt::checked_mul(x, y))).eval()?, (eval_unary_fallback<i32, u8>(-1933090724i32, r#"neg_i32_u8"#, |x| Neg::neg(x))).eval()?)).eval()?)).eval()?;
PResult::Ok(test_arb_var { x, tree })
}





## ((--u8 x as u16) %u8 x as u8 +u8 (47601u8 -u8 13328u16) as u16) as u16
#![allow(unused_imports)]
#![allow(non_camel_case_types)]
#![allow(non_snake_case)]
#![allow(dead_code)]
#![allow(unsafe_op_in_unsafe_fn)]
#![cfg_attr(rustfmt, rustfmt::skip)]

mod codegen_tests;
pub mod api_helper;

use doodle::prelude::*;
use doodle::try_sub;

/// expected size: 4
/// trait-unready: multiple (2) decoders exist (d#{0, 1})
#[derive(Debug, Copy, Clone)]
pub struct test_arb_var {
x: u8,
tree: u16
}

/// d#0
fn Decoder_test_arb_var(input: &mut Parser<'_>) -> Result<test_arb_var, ParseError> {
Decoder1(input)
}

/// d#1
fn Decoder1(input: &mut Parser<'_>) -> Result<test_arb_var, ParseError> {
let x = input.read_byte()?;
let tree = (cast_u8_u16((eval_fallback<u8, u16, u8>((rem_u8((eval_unary_fallback<u16, u8>((cast_u8_u16(x)).eval()?, r#"pred_u16_u8"#, |x| Numeric::pred(x))).eval()?, x)).eval()?, (cast_u8_u16((eval_fallback<u8, u16, u8>(47601u8, 13328u16, r#"sub_u8_u16_u8"#, |x, y| BigInt::checked_sub(x, y))).eval()?)).eval()?, r#"add_u8_u16_u8"#, |x, y| BigInt::checked_add(x, y))).eval()?)).eval()?;
PResult::Ok(test_arb_var { x, tree })
}





## x %u8 62u8 /u8 (++u8 absu8 x)
#![allow(unused_imports)]
#![allow(non_camel_case_types)]
#![allow(non_snake_case)]
#![allow(dead_code)]
#![allow(unsafe_op_in_unsafe_fn)]
#![cfg_attr(rustfmt, rustfmt::skip)]

mod codegen_tests;
pub mod api_helper;

use doodle::prelude::*;
use doodle::try_sub;

/// expected size: 2
/// trait-unready: multiple (2) decoders exist (d#{0, 1})
#[derive(Debug, Copy, Clone)]
pub struct test_arb_var {
x: u8,
tree: u8
}

/// d#0
fn Decoder_test_arb_var(input: &mut Parser<'_>) -> Result<test_arb_var, ParseError> {
Decoder1(input)
}

/// d#1
fn Decoder1(input: &mut Parser<'_>) -> Result<test_arb_var, ParseError> {
let x = input.read_byte()?;
let tree = (div_u8((rem_u8(x, 62u8)).eval()?, (succ_u8((abs_u8(x)).eval()?)).eval()?)).eval()?;
PResult::Ok(test_arb_var { x, tree })
}





## 2257059916162244818i16 /u32 6125672690210814267u8 /i64 absi32 (x as i64)
#![allow(unused_imports)]
#![allow(non_camel_case_types)]
#![allow(non_snake_case)]
#![allow(dead_code)]
#![allow(unsafe_op_in_unsafe_fn)]
#![cfg_attr(rustfmt, rustfmt::skip)]

mod codegen_tests;
pub mod api_helper;

use doodle::prelude::*;
use doodle::try_sub;

/// expected size: 16
/// trait-unready: multiple (2) decoders exist (d#{0, 1})
#[derive(Debug, Copy, Clone)]
pub struct test_arb_var {
x: u8,
tree: i64
}

/// d#0
fn Decoder_test_arb_var(input: &mut Parser<'_>) -> Result<test_arb_var, ParseError> {
Decoder1(input)
}

/// d#1
fn Decoder1(input: &mut Parser<'_>) -> Result<test_arb_var, ParseError> {
let x = input.read_byte()?;
let tree = (div_u32_i32_i64((eval_fallback<i16, u8, u32>(2257059916162244818i16, 6125672690210814267u8, r#"div_i16_u8_u32"#, |x, y| BigInt::checked_div(x, y))).eval()?, (eval_unary_fallback<i64, i32>((cast_u8_i64(x)).eval()?, r#"abs_i64_i32"#, |x| Signed::abs(x))).eval()?)).eval()?;
PResult::Ok(test_arb_var { x, tree })
}





## (x as u8 +u8 834116889u8) as u8 as u32
#![allow(unused_imports)]
#![allow(non_camel_case_types)]
#![allow(non_snake_case)]
#![allow(dead_code)]
#![allow(unsafe_op_in_unsafe_fn)]
#![cfg_attr(rustfmt, rustfmt::skip)]

mod codegen_tests;
pub mod api_helper;

use doodle::prelude::*;
use doodle::try_sub;

/// expected size: 8
/// trait-unready: multiple (2) decoders exist (d#{0, 1})
#[derive(Debug, Copy, Clone)]
pub struct test_arb_var {
x: u8,
tree: u32
}

/// d#0
fn Decoder_test_arb_var(input: &mut Parser<'_>) -> Result<test_arb_var, ParseError> {
Decoder1(input)
}

/// d#1
fn Decoder1(input: &mut Parser<'_>) -> Result<test_arb_var, ParseError> {
let x = input.read_byte()?;
let tree = (cast_u8_u32((add_u8(x, 834116889u8)).eval()?)).eval()?;
PResult::Ok(test_arb_var { x, tree })
}





## (~u32 (x as i64) %i32 x as u8) *i64 (5790007285833937605u8 +i8 absi16 (x as i64))
#![allow(unused_imports)]
#![allow(non_camel_case_types)]
#![allow(non_snake_case)]
#![allow(dead_code)]
#![allow(unsafe_op_in_unsafe_fn)]
#![cfg_attr(rustfmt, rustfmt::skip)]

mod codegen_tests;
pub mod api_helper;

use doodle::prelude::*;
use doodle::try_sub;

/// expected size: 16
/// trait-unready: multiple (2) decoders exist (d#{0, 1})
#[derive(Debug, Copy, Clone)]
pub struct test_arb_var {
x: u8,
tree: i64
}

/// d#0
fn Decoder_test_arb_var(input: &mut Parser<'_>) -> Result<test_arb_var, ParseError> {
Decoder1(input)
}

/// d#1
fn Decoder1(input: &mut Parser<'_>) -> Result<test_arb_var, ParseError> {
let x = input.read_byte()?;
let tree = (mul_i32_i8_i64((eval_fallback<u32, u8, i32>((eval_unary_fallback<i64, u32>((cast_u8_i64(x)).eval()?, r#"neg_i64_u32"#, |x| Neg::neg(x))).eval()?, x, r#"rem_u32_u8_i32"#, |x, y| BigInt::checked_rem(x, y))).eval()?, (eval_fallback<u8, i16, i8>(5790007285833937605u8, (eval_unary_fallback<i64, i16>((cast_u8_i64(x)).eval()?, r#"abs_i64_i16"#, |x| Signed::abs(x))).eval()?, r#"add_u8_i16_i8"#, |x, y| BigInt::checked_add(x, y))).eval()?)).eval()?;
PResult::Ok(test_arb_var { x, tree })
}





## x +u8 (--u8 7u8) -u8 (--u8 x)
#![allow(unused_imports)]
#![allow(non_camel_case_types)]
#![allow(non_snake_case)]
#![allow(dead_code)]
#![allow(unsafe_op_in_unsafe_fn)]
#![cfg_attr(rustfmt, rustfmt::skip)]

mod codegen_tests;
pub mod api_helper;

use doodle::prelude::*;
use doodle::try_sub;

/// expected size: 2
/// trait-unready: multiple (2) decoders exist (d#{0, 1})
#[derive(Debug, Copy, Clone)]
pub struct test_arb_var {
x: u8,
tree: u8
}

/// d#0
fn Decoder_test_arb_var(input: &mut Parser<'_>) -> Result<test_arb_var, ParseError> {
Decoder1(input)
}

/// d#1
fn Decoder1(input: &mut Parser<'_>) -> Result<test_arb_var, ParseError> {
let x = input.read_byte()?;
let tree = (sub_u8((add_u8(x, (pred_u8(7u8)).eval()?)).eval()?, (pred_u8(x)).eval()?)).eval()?;
PResult::Ok(test_arb_var { x, tree })
}





## (1686188809u16 *u8 1054176381i16) %i32 (x as i32 +u8 x as i16)
#![allow(unused_imports)]
#![allow(non_camel_case_types)]
#![allow(non_snake_case)]
#![allow(dead_code)]
#![allow(unsafe_op_in_unsafe_fn)]
#![cfg_attr(rustfmt, rustfmt::skip)]

mod codegen_tests;
pub mod api_helper;

use doodle::prelude::*;
use doodle::try_sub;

/// expected size: 8
/// trait-unready: multiple (2) decoders exist (d#{0, 1})
#[derive(Debug, Copy, Clone)]
pub struct test_arb_var {
x: u8,
tree: i32
}

/// d#0
fn Decoder_test_arb_var(input: &mut Parser<'_>) -> Result<test_arb_var, ParseError> {
Decoder1(input)
}

/// d#1
fn Decoder1(input: &mut Parser<'_>) -> Result<test_arb_var, ParseError> {
let x = input.read_byte()?;
let tree = (rem_u8_i32((eval_fallback<u16, i16, u8>(1686188809u16, 1054176381i16, r#"mul_u16_i16_u8"#, |x, y| BigInt::checked_mul(x, y))).eval()?, (eval_fallback<i32, i16, u8>((cast_u8_i32(x)).eval()?, (cast_u8_i16(x)).eval()?, r#"add_i32_i16_u8"#, |x, y| BigInt::checked_add(x, y))).eval()?)).eval()?;
PResult::Ok(test_arb_var { x, tree })
}





## absu32 (x as u8 *u64 12069734342969479765u8) as u64
#![allow(unused_imports)]
#![allow(non_camel_case_types)]
#![allow(non_snake_case)]
#![allow(dead_code)]
#![allow(unsafe_op_in_unsafe_fn)]
#![cfg_attr(rustfmt, rustfmt::skip)]

mod codegen_tests;
pub mod api_helper;

use doodle::prelude::*;
use doodle::try_sub;

/// expected size: 16
/// trait-unready: multiple (2) decoders exist (d#{0, 1})
#[derive(Debug, Copy, Clone)]
pub struct test_arb_var {
x: u8,
tree: u64
}

/// d#0
fn Decoder_test_arb_var(input: &mut Parser<'_>) -> Result<test_arb_var, ParseError> {
Decoder1(input)
}

/// d#1
fn Decoder1(input: &mut Parser<'_>) -> Result<test_arb_var, ParseError> {
let x = input.read_byte()?;
let tree = (cast_u32_u64((eval_unary_fallback<u64, u32>((mul_u8_u64(x, 12069734342969479765u8)).eval()?, r#"abs_u64_u32"#, |x| Signed::abs(x))).eval()?)).eval()?;
PResult::Ok(test_arb_var { x, tree })
}





## absu8 (x -u8 111u8)
#![allow(unused_imports)]
#![allow(non_camel_case_types)]
#![allow(non_snake_case)]
#![allow(dead_code)]
#![allow(unsafe_op_in_unsafe_fn)]
#![cfg_attr(rustfmt, rustfmt::skip)]

mod codegen_tests;
pub mod api_helper;

use doodle::prelude::*;
use doodle::try_sub;

/// expected size: 2
/// trait-unready: multiple (2) decoders exist (d#{0, 1})
#[derive(Debug, Copy, Clone)]
pub struct test_arb_var {
x: u8,
tree: u8
}

/// d#0
fn Decoder_test_arb_var(input: &mut Parser<'_>) -> Result<test_arb_var, ParseError> {
Decoder1(input)
}

/// d#1
fn Decoder1(input: &mut Parser<'_>) -> Result<test_arb_var, ParseError> {
let x = input.read_byte()?;
let tree = (abs_u8((sub_u8(x, 111u8)).eval()?)).eval()?;
PResult::Ok(test_arb_var { x, tree })
}





## absu16 (x as u16)
#![allow(unused_imports)]
#![allow(non_camel_case_types)]
#![allow(non_snake_case)]
#![allow(dead_code)]
#![allow(unsafe_op_in_unsafe_fn)]
#![cfg_attr(rustfmt, rustfmt::skip)]

mod codegen_tests;
pub mod api_helper;

use doodle::prelude::*;
use doodle::try_sub;

/// expected size: 4
/// trait-unready: multiple (2) decoders exist (d#{0, 1})
#[derive(Debug, Copy, Clone)]
pub struct test_arb_var {
x: u8,
tree: u16
}

/// d#0
fn Decoder_test_arb_var(input: &mut Parser<'_>) -> Result<test_arb_var, ParseError> {
Decoder1(input)
}

/// d#1
fn Decoder1(input: &mut Parser<'_>) -> Result<test_arb_var, ParseError> {
let x = input.read_byte()?;
let tree = (abs_u16((cast_u8_u16(x)).eval()?)).eval()?;
PResult::Ok(test_arb_var { x, tree })
}





## --u16 x as u16 +u16 52173u16 -u16 1368u8 +u16 14162u8
#![allow(unused_imports)]
#![allow(non_camel_case_types)]
#![allow(non_snake_case)]
#![allow(dead_code)]
#![allow(unsafe_op_in_unsafe_fn)]
#![cfg_attr(rustfmt, rustfmt::skip)]

mod codegen_tests;
pub mod api_helper;

use doodle::prelude::*;
use doodle::try_sub;

/// expected size: 4
/// trait-unready: multiple (2) decoders exist (d#{0, 1})
#[derive(Debug, Copy, Clone)]
pub struct test_arb_var {
x: u8,
tree: u16
}

/// d#0
fn Decoder_test_arb_var(input: &mut Parser<'_>) -> Result<test_arb_var, ParseError> {
Decoder1(input)
}

/// d#1
fn Decoder1(input: &mut Parser<'_>) -> Result<test_arb_var, ParseError> {
let x = input.read_byte()?;
let tree = (pred_u16((sub_u16((add_u16((cast_u8_u16(x)).eval()?, 52173u16)).eval()?, (add_u8_u16(1368u8, 14162u8)).eval()?)).eval()?)).eval()?;
PResult::Ok(test_arb_var { x, tree })
}





## x as i16 as u16 as u16 %i32 (++i32 8437079i32) /i16 -889806498u16 as u8
#![allow(unused_imports)]
#![allow(non_camel_case_types)]
#![allow(non_snake_case)]
#![allow(dead_code)]
#![allow(unsafe_op_in_unsafe_fn)]
#![cfg_attr(rustfmt, rustfmt::skip)]

mod codegen_tests;
pub mod api_helper;

use doodle::prelude::*;
use doodle::try_sub;

/// expected size: 8
/// trait-unready: multiple (2) decoders exist (d#{0, 1})
#[derive(Debug, Copy, Clone)]
pub struct test_arb_var {
x: u8,
tree: i32
}

/// d#0
fn Decoder_test_arb_var(input: &mut Parser<'_>) -> Result<test_arb_var, ParseError> {
Decoder1(input)
}

/// d#1
fn Decoder1(input: &mut Parser<'_>) -> Result<test_arb_var, ParseError> {
let x = input.read_byte()?;
let tree = (rem_u16_i16_i32((cast_i16_u16((cast_u8_i16(x)).eval()?)).eval()?, (eval_fallback<i32, u8, i16>((succ_i32(8437079i32)).eval()?, (cast_u16_u8(-889806498u16)).eval()?, r#"div_i32_u8_i16"#, |x, y| BigInt::checked_div(x, y))).eval()?)).eval()?;
PResult::Ok(test_arb_var { x, tree })
}





## ~i16 (++i32 -1214140030u8 *i32 x as i16) %i32 (x as u8 +i16 x as u16) as u16 as u16
#![allow(unused_imports)]
#![allow(non_camel_case_types)]
#![allow(non_snake_case)]
#![allow(dead_code)]
#![allow(unsafe_op_in_unsafe_fn)]
#![cfg_attr(rustfmt, rustfmt::skip)]

mod codegen_tests;
pub mod api_helper;

use doodle::prelude::*;
use doodle::try_sub;

/// expected size: 8
/// trait-unready: multiple (2) decoders exist (d#{0, 1})
#[derive(Debug, Copy, Clone)]
pub struct test_arb_var {
x: u8,
tree: i32
}

/// d#0
fn Decoder_test_arb_var(input: &mut Parser<'_>) -> Result<test_arb_var, ParseError> {
Decoder1(input)
}

/// d#1
fn Decoder1(input: &mut Parser<'_>) -> Result<test_arb_var, ParseError> {
let x = input.read_byte()?;
let tree = (rem_i16_u16_i32((eval_unary_fallback<i32, i16>((succ_i32((mul_u8_i16_i32(-1214140030u8, (cast_u8_i16(x)).eval()?)).eval()?)).eval()?, r#"neg_i32_i16"#, |x| Neg::neg(x))).eval()?, (cast_i16_u16((eval_fallback<u8, u16, i16>(x, (cast_u8_u16(x)).eval()?, r#"add_u8_u16_i16"#, |x, y| BigInt::checked_add(x, y))).eval()?)).eval()?)).eval()?;
PResult::Ok(test_arb_var { x, tree })
}





## x as u16 as i16 as i64
#![allow(unused_imports)]
#![allow(non_camel_case_types)]
#![allow(non_snake_case)]
#![allow(dead_code)]
#![allow(unsafe_op_in_unsafe_fn)]
#![cfg_attr(rustfmt, rustfmt::skip)]

mod codegen_tests;
pub mod api_helper;

use doodle::prelude::*;
use doodle::try_sub;

/// expected size: 16
/// trait-unready: multiple (2) decoders exist (d#{0, 1})
#[derive(Debug, Copy, Clone)]
pub struct test_arb_var {
x: u8,
tree: i64
}

/// d#0
fn Decoder_test_arb_var(input: &mut Parser<'_>) -> Result<test_arb_var, ParseError> {
Decoder1(input)
}

/// d#1
fn Decoder1(input: &mut Parser<'_>) -> Result<test_arb_var, ParseError> {
let x = input.read_byte()?;
let tree = (cast_i16_i64((cast_u16_i16((cast_u8_u16(x)).eval()?)).eval()?)).eval()?;
PResult::Ok(test_arb_var { x, tree })
}





## x as i8 -i8 ~i8 (x as i8)
#![allow(unused_imports)]
#![allow(non_camel_case_types)]
#![allow(non_snake_case)]
#![allow(dead_code)]
#![allow(unsafe_op_in_unsafe_fn)]
#![cfg_attr(rustfmt, rustfmt::skip)]

mod codegen_tests;
pub mod api_helper;

use doodle::prelude::*;
use doodle::try_sub;

/// expected size: 2
/// trait-unready: multiple (2) decoders exist (d#{0, 1})
#[derive(Debug, Copy, Clone)]
pub struct test_arb_var {
x: u8,
tree: i8
}

/// d#0
fn Decoder_test_arb_var(input: &mut Parser<'_>) -> Result<test_arb_var, ParseError> {
Decoder1(input)
}

/// d#1
fn Decoder1(input: &mut Parser<'_>) -> Result<test_arb_var, ParseError> {
let x = input.read_byte()?;
let tree = (sub_i8((cast_u8_i8(x)).eval()?, (neg_i8((cast_u8_i8(x)).eval()?)).eval()?)).eval()?;
PResult::Ok(test_arb_var { x, tree })
}





## (x as u8 as u8 %u8 x as u8) as u16
#![allow(unused_imports)]
#![allow(non_camel_case_types)]
#![allow(non_snake_case)]
#![allow(dead_code)]
#![allow(unsafe_op_in_unsafe_fn)]
#![cfg_attr(rustfmt, rustfmt::skip)]

mod codegen_tests;
pub mod api_helper;

use doodle::prelude::*;
use doodle::try_sub;

/// expected size: 4
/// trait-unready: multiple (2) decoders exist (d#{0, 1})
#[derive(Debug, Copy, Clone)]
pub struct test_arb_var {
x: u8,
tree: u16
}

/// d#0
fn Decoder_test_arb_var(input: &mut Parser<'_>) -> Result<test_arb_var, ParseError> {
Decoder1(input)
}

/// d#1
fn Decoder1(input: &mut Parser<'_>) -> Result<test_arb_var, ParseError> {
let x = input.read_byte()?;
let tree = (cast_u8_u16((rem_u8(x, x)).eval()?)).eval()?;
PResult::Ok(test_arb_var { x, tree })
}





## x +u8 146u8 %u8 (x *u8 241u8) -u8 absu8 x
#![allow(unused_imports)]
#![allow(non_camel_case_types)]
#![allow(non_snake_case)]
#![allow(dead_code)]
#![allow(unsafe_op_in_unsafe_fn)]
#![cfg_attr(rustfmt, rustfmt::skip)]

mod codegen_tests;
pub mod api_helper;

use doodle::prelude::*;
use doodle::try_sub;

/// expected size: 2
/// trait-unready: multiple (2) decoders exist (d#{0, 1})
#[derive(Debug, Copy, Clone)]
pub struct test_arb_var {
x: u8,
tree: u8
}

/// d#0
fn Decoder_test_arb_var(input: &mut Parser<'_>) -> Result<test_arb_var, ParseError> {
Decoder1(input)
}

/// d#1
fn Decoder1(input: &mut Parser<'_>) -> Result<test_arb_var, ParseError> {
let x = input.read_byte()?;
let tree = (sub_u8((add_u8(x, (rem_u8(146u8, (mul_u8(x, 241u8)).eval()?)).eval()?)).eval()?, (abs_u8(x)).eval()?)).eval()?;
PResult::Ok(test_arb_var { x, tree })
}





## absu16 (2882742581319178244u64 %u64 x as u32) %u64 3779117091095575882u8 as u64
#![allow(unused_imports)]
#![allow(non_camel_case_types)]
#![allow(non_snake_case)]
#![allow(dead_code)]
#![allow(unsafe_op_in_unsafe_fn)]
#![cfg_attr(rustfmt, rustfmt::skip)]

mod codegen_tests;
pub mod api_helper;

use doodle::prelude::*;
use doodle::try_sub;

/// expected size: 16
/// trait-unready: multiple (2) decoders exist (d#{0, 1})
#[derive(Debug, Copy, Clone)]
pub struct test_arb_var {
x: u8,
tree: u64
}

/// d#0
fn Decoder_test_arb_var(input: &mut Parser<'_>) -> Result<test_arb_var, ParseError> {
Decoder1(input)
}

/// d#1
fn Decoder1(input: &mut Parser<'_>) -> Result<test_arb_var, ParseError> {
let x = input.read_byte()?;
let tree = (rem_u16_u64_u64((eval_unary_fallback<u64, u16>((rem_u64_u32_u64(2882742581319178244u64, (cast_u8_u32(x)).eval()?)).eval()?, r#"abs_u64_u16"#, |x| Signed::abs(x))).eval()?, (cast_u8_u64(3779117091095575882u8)).eval()?)).eval()?;
PResult::Ok(test_arb_var { x, tree })
}





## (--u64 ++u64 x as u64) -u64 12302521589966426601u8 as u16 as u64
#![allow(unused_imports)]
#![allow(non_camel_case_types)]
#![allow(non_snake_case)]
#![allow(dead_code)]
#![allow(unsafe_op_in_unsafe_fn)]
#![cfg_attr(rustfmt, rustfmt::skip)]

mod codegen_tests;
pub mod api_helper;

use doodle::prelude::*;
use doodle::try_sub;

/// expected size: 16
/// trait-unready: multiple (2) decoders exist (d#{0, 1})
#[derive(Debug, Copy, Clone)]
pub struct test_arb_var {
x: u8,
tree: u64
}

/// d#0
fn Decoder_test_arb_var(input: &mut Parser<'_>) -> Result<test_arb_var, ParseError> {
Decoder1(input)
}

/// d#1
fn Decoder1(input: &mut Parser<'_>) -> Result<test_arb_var, ParseError> {
let x = input.read_byte()?;
let tree = (sub_u64((pred_u64((succ_u64((cast_u8_u64(x)).eval()?)).eval()?)).eval()?, (cast_u16_u64((cast_u8_u16(12302521589966426601u8)).eval()?)).eval()?)).eval()?;
PResult::Ok(test_arb_var { x, tree })
}





## absi64 absi64 (x as i8 as i64)
#![allow(unused_imports)]
#![allow(non_camel_case_types)]
#![allow(non_snake_case)]
#![allow(dead_code)]
#![allow(unsafe_op_in_unsafe_fn)]
#![cfg_attr(rustfmt, rustfmt::skip)]

mod codegen_tests;
pub mod api_helper;

use doodle::prelude::*;
use doodle::try_sub;

/// expected size: 16
/// trait-unready: multiple (2) decoders exist (d#{0, 1})
#[derive(Debug, Copy, Clone)]
pub struct test_arb_var {
x: u8,
tree: i64
}

/// d#0
fn Decoder_test_arb_var(input: &mut Parser<'_>) -> Result<test_arb_var, ParseError> {
Decoder1(input)
}

/// d#1
fn Decoder1(input: &mut Parser<'_>) -> Result<test_arb_var, ParseError> {
let x = input.read_byte()?;
let tree = (abs_i64((abs_i64((cast_i8_i64((cast_u8_i8(x)).eval()?)).eval()?)).eval()?)).eval()?;
PResult::Ok(test_arb_var { x, tree })
}





## 4766583527031195908u8 as u32 *i64 (x as i16 as i8 /u32 (--u32 absi64 650868591873125360i64))
#![allow(unused_imports)]
#![allow(non_camel_case_types)]
#![allow(non_snake_case)]
#![allow(dead_code)]
#![allow(unsafe_op_in_unsafe_fn)]
#![cfg_attr(rustfmt, rustfmt::skip)]

mod codegen_tests;
pub mod api_helper;

use doodle::prelude::*;
use doodle::try_sub;

/// expected size: 16
/// trait-unready: multiple (2) decoders exist (d#{0, 1})
#[derive(Debug, Copy, Clone)]
pub struct test_arb_var {
x: u8,
tree: i64
}

/// d#0
fn Decoder_test_arb_var(input: &mut Parser<'_>) -> Result<test_arb_var, ParseError> {
Decoder1(input)
}

/// d#1
fn Decoder1(input: &mut Parser<'_>) -> Result<test_arb_var, ParseError> {
let x = input.read_byte()?;
let tree = (mul_u32_i64((cast_u8_u32(4766583527031195908u8)).eval()?, (eval_fallback<i8, u32, u32>((cast_i16_i8((cast_u8_i16(x)).eval()?)).eval()?, (eval_unary_fallback<i64, u32>((abs_i64(650868591873125360i64)).eval()?, r#"pred_i64_u32"#, |x| Numeric::pred(x))).eval()?, r#"div_i8_u32_u32"#, |x, y| BigInt::checked_div(x, y))).eval()?)).eval()?;
PResult::Ok(test_arb_var { x, tree })
}





## -105i8 -i8 ~i8 (x as i8)
#![allow(unused_imports)]
#![allow(non_camel_case_types)]
#![allow(non_snake_case)]
#![allow(dead_code)]
#![allow(unsafe_op_in_unsafe_fn)]
#![cfg_attr(rustfmt, rustfmt::skip)]

mod codegen_tests;
pub mod api_helper;

use doodle::prelude::*;
use doodle::try_sub;

/// expected size: 2
/// trait-unready: multiple (2) decoders exist (d#{0, 1})
#[derive(Debug, Copy, Clone)]
pub struct test_arb_var {
x: u8,
tree: i8
}

/// d#0
fn Decoder_test_arb_var(input: &mut Parser<'_>) -> Result<test_arb_var, ParseError> {
Decoder1(input)
}

/// d#1
fn Decoder1(input: &mut Parser<'_>) -> Result<test_arb_var, ParseError> {
let x = input.read_byte()?;
let tree = (sub_i8(-105i8, (neg_i8((cast_u8_i8(x)).eval()?)).eval()?)).eval()?;
PResult::Ok(test_arb_var { x, tree })
}





## ~i32 (++i32 x as i32)
#![allow(unused_imports)]
#![allow(non_camel_case_types)]
#![allow(non_snake_case)]
#![allow(dead_code)]
#![allow(unsafe_op_in_unsafe_fn)]
#![cfg_attr(rustfmt, rustfmt::skip)]

mod codegen_tests;
pub mod api_helper;

use doodle::prelude::*;
use doodle::try_sub;

/// expected size: 8
/// trait-unready: multiple (2) decoders exist (d#{0, 1})
#[derive(Debug, Copy, Clone)]
pub struct test_arb_var {
x: u8,
tree: i32
}

/// d#0
fn Decoder_test_arb_var(input: &mut Parser<'_>) -> Result<test_arb_var, ParseError> {
Decoder1(input)
}

/// d#1
fn Decoder1(input: &mut Parser<'_>) -> Result<test_arb_var, ParseError> {
let x = input.read_byte()?;
let tree = (neg_i32((succ_i32((cast_u8_i32(x)).eval()?)).eval()?)).eval()?;
PResult::Ok(test_arb_var { x, tree })
}





## 53884u8 as u16 /u16 absu8 (x as u8 -u16 53309u8)
#![allow(unused_imports)]
#![allow(non_camel_case_types)]
#![allow(non_snake_case)]
#![allow(dead_code)]
#![allow(unsafe_op_in_unsafe_fn)]
#![cfg_attr(rustfmt, rustfmt::skip)]

mod codegen_tests;
pub mod api_helper;

use doodle::prelude::*;
use doodle::try_sub;

/// expected size: 4
/// trait-unready: multiple (2) decoders exist (d#{0, 1})
#[derive(Debug, Copy, Clone)]
pub struct test_arb_var {
x: u8,
tree: u16
}

/// d#0
fn Decoder_test_arb_var(input: &mut Parser<'_>) -> Result<test_arb_var, ParseError> {
Decoder1(input)
}

/// d#1
fn Decoder1(input: &mut Parser<'_>) -> Result<test_arb_var, ParseError> {
let x = input.read_byte()?;
let tree = (div_u16_u8_u16((cast_u8_u16(53884u8)).eval()?, (eval_unary_fallback<u16, u8>((sub_u8_u16(x, 53309u8)).eval()?, r#"abs_u16_u8"#, |x| Signed::abs(x))).eval()?)).eval()?;
PResult::Ok(test_arb_var { x, tree })
}





## absu16 (x as u8 as u8 +u16 x as u8 -u16 x as u16)
#![allow(unused_imports)]
#![allow(non_camel_case_types)]
#![allow(non_snake_case)]
#![allow(dead_code)]
#![allow(unsafe_op_in_unsafe_fn)]
#![cfg_attr(rustfmt, rustfmt::skip)]

mod codegen_tests;
pub mod api_helper;

use doodle::prelude::*;
use doodle::try_sub;

/// expected size: 4
/// trait-unready: multiple (2) decoders exist (d#{0, 1})
#[derive(Debug, Copy, Clone)]
pub struct test_arb_var {
x: u8,
tree: u16
}

/// d#0
fn Decoder_test_arb_var(input: &mut Parser<'_>) -> Result<test_arb_var, ParseError> {
Decoder1(input)
}

/// d#1
fn Decoder1(input: &mut Parser<'_>) -> Result<test_arb_var, ParseError> {
let x = input.read_byte()?;
let tree = (abs_u16((sub_u16((add_u8_u16(x, x)).eval()?, (cast_u8_u16(x)).eval()?)).eval()?)).eval()?;
PResult::Ok(test_arb_var { x, tree })
}





## --i16 (--i16 x as i16) +i16 absi8 (x as i16)
#![allow(unused_imports)]
#![allow(non_camel_case_types)]
#![allow(non_snake_case)]
#![allow(dead_code)]
#![allow(unsafe_op_in_unsafe_fn)]
#![cfg_attr(rustfmt, rustfmt::skip)]

mod codegen_tests;
pub mod api_helper;

use doodle::prelude::*;
use doodle::try_sub;

/// expected size: 4
/// trait-unready: multiple (2) decoders exist (d#{0, 1})
#[derive(Debug, Copy, Clone)]
pub struct test_arb_var {
x: u8,
tree: i16
}

/// d#0
fn Decoder_test_arb_var(input: &mut Parser<'_>) -> Result<test_arb_var, ParseError> {
Decoder1(input)
}

/// d#1
fn Decoder1(input: &mut Parser<'_>) -> Result<test_arb_var, ParseError> {
let x = input.read_byte()?;
let tree = (pred_i16((add_i16_i8_i16((pred_i16((cast_u8_i16(x)).eval()?)).eval()?, (eval_unary_fallback<i16, i8>((cast_u8_i16(x)).eval()?, r#"abs_i16_i8"#, |x| Signed::abs(x))).eval()?)).eval()?)).eval()?;
PResult::Ok(test_arb_var { x, tree })
}





## 1878011913u8 as u16 as u8 *u32 (x as u8 *u32 (2545570276u16 -u32 2966479051u32) -u32 x as u16 +u16 x as u32 -u16 1014444530u32)
#![allow(unused_imports)]
#![allow(non_camel_case_types)]
#![allow(non_snake_case)]
#![allow(dead_code)]
#![allow(unsafe_op_in_unsafe_fn)]
#![cfg_attr(rustfmt, rustfmt::skip)]

mod codegen_tests;
pub mod api_helper;

use doodle::prelude::*;
use doodle::try_sub;

/// expected size: 8
/// trait-unready: multiple (2) decoders exist (d#{0, 1})
#[derive(Debug, Copy, Clone)]
pub struct test_arb_var {
x: u8,
tree: u32
}

/// d#0
fn Decoder_test_arb_var(input: &mut Parser<'_>) -> Result<test_arb_var, ParseError> {
Decoder1(input)
}

/// d#1
fn Decoder1(input: &mut Parser<'_>) -> Result<test_arb_var, ParseError> {
let x = input.read_byte()?;
let tree = (mul_u8_u16_u32((cast_u16_u8((cast_u8_u16(1878011913u8)).eval()?)).eval()?, (eval_fallback<u32, u16, u16>((sub_u32_u16_u32((mul_u8_u32_u32(x, (sub_u16_u32_u32(2545570276u16, 2966479051u32)).eval()?)).eval()?, (cast_u8_u16(x)).eval()?)).eval()?, (eval_fallback<u32, u32, u16>((cast_u8_u32(x)).eval()?, 1014444530u32, r#"sub_u32_u16"#, |x, y| BigInt::checked_sub(x, y))).eval()?, r#"add_u32_u16_u16"#, |x, y| BigInt::checked_add(x, y))).eval()?)).eval()?;
PResult::Ok(test_arb_var { x, tree })
}





## (--u8 40057u16 +u16 x as u8) as u16
#![allow(unused_imports)]
#![allow(non_camel_case_types)]
#![allow(non_snake_case)]
#![allow(dead_code)]
#![allow(unsafe_op_in_unsafe_fn)]
#![cfg_attr(rustfmt, rustfmt::skip)]

mod codegen_tests;
pub mod api_helper;

use doodle::prelude::*;
use doodle::try_sub;

/// expected size: 4
/// trait-unready: multiple (2) decoders exist (d#{0, 1})
#[derive(Debug, Copy, Clone)]
pub struct test_arb_var {
x: u8,
tree: u16
}

/// d#0
fn Decoder_test_arb_var(input: &mut Parser<'_>) -> Result<test_arb_var, ParseError> {
Decoder1(input)
}

/// d#1
fn Decoder1(input: &mut Parser<'_>) -> Result<test_arb_var, ParseError> {
let x = input.read_byte()?;
let tree = (cast_u8_u16((eval_unary_fallback<u16, u8>((add_u16_u8_u16(40057u16, x)).eval()?, r#"pred_u16_u8"#, |x| Numeric::pred(x))).eval()?)).eval()?;
PResult::Ok(test_arb_var { x, tree })
}





## ++i8 x as i8 *i8 28i8
#![allow(unused_imports)]
#![allow(non_camel_case_types)]
#![allow(non_snake_case)]
#![allow(dead_code)]
#![allow(unsafe_op_in_unsafe_fn)]
#![cfg_attr(rustfmt, rustfmt::skip)]

mod codegen_tests;
pub mod api_helper;

use doodle::prelude::*;
use doodle::try_sub;

/// expected size: 2
/// trait-unready: multiple (2) decoders exist (d#{0, 1})
#[derive(Debug, Copy, Clone)]
pub struct test_arb_var {
x: u8,
tree: i8
}

/// d#0
fn Decoder_test_arb_var(input: &mut Parser<'_>) -> Result<test_arb_var, ParseError> {
Decoder1(input)
}

/// d#1
fn Decoder1(input: &mut Parser<'_>) -> Result<test_arb_var, ParseError> {
let x = input.read_byte()?;
let tree = (succ_i8((mul_i8((cast_u8_i8(x)).eval()?, 28i8)).eval()?)).eval()?;
PResult::Ok(test_arb_var { x, tree })
}





## x +u8 x
#![allow(unused_imports)]
#![allow(non_camel_case_types)]
#![allow(non_snake_case)]
#![allow(dead_code)]
#![allow(unsafe_op_in_unsafe_fn)]
#![cfg_attr(rustfmt, rustfmt::skip)]

mod codegen_tests;
pub mod api_helper;

use doodle::prelude::*;
use doodle::try_sub;

/// expected size: 2
/// trait-unready: multiple (2) decoders exist (d#{0, 1})
#[derive(Debug, Copy, Clone)]
pub struct test_arb_var {
x: u8,
tree: u8
}

/// d#0
fn Decoder_test_arb_var(input: &mut Parser<'_>) -> Result<test_arb_var, ParseError> {
Decoder1(input)
}

/// d#1
fn Decoder1(input: &mut Parser<'_>) -> Result<test_arb_var, ParseError> {
let x = input.read_byte()?;
let tree = (add_u8(x, x)).eval()?;
PResult::Ok(test_arb_var { x, tree })
}





## ~u8 (x as i16) as u8 as i8 *i16 absi8 (x as i16) as i8
#![allow(unused_imports)]
#![allow(non_camel_case_types)]
#![allow(non_snake_case)]
#![allow(dead_code)]
#![allow(unsafe_op_in_unsafe_fn)]
#![cfg_attr(rustfmt, rustfmt::skip)]

mod codegen_tests;
pub mod api_helper;

use doodle::prelude::*;
use doodle::try_sub;

/// expected size: 4
/// trait-unready: multiple (2) decoders exist (d#{0, 1})
#[derive(Debug, Copy, Clone)]
pub struct test_arb_var {
x: u8,
tree: i16
}

/// d#0
fn Decoder_test_arb_var(input: &mut Parser<'_>) -> Result<test_arb_var, ParseError> {
Decoder1(input)
}

/// d#1
fn Decoder1(input: &mut Parser<'_>) -> Result<test_arb_var, ParseError> {
let x = input.read_byte()?;
let tree = (mul_i8_i16((cast_u8_i8((eval_unary_fallback<i16, u8>((cast_u8_i16(x)).eval()?, r#"neg_i16_u8"#, |x| Neg::neg(x))).eval()?)).eval()?, (eval_unary_fallback<i16, i8>((cast_u8_i16(x)).eval()?, r#"abs_i16_i8"#, |x| Signed::abs(x))).eval()?)).eval()?;
PResult::Ok(test_arb_var { x, tree })
}





## absu8 (--u16 x as u16) %u16 4769u16 %u8 x as u8
#![allow(unused_imports)]
#![allow(non_camel_case_types)]
#![allow(non_snake_case)]
#![allow(dead_code)]
#![allow(unsafe_op_in_unsafe_fn)]
#![cfg_attr(rustfmt, rustfmt::skip)]

mod codegen_tests;
pub mod api_helper;

use doodle::prelude::*;
use doodle::try_sub;

/// expected size: 4
/// trait-unready: multiple (2) decoders exist (d#{0, 1})
#[derive(Debug, Copy, Clone)]
pub struct test_arb_var {
x: u8,
tree: u16
}

/// d#0
fn Decoder_test_arb_var(input: &mut Parser<'_>) -> Result<test_arb_var, ParseError> {
Decoder1(input)
}

/// d#1
fn Decoder1(input: &mut Parser<'_>) -> Result<test_arb_var, ParseError> {
let x = input.read_byte()?;
let tree = (rem_u8_u16((eval_unary_fallback<u16, u8>((pred_u16((cast_u8_u16(x)).eval()?)).eval()?, r#"abs_u16_u8"#, |x| Signed::abs(x))).eval()?, (eval_fallback<u16, u8, u8>(4769u16, x, r#"rem_u16_u8_u8"#, |x, y| BigInt::checked_rem(x, y))).eval()?)).eval()?;
PResult::Ok(test_arb_var { x, tree })
}





## x as u8 /u8 (1899707030u8 +u32 x as u8) -u32 ((--u16 731065572u32) +u16 x as u8) as u8
#![allow(unused_imports)]
#![allow(non_camel_case_types)]
#![allow(non_snake_case)]
#![allow(dead_code)]
#![allow(unsafe_op_in_unsafe_fn)]
#![cfg_attr(rustfmt, rustfmt::skip)]

mod codegen_tests;
pub mod api_helper;

use doodle::prelude::*;
use doodle::try_sub;

/// expected size: 8
/// trait-unready: multiple (2) decoders exist (d#{0, 1})
#[derive(Debug, Copy, Clone)]
pub struct test_arb_var {
x: u8,
tree: u32
}

/// d#0
fn Decoder_test_arb_var(input: &mut Parser<'_>) -> Result<test_arb_var, ParseError> {
Decoder1(input)
}

/// d#1
fn Decoder1(input: &mut Parser<'_>) -> Result<test_arb_var, ParseError> {
let x = input.read_byte()?;
let tree = (sub_u8_u32((eval_fallback<u8, u32, u8>(x, (add_u8_u32(1899707030u8, x)).eval()?, r#"div_u8_u32_u8"#, |x, y| BigInt::checked_div(x, y))).eval()?, (cast_u16_u8((add_u16_u8_u16((eval_unary_fallback<u32, u16>(731065572u32, r#"pred_u32_u16"#, |x| Numeric::pred(x))).eval()?, x)).eval()?)).eval()?)).eval()?;
PResult::Ok(test_arb_var { x, tree })
}





## (x as u8 /u8 59388u16) as u16
#![allow(unused_imports)]
#![allow(non_camel_case_types)]
#![allow(non_snake_case)]
#![allow(dead_code)]
#![allow(unsafe_op_in_unsafe_fn)]
#![cfg_attr(rustfmt, rustfmt::skip)]

mod codegen_tests;
pub mod api_helper;

use doodle::prelude::*;
use doodle::try_sub;

/// expected size: 4
/// trait-unready: multiple (2) decoders exist (d#{0, 1})
#[derive(Debug, Copy, Clone)]
pub struct test_arb_var {
x: u8,
tree: u16
}

/// d#0
fn Decoder_test_arb_var(input: &mut Parser<'_>) -> Result<test_arb_var, ParseError> {
Decoder1(input)
}

/// d#1
fn Decoder1(input: &mut Parser<'_>) -> Result<test_arb_var, ParseError> {
let x = input.read_byte()?;
let tree = (cast_u8_u16((eval_fallback<u8, u16, u8>(x, 59388u16, r#"div_u8_u16_u8"#, |x, y| BigInt::checked_div(x, y))).eval()?)).eval()?;
PResult::Ok(test_arb_var { x, tree })
}





## absu16 (x as u16 /i64 8431984371479538379i8) as i64
#![allow(unused_imports)]
#![allow(non_camel_case_types)]
#![allow(non_snake_case)]
#![allow(dead_code)]
#![allow(unsafe_op_in_unsafe_fn)]
#![cfg_attr(rustfmt, rustfmt::skip)]

mod codegen_tests;
pub mod api_helper;

use doodle::prelude::*;
use doodle::try_sub;

/// expected size: 16
/// trait-unready: multiple (2) decoders exist (d#{0, 1})
#[derive(Debug, Copy, Clone)]
pub struct test_arb_var {
x: u8,
tree: i64
}

/// d#0
fn Decoder_test_arb_var(input: &mut Parser<'_>) -> Result<test_arb_var, ParseError> {
Decoder1(input)
}

/// d#1
fn Decoder1(input: &mut Parser<'_>) -> Result<test_arb_var, ParseError> {
let x = input.read_byte()?;
let tree = (cast_u16_i64((eval_unary_fallback<i64, u16>((div_u16_i8_i64((cast_u8_u16(x)).eval()?, 8431984371479538379i8)).eval()?, r#"abs_i64_u16"#, |x| Signed::abs(x))).eval()?)).eval()?;
PResult::Ok(test_arb_var { x, tree })
}





## (1938917716u8 /i32 (-790743514u16 -i8 -1064927499u16) +i16 (++i32 x as i32)) *i32 (-481002956i8 /i16 227420i8) as u16
#![allow(unused_imports)]
#![allow(non_camel_case_types)]
#![allow(non_snake_case)]
#![allow(dead_code)]
#![allow(unsafe_op_in_unsafe_fn)]
#![cfg_attr(rustfmt, rustfmt::skip)]

mod codegen_tests;
pub mod api_helper;

use doodle::prelude::*;
use doodle::try_sub;

/// expected size: 8
/// trait-unready: multiple (2) decoders exist (d#{0, 1})
#[derive(Debug, Copy, Clone)]
pub struct test_arb_var {
x: u8,
tree: i32
}

/// d#0
fn Decoder_test_arb_var(input: &mut Parser<'_>) -> Result<test_arb_var, ParseError> {
Decoder1(input)
}

/// d#1
fn Decoder1(input: &mut Parser<'_>) -> Result<test_arb_var, ParseError> {
let x = input.read_byte()?;
let tree = (mul_i16_u16_i32((eval_fallback<i32, i32, i16>((div_u8_i8_i32(1938917716u8, (eval_fallback<u16, u16, i8>(-790743514u16, -1064927499u16, r#"sub_u16_i8"#, |x, y| BigInt::checked_sub(x, y))).eval()?)).eval()?, (succ_i32((cast_u8_i32(x)).eval()?)).eval()?, r#"add_i32_i16"#, |x, y| BigInt::checked_add(x, y))).eval()?, (cast_i16_u16((div_i8_i16(-481002956i8, 227420i8)).eval()?)).eval()?)).eval()?;
PResult::Ok(test_arb_var { x, tree })
}





## (1758611257i32 +i16 x as i8) as i16 %i32 ~i16 ~i32 (x as i32)
#![allow(unused_imports)]
#![allow(non_camel_case_types)]
#![allow(non_snake_case)]
#![allow(dead_code)]
#![allow(unsafe_op_in_unsafe_fn)]
#![cfg_attr(rustfmt, rustfmt::skip)]

mod codegen_tests;
pub mod api_helper;

use doodle::prelude::*;
use doodle::try_sub;

/// expected size: 8
/// trait-unready: multiple (2) decoders exist (d#{0, 1})
#[derive(Debug, Copy, Clone)]
pub struct test_arb_var {
x: u8,
tree: i32
}

/// d#0
fn Decoder_test_arb_var(input: &mut Parser<'_>) -> Result<test_arb_var, ParseError> {
Decoder1(input)
}

/// d#1
fn Decoder1(input: &mut Parser<'_>) -> Result<test_arb_var, ParseError> {
let x = input.read_byte()?;
let tree = (rem_i16_i32((eval_fallback<i32, i8, i16>(1758611257i32, (cast_u8_i8(x)).eval()?, r#"add_i32_i8_i16"#, |x, y| BigInt::checked_add(x, y))).eval()?, (eval_unary_fallback<i32, i16>((neg_i32((cast_u8_i32(x)).eval()?)).eval()?, r#"neg_i32_i16"#, |x| Neg::neg(x))).eval()?)).eval()?;
PResult::Ok(test_arb_var { x, tree })
}





## absu32 ((x as u32 -u64 x as u8) /u64 13259486814839978079u8 as u8) as u64
#![allow(unused_imports)]
#![allow(non_camel_case_types)]
#![allow(non_snake_case)]
#![allow(dead_code)]
#![allow(unsafe_op_in_unsafe_fn)]
#![cfg_attr(rustfmt, rustfmt::skip)]

mod codegen_tests;
pub mod api_helper;

use doodle::prelude::*;
use doodle::try_sub;

/// expected size: 16
/// trait-unready: multiple (2) decoders exist (d#{0, 1})
#[derive(Debug, Copy, Clone)]
pub struct test_arb_var {
x: u8,
tree: u64
}

/// d#0
fn Decoder_test_arb_var(input: &mut Parser<'_>) -> Result<test_arb_var, ParseError> {
Decoder1(input)
}

/// d#1
fn Decoder1(input: &mut Parser<'_>) -> Result<test_arb_var, ParseError> {
let x = input.read_byte()?;
let tree = (cast_u32_u64((eval_unary_fallback<u64, u32>((div_u64_u8_u64((sub_u32_u8_u64((cast_u8_u32(x)).eval()?, x)).eval()?, 13259486814839978079u8)).eval()?, r#"abs_u64_u32"#, |x| Signed::abs(x))).eval()?)).eval()?;
PResult::Ok(test_arb_var { x, tree })
}





## ~i16 (++i16 x as i16 *i16 4580u8)
#![allow(unused_imports)]
#![allow(non_camel_case_types)]
#![allow(non_snake_case)]
#![allow(dead_code)]
#![allow(unsafe_op_in_unsafe_fn)]
#![cfg_attr(rustfmt, rustfmt::skip)]

mod codegen_tests;
pub mod api_helper;

use doodle::prelude::*;
use doodle::try_sub;

/// expected size: 4
/// trait-unready: multiple (2) decoders exist (d#{0, 1})
#[derive(Debug, Copy, Clone)]
pub struct test_arb_var {
x: u8,
tree: i16
}

/// d#0
fn Decoder_test_arb_var(input: &mut Parser<'_>) -> Result<test_arb_var, ParseError> {
Decoder1(input)
}

/// d#1
fn Decoder1(input: &mut Parser<'_>) -> Result<test_arb_var, ParseError> {
let x = input.read_byte()?;
let tree = (neg_i16((succ_i16((mul_i16_u8_i16((cast_u8_i16(x)).eval()?, 4580u8)).eval()?)).eval()?)).eval()?;
PResult::Ok(test_arb_var { x, tree })
}





## ++i32 x as u16 as i16 /i32 1945161458i16 as u16
#![allow(unused_imports)]
#![allow(non_camel_case_types)]
#![allow(non_snake_case)]
#![allow(dead_code)]
#![allow(unsafe_op_in_unsafe_fn)]
#![cfg_attr(rustfmt, rustfmt::skip)]

mod codegen_tests;
pub mod api_helper;

use doodle::prelude::*;
use doodle::try_sub;

/// expected size: 8
/// trait-unready: multiple (2) decoders exist (d#{0, 1})
#[derive(Debug, Copy, Clone)]
pub struct test_arb_var {
x: u8,
tree: i32
}

/// d#0
fn Decoder_test_arb_var(input: &mut Parser<'_>) -> Result<test_arb_var, ParseError> {
Decoder1(input)
}

/// d#1
fn Decoder1(input: &mut Parser<'_>) -> Result<test_arb_var, ParseError> {
let x = input.read_byte()?;
let tree = (succ_i32((div_i16_u16_i32((cast_u16_i16((cast_u8_u16(x)).eval()?)).eval()?, (cast_i16_u16(1945161458i16)).eval()?)).eval()?)).eval()?;
PResult::Ok(test_arb_var { x, tree })
}





## x as i8 as i16 +i16 x as i8
#![allow(unused_imports)]
#![allow(non_camel_case_types)]
#![allow(non_snake_case)]
#![allow(dead_code)]
#![allow(unsafe_op_in_unsafe_fn)]
#![cfg_attr(rustfmt, rustfmt::skip)]

mod codegen_tests;
pub mod api_helper;

use doodle::prelude::*;
use doodle::try_sub;

/// expected size: 4
/// trait-unready: multiple (2) decoders exist (d#{0, 1})
#[derive(Debug, Copy, Clone)]
pub struct test_arb_var {
x: u8,
tree: i16
}

/// d#0
fn Decoder_test_arb_var(input: &mut Parser<'_>) -> Result<test_arb_var, ParseError> {
Decoder1(input)
}

/// d#1
fn Decoder1(input: &mut Parser<'_>) -> Result<test_arb_var, ParseError> {
let x = input.read_byte()?;
let tree = (add_i16_i8_i16((cast_i8_i16((cast_u8_i8(x)).eval()?)).eval()?, (cast_u8_i8(x)).eval()?)).eval()?;
PResult::Ok(test_arb_var { x, tree })
}





## absi16 ((x as i16 +i16 x as i16) *i16 (x as i8 +i16 21949i8)) -i16 -9285i8 as i8 as u8
#![allow(unused_imports)]
#![allow(non_camel_case_types)]
#![allow(non_snake_case)]
#![allow(dead_code)]
#![allow(unsafe_op_in_unsafe_fn)]
#![cfg_attr(rustfmt, rustfmt::skip)]

mod codegen_tests;
pub mod api_helper;

use doodle::prelude::*;
use doodle::try_sub;

/// expected size: 4
/// trait-unready: multiple (2) decoders exist (d#{0, 1})
#[derive(Debug, Copy, Clone)]
pub struct test_arb_var {
x: u8,
tree: i16
}

/// d#0
fn Decoder_test_arb_var(input: &mut Parser<'_>) -> Result<test_arb_var, ParseError> {
Decoder1(input)
}

/// d#1
fn Decoder1(input: &mut Parser<'_>) -> Result<test_arb_var, ParseError> {
let x = input.read_byte()?;
let tree = (sub_i16_u8_i16((abs_i16((mul_i16((add_i16((cast_u8_i16(x)).eval()?, (cast_u8_i16(x)).eval()?)).eval()?, (add_i8_i16((cast_u8_i8(x)).eval()?, 21949i8)).eval()?)).eval()?)).eval()?, (cast_i8_u8(-9285i8)).eval()?)).eval()?;
PResult::Ok(test_arb_var { x, tree })
}





## x %u8 x %u8 absu8 x
#![allow(unused_imports)]
#![allow(non_camel_case_types)]
#![allow(non_snake_case)]
#![allow(dead_code)]
#![allow(unsafe_op_in_unsafe_fn)]
#![cfg_attr(rustfmt, rustfmt::skip)]

mod codegen_tests;
pub mod api_helper;

use doodle::prelude::*;
use doodle::try_sub;

/// expected size: 2
/// trait-unready: multiple (2) decoders exist (d#{0, 1})
#[derive(Debug, Copy, Clone)]
pub struct test_arb_var {
x: u8,
tree: u8
}

/// d#0
fn Decoder_test_arb_var(input: &mut Parser<'_>) -> Result<test_arb_var, ParseError> {
Decoder1(input)
}

/// d#1
fn Decoder1(input: &mut Parser<'_>) -> Result<test_arb_var, ParseError> {
let x = input.read_byte()?;
let tree = (rem_u8(x, (rem_u8(x, (abs_u8(x)).eval()?)).eval()?)).eval()?;
PResult::Ok(test_arb_var { x, tree })
}





## x as i8 as i16 as i32
#![allow(unused_imports)]
#![allow(non_camel_case_types)]
#![allow(non_snake_case)]
#![allow(dead_code)]
#![allow(unsafe_op_in_unsafe_fn)]
#![cfg_attr(rustfmt, rustfmt::skip)]

mod codegen_tests;
pub mod api_helper;

use doodle::prelude::*;
use doodle::try_sub;

/// expected size: 8
/// trait-unready: multiple (2) decoders exist (d#{0, 1})
#[derive(Debug, Copy, Clone)]
pub struct test_arb_var {
x: u8,
tree: i32
}

/// d#0
fn Decoder_test_arb_var(input: &mut Parser<'_>) -> Result<test_arb_var, ParseError> {
Decoder1(input)
}

/// d#1
fn Decoder1(input: &mut Parser<'_>) -> Result<test_arb_var, ParseError> {
let x = input.read_byte()?;
let tree = (cast_i16_i32((cast_i8_i16((cast_u8_i8(x)).eval()?)).eval()?)).eval()?;
PResult::Ok(test_arb_var { x, tree })
}





## (20353u8 as u8 -u8 x as u8 /u8 63264u8 as u16) %u16 (x as u8 as u8 *u16 x as u16)
#![allow(unused_imports)]
#![allow(non_camel_case_types)]
#![allow(non_snake_case)]
#![allow(dead_code)]
#![allow(unsafe_op_in_unsafe_fn)]
#![cfg_attr(rustfmt, rustfmt::skip)]

mod codegen_tests;
pub mod api_helper;

use doodle::prelude::*;
use doodle::try_sub;

/// expected size: 4
/// trait-unready: multiple (2) decoders exist (d#{0, 1})
#[derive(Debug, Copy, Clone)]
pub struct test_arb_var {
x: u8,
tree: u16
}

/// d#0
fn Decoder_test_arb_var(input: &mut Parser<'_>) -> Result<test_arb_var, ParseError> {
Decoder1(input)
}

/// d#1
fn Decoder1(input: &mut Parser<'_>) -> Result<test_arb_var, ParseError> {
let x = input.read_byte()?;
let tree = (rem_u8_u16_u16((sub_u8(20353u8, (eval_fallback<u8, u16, u8>(x, (cast_u8_u16(63264u8)).eval()?, r#"div_u8_u16_u8"#, |x, y| BigInt::checked_div(x, y))).eval()?)).eval()?, (mul_u8_u16_u16(x, (cast_u8_u16(x)).eval()?)).eval()?)).eval()?;
PResult::Ok(test_arb_var { x, tree })
}





## (x as i16 +i8 26782i8) as u8 *i16 (absu8 (x as i16 *i16 2772i16) /i8 x as i8)
#![allow(unused_imports)]
#![allow(non_camel_case_types)]
#![allow(non_snake_case)]
#![allow(dead_code)]
#![allow(unsafe_op_in_unsafe_fn)]
#![cfg_attr(rustfmt, rustfmt::skip)]

mod codegen_tests;
pub mod api_helper;

use doodle::prelude::*;
use doodle::try_sub;

/// expected size: 4
/// trait-unready: multiple (2) decoders exist (d#{0, 1})
#[derive(Debug, Copy, Clone)]
pub struct test_arb_var {
x: u8,
tree: i16
}

/// d#0
fn Decoder_test_arb_var(input: &mut Parser<'_>) -> Result<test_arb_var, ParseError> {
Decoder1(input)
}

/// d#1
fn Decoder1(input: &mut Parser<'_>) -> Result<test_arb_var, ParseError> {
let x = input.read_byte()?;
let tree = (mul_u8_i8_i16((cast_i8_u8((eval_fallback<i16, i8, i8>((cast_u8_i16(x)).eval()?, 26782i8, r#"add_i16_i8_i8"#, |x, y| BigInt::checked_add(x, y))).eval()?)).eval()?, (eval_fallback<u8, i8, i8>((eval_unary_fallback<i16, u8>((mul_i16((cast_u8_i16(x)).eval()?, 2772i16)).eval()?, r#"abs_i16_u8"#, |x| Signed::abs(x))).eval()?, (cast_u8_i8(x)).eval()?, r#"div_u8_i8_i8"#, |x, y| BigInt::checked_div(x, y))).eval()?)).eval()?;
PResult::Ok(test_arb_var { x, tree })
}





## ~u8 (++i16 x as i16 -i16 -21552i16) as i16
#![allow(unused_imports)]
#![allow(non_camel_case_types)]
#![allow(non_snake_case)]
#![allow(dead_code)]
#![allow(unsafe_op_in_unsafe_fn)]
#![cfg_attr(rustfmt, rustfmt::skip)]

mod codegen_tests;
pub mod api_helper;

use doodle::prelude::*;
use doodle::try_sub;

/// expected size: 4
/// trait-unready: multiple (2) decoders exist (d#{0, 1})
#[derive(Debug, Copy, Clone)]
pub struct test_arb_var {
x: u8,
tree: i16
}

/// d#0
fn Decoder_test_arb_var(input: &mut Parser<'_>) -> Result<test_arb_var, ParseError> {
Decoder1(input)
}

/// d#1
fn Decoder1(input: &mut Parser<'_>) -> Result<test_arb_var, ParseError> {
let x = input.read_byte()?;
let tree = (cast_u8_i16((eval_unary_fallback<i16, u8>((succ_i16((sub_i16((cast_u8_i16(x)).eval()?, -21552i16)).eval()?)).eval()?, r#"neg_i16_u8"#, |x| Neg::neg(x))).eval()?)).eval()?;
PResult::Ok(test_arb_var { x, tree })
}





## ~u8 (x as u8 /i64 x as u32) -i64 absi32 (-5691428212878699328u32 -i64 x as i64) as u32
#![allow(unused_imports)]
#![allow(non_camel_case_types)]
#![allow(non_snake_case)]
#![allow(dead_code)]
#![allow(unsafe_op_in_unsafe_fn)]
#![cfg_attr(rustfmt, rustfmt::skip)]

mod codegen_tests;
pub mod api_helper;

use doodle::prelude::*;
use doodle::try_sub;

/// expected size: 16
/// trait-unready: multiple (2) decoders exist (d#{0, 1})
#[derive(Debug, Copy, Clone)]
pub struct test_arb_var {
x: u8,
tree: i64
}

/// d#0
fn Decoder_test_arb_var(input: &mut Parser<'_>) -> Result<test_arb_var, ParseError> {
Decoder1(input)
}

/// d#1
fn Decoder1(input: &mut Parser<'_>) -> Result<test_arb_var, ParseError> {
let x = input.read_byte()?;
let tree = (sub_u8_u32_i64((eval_unary_fallback<i64, u8>((div_u8_u32_i64(x, (cast_u8_u32(x)).eval()?)).eval()?, r#"neg_i64_u8"#, |x| Neg::neg(x))).eval()?, (cast_i32_u32((eval_unary_fallback<i64, i32>((sub_u32_i64_i64(-5691428212878699328u32, (cast_u8_i64(x)).eval()?)).eval()?, r#"abs_i64_i32"#, |x| Signed::abs(x))).eval()?)).eval()?)).eval()?;
PResult::Ok(test_arb_var { x, tree })
}





## ++i16 absi16 (--i16 x as u8 /i16 x as i8)
#![allow(unused_imports)]
#![allow(non_camel_case_types)]
#![allow(non_snake_case)]
#![allow(dead_code)]
#![allow(unsafe_op_in_unsafe_fn)]
#![cfg_attr(rustfmt, rustfmt::skip)]

mod codegen_tests;
pub mod api_helper;

use doodle::prelude::*;
use doodle::try_sub;

/// expected size: 4
/// trait-unready: multiple (2) decoders exist (d#{0, 1})
#[derive(Debug, Copy, Clone)]
pub struct test_arb_var {
x: u8,
tree: i16
}

/// d#0
fn Decoder_test_arb_var(input: &mut Parser<'_>) -> Result<test_arb_var, ParseError> {
Decoder1(input)
}

/// d#1
fn Decoder1(input: &mut Parser<'_>) -> Result<test_arb_var, ParseError> {
let x = input.read_byte()?;
let tree = (succ_i16((abs_i16((pred_i16((div_u8_i8_i16(x, (cast_u8_i8(x)).eval()?)).eval()?)).eval()?)).eval()?)).eval()?;
PResult::Ok(test_arb_var { x, tree })
}





## ~i16 (~u8 (x as i16) as i16)
#![allow(unused_imports)]
#![allow(non_camel_case_types)]
#![allow(non_snake_case)]
#![allow(dead_code)]
#![allow(unsafe_op_in_unsafe_fn)]
#![cfg_attr(rustfmt, rustfmt::skip)]

mod codegen_tests;
pub mod api_helper;

use doodle::prelude::*;
use doodle::try_sub;

/// expected size: 4
/// trait-unready: multiple (2) decoders exist (d#{0, 1})
#[derive(Debug, Copy, Clone)]
pub struct test_arb_var {
x: u8,
tree: i16
}

/// d#0
fn Decoder_test_arb_var(input: &mut Parser<'_>) -> Result<test_arb_var, ParseError> {
Decoder1(input)
}

/// d#1
fn Decoder1(input: &mut Parser<'_>) -> Result<test_arb_var, ParseError> {
let x = input.read_byte()?;
let tree = (neg_i16((cast_u8_i16((eval_unary_fallback<i16, u8>((cast_u8_i16(x)).eval()?, r#"neg_i16_u8"#, |x| Neg::neg(x))).eval()?)).eval()?)).eval()?;
PResult::Ok(test_arb_var { x, tree })
}





## absu32 ((++u16 3820046859u32) %u32 absu32 (x as u32))
#![allow(unused_imports)]
#![allow(non_camel_case_types)]
#![allow(non_snake_case)]
#![allow(dead_code)]
#![allow(unsafe_op_in_unsafe_fn)]
#![cfg_attr(rustfmt, rustfmt::skip)]

mod codegen_tests;
pub mod api_helper;

use doodle::prelude::*;
use doodle::try_sub;

/// expected size: 8
/// trait-unready: multiple (2) decoders exist (d#{0, 1})
#[derive(Debug, Copy, Clone)]
pub struct test_arb_var {
x: u8,
tree: u32
}

/// d#0
fn Decoder_test_arb_var(input: &mut Parser<'_>) -> Result<test_arb_var, ParseError> {
Decoder1(input)
}

/// d#1
fn Decoder1(input: &mut Parser<'_>) -> Result<test_arb_var, ParseError> {
let x = input.read_byte()?;
let tree = (abs_u32((rem_u16_u32_u32((eval_unary_fallback<u32, u16>(3820046859u32, r#"succ_u32_u16"#, |x| Numeric::succ(x))).eval()?, (abs_u32((cast_u8_u32(x)).eval()?)).eval()?)).eval()?)).eval()?;
PResult::Ok(test_arb_var { x, tree })
}





## (x as u8 as u32 *u16 x as u8 as u32) /u64 (442261103960787198u8 -u64 absu8 481973807081554259u64 -u64 x as u8 as u64)
#![allow(unused_imports)]
#![allow(non_camel_case_types)]
#![allow(non_snake_case)]
#![allow(dead_code)]
#![allow(unsafe_op_in_unsafe_fn)]
#![cfg_attr(rustfmt, rustfmt::skip)]

mod codegen_tests;
pub mod api_helper;

use doodle::prelude::*;
use doodle::try_sub;

/// expected size: 16
/// trait-unready: multiple (2) decoders exist (d#{0, 1})
#[derive(Debug, Copy, Clone)]
pub struct test_arb_var {
x: u8,
tree: u64
}

/// d#0
fn Decoder_test_arb_var(input: &mut Parser<'_>) -> Result<test_arb_var, ParseError> {
Decoder1(input)
}

/// d#1
fn Decoder1(input: &mut Parser<'_>) -> Result<test_arb_var, ParseError> {
let x = input.read_byte()?;
let tree = (div_u16_u64_u64((eval_fallback<u32, u32, u16>((cast_u8_u32(x)).eval()?, (cast_u8_u32(x)).eval()?, r#"mul_u32_u16"#, |x, y| BigInt::checked_mul(x, y))).eval()?, (sub_u64((sub_u8_u64(442261103960787198u8, (eval_unary_fallback<u64, u8>(481973807081554259u64, r#"abs_u64_u8"#, |x| Signed::abs(x))).eval()?)).eval()?, (cast_u8_u64(x)).eval()?)).eval()?)).eval()?;
PResult::Ok(test_arb_var { x, tree })
}





## (1368050520u32 %u8 x as u16 -u8 absu8 883853952u32) as u32
#![allow(unused_imports)]
#![allow(non_camel_case_types)]
#![allow(non_snake_case)]
#![allow(dead_code)]
#![allow(unsafe_op_in_unsafe_fn)]
#![cfg_attr(rustfmt, rustfmt::skip)]

mod codegen_tests;
pub mod api_helper;

use doodle::prelude::*;
use doodle::try_sub;

/// expected size: 8
/// trait-unready: multiple (2) decoders exist (d#{0, 1})
#[derive(Debug, Copy, Clone)]
pub struct test_arb_var {
x: u8,
tree: u32
}

/// d#0
fn Decoder_test_arb_var(input: &mut Parser<'_>) -> Result<test_arb_var, ParseError> {
Decoder1(input)
}

/// d#1
fn Decoder1(input: &mut Parser<'_>) -> Result<test_arb_var, ParseError> {
let x = input.read_byte()?;
let tree = (cast_u8_u32((sub_u8((eval_fallback<u32, u16, u8>(1368050520u32, (cast_u8_u16(x)).eval()?, r#"rem_u32_u16_u8"#, |x, y| BigInt::checked_rem(x, y))).eval()?, (eval_unary_fallback<u32, u8>(883853952u32, r#"abs_u32_u8"#, |x| Signed::abs(x))).eval()?)).eval()?)).eval()?;
PResult::Ok(test_arb_var { x, tree })
}





## ~u8 (x as i64) as i8 as i16 as i64
#![allow(unused_imports)]
#![allow(non_camel_case_types)]
#![allow(non_snake_case)]
#![allow(dead_code)]
#![allow(unsafe_op_in_unsafe_fn)]
#![cfg_attr(rustfmt, rustfmt::skip)]

mod codegen_tests;
pub mod api_helper;

use doodle::prelude::*;
use doodle::try_sub;

/// expected size: 16
/// trait-unready: multiple (2) decoders exist (d#{0, 1})
#[derive(Debug, Copy, Clone)]
pub struct test_arb_var {
x: u8,
tree: i64
}

/// d#0
fn Decoder_test_arb_var(input: &mut Parser<'_>) -> Result<test_arb_var, ParseError> {
Decoder1(input)
}

/// d#1
fn Decoder1(input: &mut Parser<'_>) -> Result<test_arb_var, ParseError> {
let x = input.read_byte()?;
let tree = (cast_i16_i64((cast_i8_i16((cast_u8_i8((eval_unary_fallback<i64, u8>((cast_u8_i64(x)).eval()?, r#"neg_i64_u8"#, |x| Neg::neg(x))).eval()?)).eval()?)).eval()?)).eval()?;
PResult::Ok(test_arb_var { x, tree })
}





## (81u8 %u8 x /u8 x) *u8 (--u8 233u8 /u8 244u8)
#![allow(unused_imports)]
#![allow(non_camel_case_types)]
#![allow(non_snake_case)]
#![allow(dead_code)]
#![allow(unsafe_op_in_unsafe_fn)]
#![cfg_attr(rustfmt, rustfmt::skip)]

mod codegen_tests;
pub mod api_helper;

use doodle::prelude::*;
use doodle::try_sub;

/// expected size: 2
/// trait-unready: multiple (2) decoders exist (d#{0, 1})
#[derive(Debug, Copy, Clone)]
pub struct test_arb_var {
x: u8,
tree: u8
}

/// d#0
fn Decoder_test_arb_var(input: &mut Parser<'_>) -> Result<test_arb_var, ParseError> {
Decoder1(input)
}

/// d#1
fn Decoder1(input: &mut Parser<'_>) -> Result<test_arb_var, ParseError> {
let x = input.read_byte()?;
let tree = (mul_u8((div_u8((rem_u8(81u8, x)).eval()?, x)).eval()?, (pred_u8((div_u8(233u8, 244u8)).eval()?)).eval()?)).eval()?;
PResult::Ok(test_arb_var { x, tree })
}





## absu16 (x as u64) as u64 /u64 absu8 (x as u16 as u64)
#![allow(unused_imports)]
#![allow(non_camel_case_types)]
#![allow(non_snake_case)]
#![allow(dead_code)]
#![allow(unsafe_op_in_unsafe_fn)]
#![cfg_attr(rustfmt, rustfmt::skip)]

mod codegen_tests;
pub mod api_helper;

use doodle::prelude::*;
use doodle::try_sub;

/// expected size: 16
/// trait-unready: multiple (2) decoders exist (d#{0, 1})
#[derive(Debug, Copy, Clone)]
pub struct test_arb_var {
x: u8,
tree: u64
}

/// d#0
fn Decoder_test_arb_var(input: &mut Parser<'_>) -> Result<test_arb_var, ParseError> {
Decoder1(input)
}

/// d#1
fn Decoder1(input: &mut Parser<'_>) -> Result<test_arb_var, ParseError> {
let x = input.read_byte()?;
let tree = (div_u64_u8_u64((cast_u16_u64((eval_unary_fallback<u64, u16>((cast_u8_u64(x)).eval()?, r#"abs_u64_u16"#, |x| Signed::abs(x))).eval()?)).eval()?, (eval_unary_fallback<u64, u8>((cast_u16_u64((cast_u8_u16(x)).eval()?)).eval()?, r#"abs_u64_u8"#, |x| Signed::abs(x))).eval()?)).eval()?;
PResult::Ok(test_arb_var { x, tree })
}





## absi16 absi16 (--i16 x as i16)
#![allow(unused_imports)]
#![allow(non_camel_case_types)]
#![allow(non_snake_case)]
#![allow(dead_code)]
#![allow(unsafe_op_in_unsafe_fn)]
#![cfg_attr(rustfmt, rustfmt::skip)]

mod codegen_tests;
pub mod api_helper;

use doodle::prelude::*;
use doodle::try_sub;

/// expected size: 4
/// trait-unready: multiple (2) decoders exist (d#{0, 1})
#[derive(Debug, Copy, Clone)]
pub struct test_arb_var {
x: u8,
tree: i16
}

/// d#0
fn Decoder_test_arb_var(input: &mut Parser<'_>) -> Result<test_arb_var, ParseError> {
Decoder1(input)
}

/// d#1
fn Decoder1(input: &mut Parser<'_>) -> Result<test_arb_var, ParseError> {
let x = input.read_byte()?;
let tree = (abs_i16((abs_i16((pred_i16((cast_u8_i16(x)).eval()?)).eval()?)).eval()?)).eval()?;
PResult::Ok(test_arb_var { x, tree })
}





## ++u64 x as u16 as u16 as u32 %u64 8767082011176351087u8 %u64 13506595821789255040u32
#![allow(unused_imports)]
#![allow(non_camel_case_types)]
#![allow(non_snake_case)]
#![allow(dead_code)]
#![allow(unsafe_op_in_unsafe_fn)]
#![cfg_attr(rustfmt, rustfmt::skip)]

mod codegen_tests;
pub mod api_helper;

use doodle::prelude::*;
use doodle::try_sub;

/// expected size: 16
/// trait-unready: multiple (2) decoders exist (d#{0, 1})
#[derive(Debug, Copy, Clone)]
pub struct test_arb_var {
x: u8,
tree: u64
}

/// d#0
fn Decoder_test_arb_var(input: &mut Parser<'_>) -> Result<test_arb_var, ParseError> {
Decoder1(input)
}

/// d#1
fn Decoder1(input: &mut Parser<'_>) -> Result<test_arb_var, ParseError> {
let x = input.read_byte()?;
let tree = (succ_u64((rem_u32_u64_u64((cast_u16_u32((cast_u8_u16(x)).eval()?)).eval()?, (rem_u8_u32_u64(8767082011176351087u8, 13506595821789255040u32)).eval()?)).eval()?)).eval()?;
PResult::Ok(test_arb_var { x, tree })
}





## absi16 (x as i64) as u32 +i64 (++i64 x as i32 as i64)
#![allow(unused_imports)]
#![allow(non_camel_case_types)]
#![allow(non_snake_case)]
#![allow(dead_code)]
#![allow(unsafe_op_in_unsafe_fn)]
#![cfg_attr(rustfmt, rustfmt::skip)]

mod codegen_tests;
pub mod api_helper;

use doodle::prelude::*;
use doodle::try_sub;

/// expected size: 16
/// trait-unready: multiple (2) decoders exist (d#{0, 1})
#[derive(Debug, Copy, Clone)]
pub struct test_arb_var {
x: u8,
tree: i64
}

/// d#0
fn Decoder_test_arb_var(input: &mut Parser<'_>) -> Result<test_arb_var, ParseError> {
Decoder1(input)
}

/// d#1
fn Decoder1(input: &mut Parser<'_>) -> Result<test_arb_var, ParseError> {
let x = input.read_byte()?;
let tree = (add_u32_i64_i64((cast_i16_u32((eval_unary_fallback<i64, i16>((cast_u8_i64(x)).eval()?, r#"abs_i64_i16"#, |x| Signed::abs(x))).eval()?)).eval()?, (succ_i64((cast_i32_i64((cast_u8_i32(x)).eval()?)).eval()?)).eval()?)).eval()?;
PResult::Ok(test_arb_var { x, tree })
}





## (126i8 -i8 x as i8 +i8 x as i8) /i8 ~i8 (-81i8 +i8 x as i8)
#![allow(unused_imports)]
#![allow(non_camel_case_types)]
#![allow(non_snake_case)]
#![allow(dead_code)]
#![allow(unsafe_op_in_unsafe_fn)]
#![cfg_attr(rustfmt, rustfmt::skip)]

mod codegen_tests;
pub mod api_helper;

use doodle::prelude::*;
use doodle::try_sub;

/// expected size: 2
/// trait-unready: multiple (2) decoders exist (d#{0, 1})
#[derive(Debug, Copy, Clone)]
pub struct test_arb_var {
x: u8,
tree: i8
}

/// d#0
fn Decoder_test_arb_var(input: &mut Parser<'_>) -> Result<test_arb_var, ParseError> {
Decoder1(input)
}

/// d#1
fn Decoder1(input: &mut Parser<'_>) -> Result<test_arb_var, ParseError> {
let x = input.read_byte()?;
let tree = (div_i8((add_i8((sub_i8(126i8, (cast_u8_i8(x)).eval()?)).eval()?, (cast_u8_i8(x)).eval()?)).eval()?, (neg_i8((add_i8(-81i8, (cast_u8_i8(x)).eval()?)).eval()?)).eval()?)).eval()?;
PResult::Ok(test_arb_var { x, tree })
}





## (653224054186244400u8 %u16 (--u32 x as i64)) as i64
#![allow(unused_imports)]
#![allow(non_camel_case_types)]
#![allow(non_snake_case)]
#![allow(dead_code)]
#![allow(unsafe_op_in_unsafe_fn)]
#![cfg_attr(rustfmt, rustfmt::skip)]

mod codegen_tests;
pub mod api_helper;

use doodle::prelude::*;
use doodle::try_sub;

/// expected size: 16
/// trait-unready: multiple (2) decoders exist (d#{0, 1})
#[derive(Debug, Copy, Clone)]
pub struct test_arb_var {
x: u8,
tree: i64
}

/// d#0
fn Decoder_test_arb_var(input: &mut Parser<'_>) -> Result<test_arb_var, ParseError> {
Decoder1(input)
}

/// d#1
fn Decoder1(input: &mut Parser<'_>) -> Result<test_arb_var, ParseError> {
let x = input.read_byte()?;
let tree = (cast_u16_i64((eval_fallback<u8, u32, u16>(653224054186244400u8, (eval_unary_fallback<i64, u32>((cast_u8_i64(x)).eval()?, r#"pred_i64_u32"#, |x| Numeric::pred(x))).eval()?, r#"rem_u8_u32_u16"#, |x, y| BigInt::checked_rem(x, y))).eval()?)).eval()?;
PResult::Ok(test_arb_var { x, tree })
}





## ~i16 (1304921347i32 %u8 x as u8 /i32 -496500629u16) %i32 (x as u16 -i16 x as i8 -u16 x as i32 %i16 373280053u8)
#![allow(unused_imports)]
#![allow(non_camel_case_types)]
#![allow(non_snake_case)]
#![allow(dead_code)]
#![allow(unsafe_op_in_unsafe_fn)]
#![cfg_attr(rustfmt, rustfmt::skip)]

mod codegen_tests;
pub mod api_helper;

use doodle::prelude::*;
use doodle::try_sub;

/// expected size: 8
/// trait-unready: multiple (2) decoders exist (d#{0, 1})
#[derive(Debug, Copy, Clone)]
pub struct test_arb_var {
x: u8,
tree: i32
}

/// d#0
fn Decoder_test_arb_var(input: &mut Parser<'_>) -> Result<test_arb_var, ParseError> {
Decoder1(input)
}

/// d#1
fn Decoder1(input: &mut Parser<'_>) -> Result<test_arb_var, ParseError> {
let x = input.read_byte()?;
let tree = (rem_i16_u16_i32((eval_unary_fallback<i32, i16>((div_u8_u16_i32((eval_fallback<i32, u8, u8>(1304921347i32, x, r#"rem_i32_u8_u8"#, |x, y| BigInt::checked_rem(x, y))).eval()?, -496500629u16)).eval()?, r#"neg_i32_i16"#, |x| Neg::neg(x))).eval()?, (eval_fallback<i16, i16, u16>((eval_fallback<u16, i8, i16>((cast_u8_u16(x)).eval()?, (cast_u8_i8(x)).eval()?, r#"sub_u16_i8_i16"#, |x, y| BigInt::checked_sub(x, y))).eval()?, (eval_fallback<i32, u8, i16>((cast_u8_i32(x)).eval()?, 373280053u8, r#"rem_i32_u8_i16"#, |x, y| BigInt::checked_rem(x, y))).eval()?, r#"sub_i16_u16"#, |x, y| BigInt::checked_sub(x, y))).eval()?)).eval()?;
PResult::Ok(test_arb_var { x, tree })
}





## (--u8 --u16 25681u16) +u16 (++u8 42391u16 /u16 23925u16) +u16 x as u16
#![allow(unused_imports)]
#![allow(non_camel_case_types)]
#![allow(non_snake_case)]
#![allow(dead_code)]
#![allow(unsafe_op_in_unsafe_fn)]
#![cfg_attr(rustfmt, rustfmt::skip)]

mod codegen_tests;
pub mod api_helper;

use doodle::prelude::*;
use doodle::try_sub;

/// expected size: 4
/// trait-unready: multiple (2) decoders exist (d#{0, 1})
#[derive(Debug, Copy, Clone)]
pub struct test_arb_var {
x: u8,
tree: u16
}

/// d#0
fn Decoder_test_arb_var(input: &mut Parser<'_>) -> Result<test_arb_var, ParseError> {
Decoder1(input)
}

/// d#1
fn Decoder1(input: &mut Parser<'_>) -> Result<test_arb_var, ParseError> {
let x = input.read_byte()?;
let tree = (add_u16((add_u8_u16((eval_unary_fallback<u16, u8>((pred_u16(25681u16)).eval()?, r#"pred_u16_u8"#, |x| Numeric::pred(x))).eval()?, (eval_unary_fallback<u16, u8>((div_u16(42391u16, 23925u16)).eval()?, r#"succ_u16_u8"#, |x| Numeric::succ(x))).eval()?)).eval()?, (cast_u8_u16(x)).eval()?)).eval()?;
PResult::Ok(test_arb_var { x, tree })
}





## x as u16 %u8 absu8 28974u16 -u16 absu16 (++u16 x as u16) /u8 60192u8 as u8
#![allow(unused_imports)]
#![allow(non_camel_case_types)]
#![allow(non_snake_case)]
#![allow(dead_code)]
#![allow(unsafe_op_in_unsafe_fn)]
#![cfg_attr(rustfmt, rustfmt::skip)]

mod codegen_tests;
pub mod api_helper;

use doodle::prelude::*;
use doodle::try_sub;

/// expected size: 4
/// trait-unready: multiple (2) decoders exist (d#{0, 1})
#[derive(Debug, Copy, Clone)]
pub struct test_arb_var {
x: u8,
tree: u16
}

/// d#0
fn Decoder_test_arb_var(input: &mut Parser<'_>) -> Result<test_arb_var, ParseError> {
Decoder1(input)
}

/// d#1
fn Decoder1(input: &mut Parser<'_>) -> Result<test_arb_var, ParseError> {
let x = input.read_byte()?;
let tree = (sub_u8_u16((eval_fallback<u16, u8, u8>((cast_u8_u16(x)).eval()?, (eval_unary_fallback<u16, u8>(28974u16, r#"abs_u16_u8"#, |x| Signed::abs(x))).eval()?, r#"rem_u16_u8_u8"#, |x, y| BigInt::checked_rem(x, y))).eval()?, (eval_fallback<u16, u8, u8>((abs_u16((succ_u16((cast_u8_u16(x)).eval()?)).eval()?)).eval()?, 60192u8, r#"div_u16_u8_u8"#, |x, y| BigInt::checked_div(x, y))).eval()?)).eval()?;
PResult::Ok(test_arb_var { x, tree })
}





## ~i8 (x as i8 -i8 x as i8)
#![allow(unused_imports)]
#![allow(non_camel_case_types)]
#![allow(non_snake_case)]
#![allow(dead_code)]
#![allow(unsafe_op_in_unsafe_fn)]
#![cfg_attr(rustfmt, rustfmt::skip)]

mod codegen_tests;
pub mod api_helper;

use doodle::prelude::*;
use doodle::try_sub;

/// expected size: 2
/// trait-unready: multiple (2) decoders exist (d#{0, 1})
#[derive(Debug, Copy, Clone)]
pub struct test_arb_var {
x: u8,
tree: i8
}

/// d#0
fn Decoder_test_arb_var(input: &mut Parser<'_>) -> Result<test_arb_var, ParseError> {
Decoder1(input)
}

/// d#1
fn Decoder1(input: &mut Parser<'_>) -> Result<test_arb_var, ParseError> {
let x = input.read_byte()?;
let tree = (neg_i8((sub_i8((cast_u8_i8(x)).eval()?, (cast_u8_i8(x)).eval()?)).eval()?)).eval()?;
PResult::Ok(test_arb_var { x, tree })
}





## absu8 ((x as u8 %u8 36514u16) as u16) as u16
#![allow(unused_imports)]
#![allow(non_camel_case_types)]
#![allow(non_snake_case)]
#![allow(dead_code)]
#![allow(unsafe_op_in_unsafe_fn)]
#![cfg_attr(rustfmt, rustfmt::skip)]

mod codegen_tests;
pub mod api_helper;

use doodle::prelude::*;
use doodle::try_sub;

/// expected size: 4
/// trait-unready: multiple (2) decoders exist (d#{0, 1})
#[derive(Debug, Copy, Clone)]
pub struct test_arb_var {
x: u8,
tree: u16
}

/// d#0
fn Decoder_test_arb_var(input: &mut Parser<'_>) -> Result<test_arb_var, ParseError> {
Decoder1(input)
}

/// d#1
fn Decoder1(input: &mut Parser<'_>) -> Result<test_arb_var, ParseError> {
let x = input.read_byte()?;
let tree = (cast_u8_u16((eval_unary_fallback<u16, u8>((cast_u8_u16((eval_fallback<u8, u16, u8>(x, 36514u16, r#"rem_u8_u16_u8"#, |x, y| BigInt::checked_rem(x, y))).eval()?)).eval()?, r#"abs_u16_u8"#, |x| Signed::abs(x))).eval()?)).eval()?;
PResult::Ok(test_arb_var { x, tree })
}





## absi16 (--i16 ~i16 (x as i16)) +i16 x as u8 as i8
#![allow(unused_imports)]
#![allow(non_camel_case_types)]
#![allow(non_snake_case)]
#![allow(dead_code)]
#![allow(unsafe_op_in_unsafe_fn)]
#![cfg_attr(rustfmt, rustfmt::skip)]

mod codegen_tests;
pub mod api_helper;

use doodle::prelude::*;
use doodle::try_sub;

/// expected size: 4
/// trait-unready: multiple (2) decoders exist (d#{0, 1})
#[derive(Debug, Copy, Clone)]
pub struct test_arb_var {
x: u8,
tree: i16
}

/// d#0
fn Decoder_test_arb_var(input: &mut Parser<'_>) -> Result<test_arb_var, ParseError> {
Decoder1(input)
}

/// d#1
fn Decoder1(input: &mut Parser<'_>) -> Result<test_arb_var, ParseError> {
let x = input.read_byte()?;
let tree = (add_i16_i8_i16((abs_i16((pred_i16((neg_i16((cast_u8_i16(x)).eval()?)).eval()?)).eval()?)).eval()?, (cast_u8_i8(x)).eval()?)).eval()?;
PResult::Ok(test_arb_var { x, tree })
}





## absu8 (++u8 249u8 -u8 x) /u8 (162u8 +u8 (++u8 x))
#![allow(unused_imports)]
#![allow(non_camel_case_types)]
#![allow(non_snake_case)]
#![allow(dead_code)]
#![allow(unsafe_op_in_unsafe_fn)]
#![cfg_attr(rustfmt, rustfmt::skip)]

mod codegen_tests;
pub mod api_helper;

use doodle::prelude::*;
use doodle::try_sub;

/// expected size: 2
/// trait-unready: multiple (2) decoders exist (d#{0, 1})
#[derive(Debug, Copy, Clone)]
pub struct test_arb_var {
x: u8,
tree: u8
}

/// d#0
fn Decoder_test_arb_var(input: &mut Parser<'_>) -> Result<test_arb_var, ParseError> {
Decoder1(input)
}

/// d#1
fn Decoder1(input: &mut Parser<'_>) -> Result<test_arb_var, ParseError> {
let x = input.read_byte()?;
let tree = (div_u8((abs_u8((succ_u8((sub_u8(249u8, x)).eval()?)).eval()?)).eval()?, (add_u8(162u8, (succ_u8(x)).eval()?)).eval()?)).eval()?;
PResult::Ok(test_arb_var { x, tree })
}





## absu32 (x as u8 %u8 x as u64 +u64 absu32 (x as u64)) +u64 absu64 (1666737292815739111u16 %u64 x as u8)
#![allow(unused_imports)]
#![allow(non_camel_case_types)]
#![allow(non_snake_case)]
#![allow(dead_code)]
#![allow(unsafe_op_in_unsafe_fn)]
#![cfg_attr(rustfmt, rustfmt::skip)]

mod codegen_tests;
pub mod api_helper;

use doodle::prelude::*;
use doodle::try_sub;

/// expected size: 16
/// trait-unready: multiple (2) decoders exist (d#{0, 1})
#[derive(Debug, Copy, Clone)]
pub struct test_arb_var {
x: u8,
tree: u64
}

/// d#0
fn Decoder_test_arb_var(input: &mut Parser<'_>) -> Result<test_arb_var, ParseError> {
Decoder1(input)
}

/// d#1
fn Decoder1(input: &mut Parser<'_>) -> Result<test_arb_var, ParseError> {
let x = input.read_byte()?;
let tree = (add_u32_u64_u64((eval_unary_fallback<u64, u32>((add_u8_u32_u64((eval_fallback<u8, u64, u8>(x, (cast_u8_u64(x)).eval()?, r#"rem_u8_u64_u8"#, |x, y| BigInt::checked_rem(x, y))).eval()?, (eval_unary_fallback<u64, u32>((cast_u8_u64(x)).eval()?, r#"abs_u64_u32"#, |x| Signed::abs(x))).eval()?)).eval()?, r#"abs_u64_u32"#, |x| Signed::abs(x))).eval()?, (abs_u64((rem_u16_u8_u64(1666737292815739111u16, x)).eval()?)).eval()?)).eval()?;
PResult::Ok(test_arb_var { x, tree })
}





## absu64 ((x as u32 %u8 x as u32) as u64)
#![allow(unused_imports)]
#![allow(non_camel_case_types)]
#![allow(non_snake_case)]
#![allow(dead_code)]
#![allow(unsafe_op_in_unsafe_fn)]
#![cfg_attr(rustfmt, rustfmt::skip)]

mod codegen_tests;
pub mod api_helper;

use doodle::prelude::*;
use doodle::try_sub;

/// expected size: 16
/// trait-unready: multiple (2) decoders exist (d#{0, 1})
#[derive(Debug, Copy, Clone)]
pub struct test_arb_var {
x: u8,
tree: u64
}

/// d#0
fn Decoder_test_arb_var(input: &mut Parser<'_>) -> Result<test_arb_var, ParseError> {
Decoder1(input)
}

/// d#1
fn Decoder1(input: &mut Parser<'_>) -> Result<test_arb_var, ParseError> {
let x = input.read_byte()?;
let tree = (abs_u64((cast_u8_u64((eval_fallback<u32, u32, u8>((cast_u8_u32(x)).eval()?, (cast_u8_u32(x)).eval()?, r#"rem_u32_u8"#, |x, y| BigInt::checked_rem(x, y))).eval()?)).eval()?)).eval()?;
PResult::Ok(test_arb_var { x, tree })
}





## ((1636914725u8 %u32 x as u8) *u8 absu32 (x as u32)) %u32 1324746857u8
#![allow(unused_imports)]
#![allow(non_camel_case_types)]
#![allow(non_snake_case)]
#![allow(dead_code)]
#![allow(unsafe_op_in_unsafe_fn)]
#![cfg_attr(rustfmt, rustfmt::skip)]

mod codegen_tests;
pub mod api_helper;

use doodle::prelude::*;
use doodle::try_sub;

/// expected size: 8
/// trait-unready: multiple (2) decoders exist (d#{0, 1})
#[derive(Debug, Copy, Clone)]
pub struct test_arb_var {
x: u8,
tree: u32
}

/// d#0
fn Decoder_test_arb_var(input: &mut Parser<'_>) -> Result<test_arb_var, ParseError> {
Decoder1(input)
}

/// d#1
fn Decoder1(input: &mut Parser<'_>) -> Result<test_arb_var, ParseError> {
let x = input.read_byte()?;
let tree = (rem_u8_u32((eval_fallback<u32, u32, u8>((rem_u8_u32(1636914725u8, x)).eval()?, (abs_u32((cast_u8_u32(x)).eval()?)).eval()?, r#"mul_u32_u8"#, |x, y| BigInt::checked_mul(x, y))).eval()?, 1324746857u8)).eval()?;
PResult::Ok(test_arb_var { x, tree })
}





## --u16 x as u8 as u16
#![allow(unused_imports)]
#![allow(non_camel_case_types)]
#![allow(non_snake_case)]
#![allow(dead_code)]
#![allow(unsafe_op_in_unsafe_fn)]
#![cfg_attr(rustfmt, rustfmt::skip)]

mod codegen_tests;
pub mod api_helper;

use doodle::prelude::*;
use doodle::try_sub;

/// expected size: 4
/// trait-unready: multiple (2) decoders exist (d#{0, 1})
#[derive(Debug, Copy, Clone)]
pub struct test_arb_var {
x: u8,
tree: u16
}

/// d#0
fn Decoder_test_arb_var(input: &mut Parser<'_>) -> Result<test_arb_var, ParseError> {
Decoder1(input)
}

/// d#1
fn Decoder1(input: &mut Parser<'_>) -> Result<test_arb_var, ParseError> {
let x = input.read_byte()?;
let tree = (pred_u16((cast_u8_u16(x)).eval()?)).eval()?;
PResult::Ok(test_arb_var { x, tree })
}





## ++u8 (++u8 x) *u8 238u8
#![allow(unused_imports)]
#![allow(non_camel_case_types)]
#![allow(non_snake_case)]
#![allow(dead_code)]
#![allow(unsafe_op_in_unsafe_fn)]
#![cfg_attr(rustfmt, rustfmt::skip)]

mod codegen_tests;
pub mod api_helper;

use doodle::prelude::*;
use doodle::try_sub;

/// expected size: 2
/// trait-unready: multiple (2) decoders exist (d#{0, 1})
#[derive(Debug, Copy, Clone)]
pub struct test_arb_var {
x: u8,
tree: u8
}

/// d#0
fn Decoder_test_arb_var(input: &mut Parser<'_>) -> Result<test_arb_var, ParseError> {
Decoder1(input)
}

/// d#1
fn Decoder1(input: &mut Parser<'_>) -> Result<test_arb_var, ParseError> {
let x = input.read_byte()?;
let tree = (succ_u8((mul_u8((succ_u8(x)).eval()?, 238u8)).eval()?)).eval()?;
PResult::Ok(test_arb_var { x, tree })
}





## x /u8 (66u8 -u8 221u8) -u8 (++u8 x -u8 absu8 x)
#![allow(unused_imports)]
#![allow(non_camel_case_types)]
#![allow(non_snake_case)]
#![allow(dead_code)]
#![allow(unsafe_op_in_unsafe_fn)]
#![cfg_attr(rustfmt, rustfmt::skip)]

mod codegen_tests;
pub mod api_helper;

use doodle::prelude::*;
use doodle::try_sub;

/// expected size: 2
/// trait-unready: multiple (2) decoders exist (d#{0, 1})
#[derive(Debug, Copy, Clone)]
pub struct test_arb_var {
x: u8,
tree: u8
}

/// d#0
fn Decoder_test_arb_var(input: &mut Parser<'_>) -> Result<test_arb_var, ParseError> {
Decoder1(input)
}

/// d#1
fn Decoder1(input: &mut Parser<'_>) -> Result<test_arb_var, ParseError> {
let x = input.read_byte()?;
let tree = (sub_u8((div_u8(x, (sub_u8(66u8, 221u8)).eval()?)).eval()?, (succ_u8((sub_u8(x, (abs_u8(x)).eval()?)).eval()?)).eval()?)).eval()?;
PResult::Ok(test_arb_var { x, tree })
}





## (x as i8 as i8 -i8 x as u8 /i8 -1945300775i8 %i8 1017984306u8) *i32 (++u16 x as i32) *i32 (-1875737311u16 as i8 %u8 -254219077i16)
#![allow(unused_imports)]
#![allow(non_camel_case_types)]
#![allow(non_snake_case)]
#![allow(dead_code)]
#![allow(unsafe_op_in_unsafe_fn)]
#![cfg_attr(rustfmt, rustfmt::skip)]

mod codegen_tests;
pub mod api_helper;

use doodle::prelude::*;
use doodle::try_sub;

/// expected size: 8
/// trait-unready: multiple (2) decoders exist (d#{0, 1})
#[derive(Debug, Copy, Clone)]
pub struct test_arb_var {
x: u8,
tree: i32
}

/// d#0
fn Decoder_test_arb_var(input: &mut Parser<'_>) -> Result<test_arb_var, ParseError> {
Decoder1(input)
}

/// d#1
fn Decoder1(input: &mut Parser<'_>) -> Result<test_arb_var, ParseError> {
let x = input.read_byte()?;
let tree = (mul_i8_i32_i32((sub_i8((cast_u8_i8(x)).eval()?, (eval_fallback<u8, i8, i8>(x, (eval_fallback<i8, u8, i8>(-1945300775i8, 1017984306u8, r#"rem_i8_u8_i8"#, |x, y| BigInt::checked_rem(x, y))).eval()?, r#"div_u8_i8_i8"#, |x, y| BigInt::checked_div(x, y))).eval()?)).eval()?, (mul_u16_u8_i32((eval_unary_fallback<i32, u16>((cast_u8_i32(x)).eval()?, r#"succ_i32_u16"#, |x| Numeric::succ(x))).eval()?, (eval_fallback<i8, i16, u8>((cast_u16_i8(-1875737311u16)).eval()?, -254219077i16, r#"rem_i8_i16_u8"#, |x, y| BigInt::checked_rem(x, y))).eval()?)).eval()?)).eval()?;
PResult::Ok(test_arb_var { x, tree })
}





## (x +u8 67u8) *u8 x
#![allow(unused_imports)]
#![allow(non_camel_case_types)]
#![allow(non_snake_case)]
#![allow(dead_code)]
#![allow(unsafe_op_in_unsafe_fn)]
#![cfg_attr(rustfmt, rustfmt::skip)]

mod codegen_tests;
pub mod api_helper;

use doodle::prelude::*;
use doodle::try_sub;

/// expected size: 2
/// trait-unready: multiple (2) decoders exist (d#{0, 1})
#[derive(Debug, Copy, Clone)]
pub struct test_arb_var {
x: u8,
tree: u8
}

/// d#0
fn Decoder_test_arb_var(input: &mut Parser<'_>) -> Result<test_arb_var, ParseError> {
Decoder1(input)
}

/// d#1
fn Decoder1(input: &mut Parser<'_>) -> Result<test_arb_var, ParseError> {
let x = input.read_byte()?;
let tree = (mul_u8((add_u8(x, 67u8)).eval()?, x)).eval()?;
PResult::Ok(test_arb_var { x, tree })
}





## ~i8 (x as i8) %i8 x as i8
#![allow(unused_imports)]
#![allow(non_camel_case_types)]
#![allow(non_snake_case)]
#![allow(dead_code)]
#![allow(unsafe_op_in_unsafe_fn)]
#![cfg_attr(rustfmt, rustfmt::skip)]

mod codegen_tests;
pub mod api_helper;

use doodle::prelude::*;
use doodle::try_sub;

/// expected size: 2
/// trait-unready: multiple (2) decoders exist (d#{0, 1})
#[derive(Debug, Copy, Clone)]
pub struct test_arb_var {
x: u8,
tree: i8
}

/// d#0
fn Decoder_test_arb_var(input: &mut Parser<'_>) -> Result<test_arb_var, ParseError> {
Decoder1(input)
}

/// d#1
fn Decoder1(input: &mut Parser<'_>) -> Result<test_arb_var, ParseError> {
let x = input.read_byte()?;
let tree = (rem_i8((neg_i8((cast_u8_i8(x)).eval()?)).eval()?, (cast_u8_i8(x)).eval()?)).eval()?;
PResult::Ok(test_arb_var { x, tree })
}





## (x as u64 *u32 7301639218881654412u16) as u64
#![allow(unused_imports)]
#![allow(non_camel_case_types)]
#![allow(non_snake_case)]
#![allow(dead_code)]
#![allow(unsafe_op_in_unsafe_fn)]
#![cfg_attr(rustfmt, rustfmt::skip)]

mod codegen_tests;
pub mod api_helper;

use doodle::prelude::*;
use doodle::try_sub;

/// expected size: 16
/// trait-unready: multiple (2) decoders exist (d#{0, 1})
#[derive(Debug, Copy, Clone)]
pub struct test_arb_var {
x: u8,
tree: u64
}

/// d#0
fn Decoder_test_arb_var(input: &mut Parser<'_>) -> Result<test_arb_var, ParseError> {
Decoder1(input)
}

/// d#1
fn Decoder1(input: &mut Parser<'_>) -> Result<test_arb_var, ParseError> {
let x = input.read_byte()?;
let tree = (cast_u32_u64((eval_fallback<u64, u16, u32>((cast_u8_u64(x)).eval()?, 7301639218881654412u16, r#"mul_u64_u16_u32"#, |x, y| BigInt::checked_mul(x, y))).eval()?)).eval()?;
PResult::Ok(test_arb_var { x, tree })
}





## (--u8 x) -u8 absu8 (--u8 x) -u8 (++u8 x)
#![allow(unused_imports)]
#![allow(non_camel_case_types)]
#![allow(non_snake_case)]
#![allow(dead_code)]
#![allow(unsafe_op_in_unsafe_fn)]
#![cfg_attr(rustfmt, rustfmt::skip)]

mod codegen_tests;
pub mod api_helper;

use doodle::prelude::*;
use doodle::try_sub;

/// expected size: 2
/// trait-unready: multiple (2) decoders exist (d#{0, 1})
#[derive(Debug, Copy, Clone)]
pub struct test_arb_var {
x: u8,
tree: u8
}

/// d#0
fn Decoder_test_arb_var(input: &mut Parser<'_>) -> Result<test_arb_var, ParseError> {
Decoder1(input)
}

/// d#1
fn Decoder1(input: &mut Parser<'_>) -> Result<test_arb_var, ParseError> {
let x = input.read_byte()?;
let tree = (sub_u8((pred_u8(x)).eval()?, (sub_u8((abs_u8((pred_u8(x)).eval()?)).eval()?, (succ_u8(x)).eval()?)).eval()?)).eval()?;
PResult::Ok(test_arb_var { x, tree })
}





## (x as i8 as u8 +i8 (++u8 ~i16 (x as i16))) *i16 (-26085u8 +i16 x as i16)
#![allow(unused_imports)]
#![allow(non_camel_case_types)]
#![allow(non_snake_case)]
#![allow(dead_code)]
#![allow(unsafe_op_in_unsafe_fn)]
#![cfg_attr(rustfmt, rustfmt::skip)]

mod codegen_tests;
pub mod api_helper;

use doodle::prelude::*;
use doodle::try_sub;

/// expected size: 4
/// trait-unready: multiple (2) decoders exist (d#{0, 1})
#[derive(Debug, Copy, Clone)]
pub struct test_arb_var {
x: u8,
tree: i16
}

/// d#0
fn Decoder_test_arb_var(input: &mut Parser<'_>) -> Result<test_arb_var, ParseError> {
Decoder1(input)
}

/// d#1
fn Decoder1(input: &mut Parser<'_>) -> Result<test_arb_var, ParseError> {
let x = input.read_byte()?;
let tree = (mul_i8_i16_i16((eval_fallback<u8, u8, i8>((cast_i8_u8((cast_u8_i8(x)).eval()?)).eval()?, (eval_unary_fallback<i16, u8>((neg_i16((cast_u8_i16(x)).eval()?)).eval()?, r#"succ_i16_u8"#, |x| Numeric::succ(x))).eval()?, r#"add_u8_i8"#, |x, y| BigInt::checked_add(x, y))).eval()?, (add_u8_i16_i16(-26085u8, (cast_u8_i16(x)).eval()?)).eval()?)).eval()?;
PResult::Ok(test_arb_var { x, tree })
}





## 5992u8 as u8 +u8 absu8 (x as u16) +u16 17590u16 %u16 x as u8 %u8 (x as u16 *u16 9431u8 -u16 absu16 21512u16)
#![allow(unused_imports)]
#![allow(non_camel_case_types)]
#![allow(non_snake_case)]
#![allow(dead_code)]
#![allow(unsafe_op_in_unsafe_fn)]
#![cfg_attr(rustfmt, rustfmt::skip)]

mod codegen_tests;
pub mod api_helper;

use doodle::prelude::*;
use doodle::try_sub;

/// expected size: 4
/// trait-unready: multiple (2) decoders exist (d#{0, 1})
#[derive(Debug, Copy, Clone)]
pub struct test_arb_var {
x: u8,
tree: u16
}

/// d#0
fn Decoder_test_arb_var(input: &mut Parser<'_>) -> Result<test_arb_var, ParseError> {
Decoder1(input)
}

/// d#1
fn Decoder1(input: &mut Parser<'_>) -> Result<test_arb_var, ParseError> {
let x = input.read_byte()?;
let tree = (add_u8_u16((add_u8(5992u8, (eval_unary_fallback<u16, u8>((cast_u8_u16(x)).eval()?, r#"abs_u16_u8"#, |x| Signed::abs(x))).eval()?)).eval()?, (eval_fallback<u16, u16, u8>((rem_u16_u8_u16(17590u16, x)).eval()?, (sub_u16((mul_u16_u8_u16((cast_u8_u16(x)).eval()?, 9431u8)).eval()?, (abs_u16(21512u16)).eval()?)).eval()?, r#"rem_u16_u8"#, |x, y| BigInt::checked_rem(x, y))).eval()?)).eval()?;
PResult::Ok(test_arb_var { x, tree })
}





## x as u32 /u8 873715249u8 as u16 -u32 absu32 3509340156u32
#![allow(unused_imports)]
#![allow(non_camel_case_types)]
#![allow(non_snake_case)]
#![allow(dead_code)]
#![allow(unsafe_op_in_unsafe_fn)]
#![cfg_attr(rustfmt, rustfmt::skip)]

mod codegen_tests;
pub mod api_helper;

use doodle::prelude::*;
use doodle::try_sub;

/// expected size: 8
/// trait-unready: multiple (2) decoders exist (d#{0, 1})
#[derive(Debug, Copy, Clone)]
pub struct test_arb_var {
x: u8,
tree: u32
}

/// d#0
fn Decoder_test_arb_var(input: &mut Parser<'_>) -> Result<test_arb_var, ParseError> {
Decoder1(input)
}

/// d#1
fn Decoder1(input: &mut Parser<'_>) -> Result<test_arb_var, ParseError> {
let x = input.read_byte()?;
let tree = (sub_u8_u32_u32((eval_fallback<u32, u16, u8>((cast_u8_u32(x)).eval()?, (cast_u8_u16(873715249u8)).eval()?, r#"div_u32_u16_u8"#, |x, y| BigInt::checked_div(x, y))).eval()?, (abs_u32(3509340156u32)).eval()?)).eval()?;
PResult::Ok(test_arb_var { x, tree })
}





## (x as u8 as u16 +u8 absu16 16226u16) as u16
#![allow(unused_imports)]
#![allow(non_camel_case_types)]
#![allow(non_snake_case)]
#![allow(dead_code)]
#![allow(unsafe_op_in_unsafe_fn)]
#![cfg_attr(rustfmt, rustfmt::skip)]

mod codegen_tests;
pub mod api_helper;

use doodle::prelude::*;
use doodle::try_sub;

/// expected size: 4
/// trait-unready: multiple (2) decoders exist (d#{0, 1})
#[derive(Debug, Copy, Clone)]
pub struct test_arb_var {
x: u8,
tree: u16
}

/// d#0
fn Decoder_test_arb_var(input: &mut Parser<'_>) -> Result<test_arb_var, ParseError> {
Decoder1(input)
}

/// d#1
fn Decoder1(input: &mut Parser<'_>) -> Result<test_arb_var, ParseError> {
let x = input.read_byte()?;
let tree = (cast_u8_u16((eval_fallback<u16, u16, u8>((cast_u8_u16(x)).eval()?, (abs_u16(16226u16)).eval()?, r#"add_u16_u8"#, |x, y| BigInt::checked_add(x, y))).eval()?)).eval()?;
PResult::Ok(test_arb_var { x, tree })
}





## absi16 ((989i8 as i8 %i8 x as u8) as i16)
#![allow(unused_imports)]
#![allow(non_camel_case_types)]
#![allow(non_snake_case)]
#![allow(dead_code)]
#![allow(unsafe_op_in_unsafe_fn)]
#![cfg_attr(rustfmt, rustfmt::skip)]

mod codegen_tests;
pub mod api_helper;

use doodle::prelude::*;
use doodle::try_sub;

/// expected size: 4
/// trait-unready: multiple (2) decoders exist (d#{0, 1})
#[derive(Debug, Copy, Clone)]
pub struct test_arb_var {
x: u8,
tree: i16
}

/// d#0
fn Decoder_test_arb_var(input: &mut Parser<'_>) -> Result<test_arb_var, ParseError> {
Decoder1(input)
}

/// d#1
fn Decoder1(input: &mut Parser<'_>) -> Result<test_arb_var, ParseError> {
let x = input.read_byte()?;
let tree = (abs_i16((cast_i8_i16((eval_fallback<i8, u8, i8>(989i8, x, r#"rem_i8_u8_i8"#, |x, y| BigInt::checked_rem(x, y))).eval()?)).eval()?)).eval()?;
PResult::Ok(test_arb_var { x, tree })
}





## ++i64 absi16 (x as u16 as i64) /i64 -2115888669669995078i32 as i16
#![allow(unused_imports)]
#![allow(non_camel_case_types)]
#![allow(non_snake_case)]
#![allow(dead_code)]
#![allow(unsafe_op_in_unsafe_fn)]
#![cfg_attr(rustfmt, rustfmt::skip)]

mod codegen_tests;
pub mod api_helper;

use doodle::prelude::*;
use doodle::try_sub;

/// expected size: 16
/// trait-unready: multiple (2) decoders exist (d#{0, 1})
#[derive(Debug, Copy, Clone)]
pub struct test_arb_var {
x: u8,
tree: i64
}

/// d#0
fn Decoder_test_arb_var(input: &mut Parser<'_>) -> Result<test_arb_var, ParseError> {
Decoder1(input)
}

/// d#1
fn Decoder1(input: &mut Parser<'_>) -> Result<test_arb_var, ParseError> {
let x = input.read_byte()?;
let tree = (succ_i64((div_i16_i64((eval_unary_fallback<i64, i16>((cast_u16_i64((cast_u8_u16(x)).eval()?)).eval()?, r#"abs_i64_i16"#, |x| Signed::abs(x))).eval()?, (cast_i32_i16(-2115888669669995078i32)).eval()?)).eval()?)).eval()?;
PResult::Ok(test_arb_var { x, tree })
}





## absu32 (x as u32 *u16 1676869290u16 +u32 x as u16) -u32 3960847797u8 as u8 /u16 1918804196u32 /u16 1309984679u8
#![allow(unused_imports)]
#![allow(non_camel_case_types)]
#![allow(non_snake_case)]
#![allow(dead_code)]
#![allow(unsafe_op_in_unsafe_fn)]
#![cfg_attr(rustfmt, rustfmt::skip)]

mod codegen_tests;
pub mod api_helper;

use doodle::prelude::*;
use doodle::try_sub;

/// expected size: 8
/// trait-unready: multiple (2) decoders exist (d#{0, 1})
#[derive(Debug, Copy, Clone)]
pub struct test_arb_var {
x: u8,
tree: u32
}

/// d#0
fn Decoder_test_arb_var(input: &mut Parser<'_>) -> Result<test_arb_var, ParseError> {
Decoder1(input)
}

/// d#1
fn Decoder1(input: &mut Parser<'_>) -> Result<test_arb_var, ParseError> {
let x = input.read_byte()?;
let tree = (sub_u32_u16_u32((abs_u32((add_u16_u32((eval_fallback<u32, u16, u16>((cast_u8_u32(x)).eval()?, 1676869290u16, r#"mul_u32_u16_u16"#, |x, y| BigInt::checked_mul(x, y))).eval()?, (cast_u8_u16(x)).eval()?)).eval()?)).eval()?, (div_u8_u16_u16(3960847797u8, (eval_fallback<u32, u8, u16>(1918804196u32, 1309984679u8, r#"div_u32_u8_u16"#, |x, y| BigInt::checked_div(x, y))).eval()?)).eval()?)).eval()?;
PResult::Ok(test_arb_var { x, tree })
}





## (2557407631919084845u32 %u8 x as u64) as u16 as u64
#![allow(unused_imports)]
#![allow(non_camel_case_types)]
#![allow(non_snake_case)]
#![allow(dead_code)]
#![allow(unsafe_op_in_unsafe_fn)]
#![cfg_attr(rustfmt, rustfmt::skip)]

mod codegen_tests;
pub mod api_helper;

use doodle::prelude::*;
use doodle::try_sub;

/// expected size: 16
/// trait-unready: multiple (2) decoders exist (d#{0, 1})
#[derive(Debug, Copy, Clone)]
pub struct test_arb_var {
x: u8,
tree: u64
}

/// d#0
fn Decoder_test_arb_var(input: &mut Parser<'_>) -> Result<test_arb_var, ParseError> {
Decoder1(input)
}

/// d#1
fn Decoder1(input: &mut Parser<'_>) -> Result<test_arb_var, ParseError> {
let x = input.read_byte()?;
let tree = (cast_u16_u64((cast_u8_u16((eval_fallback<u32, u64, u8>(2557407631919084845u32, (cast_u8_u64(x)).eval()?, r#"rem_u32_u64_u8"#, |x, y| BigInt::checked_rem(x, y))).eval()?)).eval()?)).eval()?;
PResult::Ok(test_arb_var { x, tree })
}





## absu32 (x as u16 *u32 2730512620u8 -u32 3183821737u16 as u8)
#![allow(unused_imports)]
#![allow(non_camel_case_types)]
#![allow(non_snake_case)]
#![allow(dead_code)]
#![allow(unsafe_op_in_unsafe_fn)]
#![cfg_attr(rustfmt, rustfmt::skip)]

mod codegen_tests;
pub mod api_helper;

use doodle::prelude::*;
use doodle::try_sub;

/// expected size: 8
/// trait-unready: multiple (2) decoders exist (d#{0, 1})
#[derive(Debug, Copy, Clone)]
pub struct test_arb_var {
x: u8,
tree: u32
}

/// d#0
fn Decoder_test_arb_var(input: &mut Parser<'_>) -> Result<test_arb_var, ParseError> {
Decoder1(input)
}

/// d#1
fn Decoder1(input: &mut Parser<'_>) -> Result<test_arb_var, ParseError> {
let x = input.read_byte()?;
let tree = (abs_u32((sub_u32_u8_u32((mul_u16_u8_u32((cast_u8_u16(x)).eval()?, 2730512620u8)).eval()?, (cast_u16_u8(3183821737u16)).eval()?)).eval()?)).eval()?;
PResult::Ok(test_arb_var { x, tree })
}





## absu8 18224u16 /u16 (--u16 x as u16)
#![allow(unused_imports)]
#![allow(non_camel_case_types)]
#![allow(non_snake_case)]
#![allow(dead_code)]
#![allow(unsafe_op_in_unsafe_fn)]
#![cfg_attr(rustfmt, rustfmt::skip)]

mod codegen_tests;
pub mod api_helper;

use doodle::prelude::*;
use doodle::try_sub;

/// expected size: 4
/// trait-unready: multiple (2) decoders exist (d#{0, 1})
#[derive(Debug, Copy, Clone)]
pub struct test_arb_var {
x: u8,
tree: u16
}

/// d#0
fn Decoder_test_arb_var(input: &mut Parser<'_>) -> Result<test_arb_var, ParseError> {
Decoder1(input)
}

/// d#1
fn Decoder1(input: &mut Parser<'_>) -> Result<test_arb_var, ParseError> {
let x = input.read_byte()?;
let tree = (div_u8_u16_u16((eval_unary_fallback<u16, u8>(18224u16, r#"abs_u16_u8"#, |x| Signed::abs(x))).eval()?, (pred_u16((cast_u8_u16(x)).eval()?)).eval()?)).eval()?;
PResult::Ok(test_arb_var { x, tree })
}





## x as u16 as i32 -i64 4374123441639216747u8 as u16 as u16 as u32
#![allow(unused_imports)]
#![allow(non_camel_case_types)]
#![allow(non_snake_case)]
#![allow(dead_code)]
#![allow(unsafe_op_in_unsafe_fn)]
#![cfg_attr(rustfmt, rustfmt::skip)]

mod codegen_tests;
pub mod api_helper;

use doodle::prelude::*;
use doodle::try_sub;

/// expected size: 16
/// trait-unready: multiple (2) decoders exist (d#{0, 1})
#[derive(Debug, Copy, Clone)]
pub struct test_arb_var {
x: u8,
tree: i64
}

/// d#0
fn Decoder_test_arb_var(input: &mut Parser<'_>) -> Result<test_arb_var, ParseError> {
Decoder1(input)
}

/// d#1
fn Decoder1(input: &mut Parser<'_>) -> Result<test_arb_var, ParseError> {
let x = input.read_byte()?;
let tree = (sub_i32_u32_i64((cast_u16_i32((cast_u8_u16(x)).eval()?)).eval()?, (cast_u16_u32((cast_u8_u16(4374123441639216747u8)).eval()?)).eval()?)).eval()?;
PResult::Ok(test_arb_var { x, tree })
}





## 44227u8 +u16 x as u16
#![allow(unused_imports)]
#![allow(non_camel_case_types)]
#![allow(non_snake_case)]
#![allow(dead_code)]
#![allow(unsafe_op_in_unsafe_fn)]
#![cfg_attr(rustfmt, rustfmt::skip)]

mod codegen_tests;
pub mod api_helper;

use doodle::prelude::*;
use doodle::try_sub;

/// expected size: 4
/// trait-unready: multiple (2) decoders exist (d#{0, 1})
#[derive(Debug, Copy, Clone)]
pub struct test_arb_var {
x: u8,
tree: u16
}

/// d#0
fn Decoder_test_arb_var(input: &mut Parser<'_>) -> Result<test_arb_var, ParseError> {
Decoder1(input)
}

/// d#1
fn Decoder1(input: &mut Parser<'_>) -> Result<test_arb_var, ParseError> {
let x = input.read_byte()?;
let tree = (add_u8_u16_u16(44227u8, (cast_u8_u16(x)).eval()?)).eval()?;
PResult::Ok(test_arb_var { x, tree })
}





## absu8 ((++u8 x) *u8 (x -u8 x))
#![allow(unused_imports)]
#![allow(non_camel_case_types)]
#![allow(non_snake_case)]
#![allow(dead_code)]
#![allow(unsafe_op_in_unsafe_fn)]
#![cfg_attr(rustfmt, rustfmt::skip)]

mod codegen_tests;
pub mod api_helper;

use doodle::prelude::*;
use doodle::try_sub;

/// expected size: 2
/// trait-unready: multiple (2) decoders exist (d#{0, 1})
#[derive(Debug, Copy, Clone)]
pub struct test_arb_var {
x: u8,
tree: u8
}

/// d#0
fn Decoder_test_arb_var(input: &mut Parser<'_>) -> Result<test_arb_var, ParseError> {
Decoder1(input)
}

/// d#1
fn Decoder1(input: &mut Parser<'_>) -> Result<test_arb_var, ParseError> {
let x = input.read_byte()?;
let tree = (abs_u8((mul_u8((succ_u8(x)).eval()?, (sub_u8(x, x)).eval()?)).eval()?)).eval()?;
PResult::Ok(test_arb_var { x, tree })
}





## (1165627004894480519u16 as u16 +i16 x as i8) as u16 -i64 ~u16 ((-4060891483770837932i8 -u32 x as u16) as i64)
#![allow(unused_imports)]
#![allow(non_camel_case_types)]
#![allow(non_snake_case)]
#![allow(dead_code)]
#![allow(unsafe_op_in_unsafe_fn)]
#![cfg_attr(rustfmt, rustfmt::skip)]

mod codegen_tests;
pub mod api_helper;

use doodle::prelude::*;
use doodle::try_sub;

/// expected size: 16
/// trait-unready: multiple (2) decoders exist (d#{0, 1})
#[derive(Debug, Copy, Clone)]
pub struct test_arb_var {
x: u8,
tree: i64
}

/// d#0
fn Decoder_test_arb_var(input: &mut Parser<'_>) -> Result<test_arb_var, ParseError> {
Decoder1(input)
}

/// d#1
fn Decoder1(input: &mut Parser<'_>) -> Result<test_arb_var, ParseError> {
let x = input.read_byte()?;
let tree = (sub_u16_i64((cast_i16_u16((eval_fallback<u16, i8, i16>(1165627004894480519u16, (cast_u8_i8(x)).eval()?, r#"add_u16_i8_i16"#, |x, y| BigInt::checked_add(x, y))).eval()?)).eval()?, (eval_unary_fallback<i64, u16>((cast_u32_i64((eval_fallback<i8, u16, u32>(-4060891483770837932i8, (cast_u8_u16(x)).eval()?, r#"sub_i8_u16_u32"#, |x, y| BigInt::checked_sub(x, y))).eval()?)).eval()?, r#"neg_i64_u16"#, |x| Neg::neg(x))).eval()?)).eval()?;
PResult::Ok(test_arb_var { x, tree })
}





## x as i8 *i16 x as u8 as i8 as i16
#![allow(unused_imports)]
#![allow(non_camel_case_types)]
#![allow(non_snake_case)]
#![allow(dead_code)]
#![allow(unsafe_op_in_unsafe_fn)]
#![cfg_attr(rustfmt, rustfmt::skip)]

mod codegen_tests;
pub mod api_helper;

use doodle::prelude::*;
use doodle::try_sub;

/// expected size: 4
/// trait-unready: multiple (2) decoders exist (d#{0, 1})
#[derive(Debug, Copy, Clone)]
pub struct test_arb_var {
x: u8,
tree: i16
}

/// d#0
fn Decoder_test_arb_var(input: &mut Parser<'_>) -> Result<test_arb_var, ParseError> {
Decoder1(input)
}

/// d#1
fn Decoder1(input: &mut Parser<'_>) -> Result<test_arb_var, ParseError> {
let x = input.read_byte()?;
let tree = (mul_i8_i16_i16((cast_u8_i8(x)).eval()?, (cast_i8_i16((cast_u8_i8(x)).eval()?)).eval()?)).eval()?;
PResult::Ok(test_arb_var { x, tree })
}





## (x as i32 /u32 -8560828093489375365i32 /u16 7543694099515462492i32 %u8 (-2571743216906884683i16 +u8 4846934422775938810i16)) as i64
#![allow(unused_imports)]
#![allow(non_camel_case_types)]
#![allow(non_snake_case)]
#![allow(dead_code)]
#![allow(unsafe_op_in_unsafe_fn)]
#![cfg_attr(rustfmt, rustfmt::skip)]

mod codegen_tests;
pub mod api_helper;

use doodle::prelude::*;
use doodle::try_sub;

/// expected size: 16
/// trait-unready: multiple (2) decoders exist (d#{0, 1})
#[derive(Debug, Copy, Clone)]
pub struct test_arb_var {
x: u8,
tree: i64
}

/// d#0
fn Decoder_test_arb_var(input: &mut Parser<'_>) -> Result<test_arb_var, ParseError> {
Decoder1(input)
}

/// d#1
fn Decoder1(input: &mut Parser<'_>) -> Result<test_arb_var, ParseError> {
let x = input.read_byte()?;
let tree = (cast_u16_i64((eval_fallback<u32, u8, u16>((eval_fallback<i32, i32, u32>((cast_u8_i32(x)).eval()?, -8560828093489375365i32, r#"div_i32_u32"#, |x, y| BigInt::checked_div(x, y))).eval()?, (eval_fallback<i32, u8, u8>(7543694099515462492i32, (eval_fallback<i16, i16, u8>(-2571743216906884683i16, 4846934422775938810i16, r#"add_i16_u8"#, |x, y| BigInt::checked_add(x, y))).eval()?, r#"rem_i32_u8_u8"#, |x, y| BigInt::checked_rem(x, y))).eval()?, r#"div_u32_u8_u16"#, |x, y| BigInt::checked_div(x, y))).eval()?)).eval()?;
PResult::Ok(test_arb_var { x, tree })
}





## ~u16 (9102374907475124660u16 *i64 absi64 (x as u32 -i64 2559772245567803490u32)) -i64 (++i8 1727885536873360768i8 *i64 x as i16)
#![allow(unused_imports)]
#![allow(non_camel_case_types)]
#![allow(non_snake_case)]
#![allow(dead_code)]
#![allow(unsafe_op_in_unsafe_fn)]
#![cfg_attr(rustfmt, rustfmt::skip)]

mod codegen_tests;
pub mod api_helper;

use doodle::prelude::*;
use doodle::try_sub;

/// expected size: 16
/// trait-unready: multiple (2) decoders exist (d#{0, 1})
#[derive(Debug, Copy, Clone)]
pub struct test_arb_var {
x: u8,
tree: i64
}

/// d#0
fn Decoder_test_arb_var(input: &mut Parser<'_>) -> Result<test_arb_var, ParseError> {
Decoder1(input)
}

/// d#1
fn Decoder1(input: &mut Parser<'_>) -> Result<test_arb_var, ParseError> {
let x = input.read_byte()?;
let tree = (sub_u16_i8_i64((eval_unary_fallback<i64, u16>((mul_u16_i64_i64(9102374907475124660u16, (abs_i64((sub_u32_i64((cast_u8_u32(x)).eval()?, 2559772245567803490u32)).eval()?)).eval()?)).eval()?, r#"neg_i64_u16"#, |x| Neg::neg(x))).eval()?, (eval_unary_fallback<i64, i8>((mul_i8_i16_i64(1727885536873360768i8, (cast_u8_i16(x)).eval()?)).eval()?, r#"succ_i64_i8"#, |x| Numeric::succ(x))).eval()?)).eval()?;
PResult::Ok(test_arb_var { x, tree })
}





## ~i8 (x as i8)
#![allow(unused_imports)]
#![allow(non_camel_case_types)]
#![allow(non_snake_case)]
#![allow(dead_code)]
#![allow(unsafe_op_in_unsafe_fn)]
#![cfg_attr(rustfmt, rustfmt::skip)]

mod codegen_tests;
pub mod api_helper;

use doodle::prelude::*;
use doodle::try_sub;

/// expected size: 2
/// trait-unready: multiple (2) decoders exist (d#{0, 1})
#[derive(Debug, Copy, Clone)]
pub struct test_arb_var {
x: u8,
tree: i8
}

/// d#0
fn Decoder_test_arb_var(input: &mut Parser<'_>) -> Result<test_arb_var, ParseError> {
Decoder1(input)
}

/// d#1
fn Decoder1(input: &mut Parser<'_>) -> Result<test_arb_var, ParseError> {
let x = input.read_byte()?;
let tree = (neg_i8((cast_u8_i8(x)).eval()?)).eval()?;
PResult::Ok(test_arb_var { x, tree })
}





## ~i32 (x as u16 /i32 -890741492u16)
#![allow(unused_imports)]
#![allow(non_camel_case_types)]
#![allow(non_snake_case)]
#![allow(dead_code)]
#![allow(unsafe_op_in_unsafe_fn)]
#![cfg_attr(rustfmt, rustfmt::skip)]

mod codegen_tests;
pub mod api_helper;

use doodle::prelude::*;
use doodle::try_sub;

/// expected size: 8
/// trait-unready: multiple (2) decoders exist (d#{0, 1})
#[derive(Debug, Copy, Clone)]
pub struct test_arb_var {
x: u8,
tree: i32
}

/// d#0
fn Decoder_test_arb_var(input: &mut Parser<'_>) -> Result<test_arb_var, ParseError> {
Decoder1(input)
}

/// d#1
fn Decoder1(input: &mut Parser<'_>) -> Result<test_arb_var, ParseError> {
let x = input.read_byte()?;
let tree = (neg_i32((div_u16_i32((cast_u8_u16(x)).eval()?, -890741492u16)).eval()?)).eval()?;
PResult::Ok(test_arb_var { x, tree })
}





## 31i8 %i8 x as i8
#![allow(unused_imports)]
#![allow(non_camel_case_types)]
#![allow(non_snake_case)]
#![allow(dead_code)]
#![allow(unsafe_op_in_unsafe_fn)]
#![cfg_attr(rustfmt, rustfmt::skip)]

mod codegen_tests;
pub mod api_helper;

use doodle::prelude::*;
use doodle::try_sub;

/// expected size: 2
/// trait-unready: multiple (2) decoders exist (d#{0, 1})
#[derive(Debug, Copy, Clone)]
pub struct test_arb_var {
x: u8,
tree: i8
}

/// d#0
fn Decoder_test_arb_var(input: &mut Parser<'_>) -> Result<test_arb_var, ParseError> {
Decoder1(input)
}

/// d#1
fn Decoder1(input: &mut Parser<'_>) -> Result<test_arb_var, ParseError> {
let x = input.read_byte()?;
let tree = (rem_i8(31i8, (cast_u8_i8(x)).eval()?)).eval()?;
PResult::Ok(test_arb_var { x, tree })
}





## --i16 absi16 ~i16 (x as i16)
#![allow(unused_imports)]
#![allow(non_camel_case_types)]
#![allow(non_snake_case)]
#![allow(dead_code)]
#![allow(unsafe_op_in_unsafe_fn)]
#![cfg_attr(rustfmt, rustfmt::skip)]

mod codegen_tests;
pub mod api_helper;

use doodle::prelude::*;
use doodle::try_sub;

/// expected size: 4
/// trait-unready: multiple (2) decoders exist (d#{0, 1})
#[derive(Debug, Copy, Clone)]
pub struct test_arb_var {
x: u8,
tree: i16
}

/// d#0
fn Decoder_test_arb_var(input: &mut Parser<'_>) -> Result<test_arb_var, ParseError> {
Decoder1(input)
}

/// d#1
fn Decoder1(input: &mut Parser<'_>) -> Result<test_arb_var, ParseError> {
let x = input.read_byte()?;
let tree = (pred_i16((abs_i16((neg_i16((cast_u8_i16(x)).eval()?)).eval()?)).eval()?)).eval()?;
PResult::Ok(test_arb_var { x, tree })
}





## absi8 (108i8 /i8 absi8 (x as i8)) +i8 45i8
#![allow(unused_imports)]
#![allow(non_camel_case_types)]
#![allow(non_snake_case)]
#![allow(dead_code)]
#![allow(unsafe_op_in_unsafe_fn)]
#![cfg_attr(rustfmt, rustfmt::skip)]

mod codegen_tests;
pub mod api_helper;

use doodle::prelude::*;
use doodle::try_sub;

/// expected size: 2
/// trait-unready: multiple (2) decoders exist (d#{0, 1})
#[derive(Debug, Copy, Clone)]
pub struct test_arb_var {
x: u8,
tree: i8
}

/// d#0
fn Decoder_test_arb_var(input: &mut Parser<'_>) -> Result<test_arb_var, ParseError> {
Decoder1(input)
}

/// d#1
fn Decoder1(input: &mut Parser<'_>) -> Result<test_arb_var, ParseError> {
let x = input.read_byte()?;
let tree = (add_i8((abs_i8((div_i8(108i8, (abs_i8((cast_u8_i8(x)).eval()?)).eval()?)).eval()?)).eval()?, 45i8)).eval()?;
PResult::Ok(test_arb_var { x, tree })
}





## absi8 (x as i8 %i8 x as i8 +i8 x as i8 -i8 -36i8)
#![allow(unused_imports)]
#![allow(non_camel_case_types)]
#![allow(non_snake_case)]
#![allow(dead_code)]
#![allow(unsafe_op_in_unsafe_fn)]
#![cfg_attr(rustfmt, rustfmt::skip)]

mod codegen_tests;
pub mod api_helper;

use doodle::prelude::*;
use doodle::try_sub;

/// expected size: 2
/// trait-unready: multiple (2) decoders exist (d#{0, 1})
#[derive(Debug, Copy, Clone)]
pub struct test_arb_var {
x: u8,
tree: i8
}

/// d#0
fn Decoder_test_arb_var(input: &mut Parser<'_>) -> Result<test_arb_var, ParseError> {
Decoder1(input)
}

/// d#1
fn Decoder1(input: &mut Parser<'_>) -> Result<test_arb_var, ParseError> {
let x = input.read_byte()?;
let tree = (abs_i8((add_i8((rem_i8((cast_u8_i8(x)).eval()?, (cast_u8_i8(x)).eval()?)).eval()?, (sub_i8((cast_u8_i8(x)).eval()?, -36i8)).eval()?)).eval()?)).eval()?;
PResult::Ok(test_arb_var { x, tree })
}





## absi32 ~i32 -991716762i32 %i32 (x as i8 +u16 (x as i8 *i8 x as i16) as i16)
#![allow(unused_imports)]
#![allow(non_camel_case_types)]
#![allow(non_snake_case)]
#![allow(dead_code)]
#![allow(unsafe_op_in_unsafe_fn)]
#![cfg_attr(rustfmt, rustfmt::skip)]

mod codegen_tests;
pub mod api_helper;

use doodle::prelude::*;
use doodle::try_sub;

/// expected size: 8
/// trait-unready: multiple (2) decoders exist (d#{0, 1})
#[derive(Debug, Copy, Clone)]
pub struct test_arb_var {
x: u8,
tree: i32
}

/// d#0
fn Decoder_test_arb_var(input: &mut Parser<'_>) -> Result<test_arb_var, ParseError> {
Decoder1(input)
}

/// d#1
fn Decoder1(input: &mut Parser<'_>) -> Result<test_arb_var, ParseError> {
let x = input.read_byte()?;
let tree = (rem_i32_u16_i32((abs_i32((neg_i32(-991716762i32)).eval()?)).eval()?, (eval_fallback<i8, i16, u16>((cast_u8_i8(x)).eval()?, (cast_i8_i16((eval_fallback<i8, i16, i8>((cast_u8_i8(x)).eval()?, (cast_u8_i16(x)).eval()?, r#"mul_i8_i16_i8"#, |x, y| BigInt::checked_mul(x, y))).eval()?)).eval()?, r#"add_i8_i16_u16"#, |x, y| BigInt::checked_add(x, y))).eval()?)).eval()?;
PResult::Ok(test_arb_var { x, tree })
}





## x as i8 %u8 (x as i32 -i16 x as u8) -i64 -6898985538717498040i64 -u16 x as u16
#![allow(unused_imports)]
#![allow(non_camel_case_types)]
#![allow(non_snake_case)]
#![allow(dead_code)]
#![allow(unsafe_op_in_unsafe_fn)]
#![cfg_attr(rustfmt, rustfmt::skip)]

mod codegen_tests;
pub mod api_helper;

use doodle::prelude::*;
use doodle::try_sub;

/// expected size: 16
/// trait-unready: multiple (2) decoders exist (d#{0, 1})
#[derive(Debug, Copy, Clone)]
pub struct test_arb_var {
x: u8,
tree: i64
}

/// d#0
fn Decoder_test_arb_var(input: &mut Parser<'_>) -> Result<test_arb_var, ParseError> {
Decoder1(input)
}

/// d#1
fn Decoder1(input: &mut Parser<'_>) -> Result<test_arb_var, ParseError> {
let x = input.read_byte()?;
let tree = (sub_u8_u16_i64((eval_fallback<i8, i16, u8>((cast_u8_i8(x)).eval()?, (eval_fallback<i32, u8, i16>((cast_u8_i32(x)).eval()?, x, r#"sub_i32_u8_i16"#, |x, y| BigInt::checked_sub(x, y))).eval()?, r#"rem_i8_i16_u8"#, |x, y| BigInt::checked_rem(x, y))).eval()?, (eval_fallback<i64, u16, u16>(-6898985538717498040i64, (cast_u8_u16(x)).eval()?, r#"sub_i64_u16_u16"#, |x, y| BigInt::checked_sub(x, y))).eval()?)).eval()?;
PResult::Ok(test_arb_var { x, tree })
}





